timeline_time,event_time,event_offset_minutes,timeline_step_minutes,timeline_window_role,core_physics_window_state,temporal_interpolation_method,point_id,direction_offset_deg,distance_km,distance_band,cloud_cover_low_pct,cloud_cover_mid_pct,cloud_cover_high_pct,visibility_m,relative_humidity_2m_pct,precipitation,native_reference_time,native_time_delta_seconds,native_time_match_state,native_reference_solar_altitude_deg,native_cloud_base_km,native_cloud_top_km,native_cloud_thickness_km,native_vertical_completeness,native_liquid_water_path_proxy_gm3_km,native_ice_water_path_proxy_gm3_km,native_low_cloud_geometry_state,coarse_native_low_cloud_relation,diagnostic_role,tau_synthesis_allowed,formation_promotion_allowed,viewing_target_required,native_temporal_interpolation_allowed
2026-09-14 17:00:21.746064+08:00,2026-09-14 18:00:21.746064+08:00,-60,5,PRE_EVENT,PRE_CORE_EVENT_DIAGNOSTIC,OPENMETEO_ROUTE_LINEAR_INTERPOLATION_EXISTING_CONTRACT,-5.0_0000,-5.0,0.0,NEAR_OBSERVER_0_10KM,2.0,1.0060405733333333,0.0,15130.027351733333,85.01208114666667,0.0,,3600.0,NO_NATIVE_SAMPLE_WITHIN_TIME_TOLERANCE,,,,,,,,NATIVE_TIME_SAMPLE_UNAVAILABLE_FOR_TIMELINE,COARSE_LOW_CLOUD_NATIVE_TIME_UNMATCHED,OBSERVER_ENVIRONMENT_TIMELINE_ONLY_NO_PHYSICS_PROMOTION,False,False,False,False
2026-09-14 17:00:21.746064+08:00,2026-09-14 18:00:21.746064+08:00,-60,5,PRE_EVENT,PRE_CORE_EVENT_DIAGNOSTIC,OPENMETEO_ROUTE_LINEAR_INTERPOLATION_EXISTING_CONTRACT,+0.0_0000,0.0,0.0,NEAR_OBSERVER_0_10KM,2.0,1.0060405733333333,0.0,15130.027351733333,85.01208114666667,0.0,,3600.0,NO_NATIVE_SAMPLE_WITHIN_TIME_TOLERANCE,,,,,,,,NATIVE_TIME_SAMPLE_UNAVAILABLE_FOR_TIMELINE,COARSE_LOW_CLOUD_NATIVE_TIME_UNMATCHED,OBSERVER_ENVIRONMENT_TIMELINE_ONLY_NO_PHYSICS_PROMOTION,False,False,False,False
2026-09-14 17:00:21.746064+08:00,2026-09-14 18:00:21.746064+08:00,-60,5,PRE_EVENT,PRE_CORE_EVENT_DIAGNOSTIC,OPENMETEO_ROUTE_LINEAR_INTERPOLATION_EXISTING_CONTRACT,+5.0_0000,5.0,0.0,NEAR_OBSERVER_0_10KM,2.0,1.0060405733333333,0.0,15130.027351733333,85.01208114666667,0.0,,3600.0,NO_NATIVE_SAMPLE_WITHIN_TIME_TOLERANCE,,,,,,,,NATIVE_TIME_SAMPLE_UNAVAILABLE_FOR_TIMELINE,COARSE_LOW_CLOUD_NATIVE_TIME_UNMATCHED,OBSERVER_ENVIRONMENT_TIMELINE_ONLY_NO_PHYSICS_PROMOTION,False,False,False,False
2026-09-14 17:00:21.746064+08:00,2026-09-14 18:00:21.746064+08:00,-60,5,PRE_EVENT,PRE_CORE_EVENT_DIAGNOSTIC,OPENMETEO_ROUTE_LINEAR_INTERPOLATION_EXISTING_CONTRACT,-5.0_0005,-5.0,5.0,NEAR_OBSERVER_0_10KM,2.0,1.0060405733333333,0.0,15130.027351733333,85.01208114666667,0.0,,3600.0,NO_NATIVE_SAMPLE_WITHIN_TIME_TOLERANCE,,,,,,,,NATIVE_TIME_SAMPLE_UNAVAILABLE_FOR_TIMELINE,COARSE_LOW_CLOUD_NATIVE_TIME_UNMATCHED,OBSERVER_ENVIRONMENT_TIMELINE_ONLY_NO_PHYSICS_PROMOTION,False,False,False,False
2026-09-14 17:00:21.746064+08:00,2026-09-14 18:00:21.746064+08:00,-60,5,PRE_EVENT,PRE_CORE_EVENT_DIAGNOSTIC,OPENMETEO_ROUTE_LINEAR_INTERPOLATION_EXISTING_CONTRACT,-5.0_0010,-5.0,10.0,NEAR_OBSERVER_0_10KM,1.0,1.0060405733333333,0.0,16973.0476384,82.01812172,0.0,,3600.0,NO_NATIVE_SAMPLE_WITHIN_TIME_TOLERANCE,,,,,,,,NATIVE_TIME_SAMPLE_UNAVAILABLE_FOR_TIMELINE,COARSE_LOW_CLOUD_NATIVE_TIME_UNMATCHED,OBSERVER_ENVIRONMENT_TIMELINE_ONLY_NO_PHYSICS_PROMOTION,False,False,False,False
2026-09-14 17:00:21.746064+08:00,2026-09-14 18:00:21.746064+08:00,-60,5,PRE_EVENT,PRE_CORE_EVENT_DIAGNOSTIC,OPENMETEO_ROUTE_LINEAR_INTERPOLATION_EXISTING_CONTRACT,-5.0_0015,-5.0,15.0,PRIMARY_GT10_40KM,1.0,1.0060405733333333,0.0,16973.0476384,82.01812172,0.0,,3600.0,NO_NATIVE_SAMPLE_WITHIN_TIME_TOLERANCE,,,,,,,,NATIVE_TIME_SAMPLE_UNAVAILABLE_FOR_TIMELINE,COARSE_LOW_CLOUD_NATIVE_TIME_UNMATCHED,OBSERVER_ENVIRONMENT_TIMELINE_ONLY_NO_PHYSICS_PROMOTION,False,False,False,False
2026-09-14 17:00:21.746064+08:00,2026-09-14 18:00:21.746064+08:00,-60,5,PRE_EVENT,PRE_CORE_EVENT_DIAGNOSTIC,OPENMETEO_ROUTE_LINEAR_INTERPOLATION_EXISTING_CONTRACT,-5.0_0020,-5.0,20.0,PRIMARY_GT10_40KM,1.0060405733333333,1.9879188533333334,0.0,16240.120811466666,90.99395942666666,0.0,,3600.0,NO_NATIVE_SAMPLE_WITHIN_TIME_TOLERANCE,,,,,,,,NATIVE_TIME_SAMPLE_UNAVAILABLE_FOR_TIMELINE,COARSE_LOW_CLOUD_NATIVE_TIME_UNMATCHED,OBSERVER_ENVIRONMENT_TIMELINE_ONLY_NO_PHYSICS_PROMOTION,False,False,False,False
2026-09-14 17:00:21.746064+08:00,2026-09-14 18:00:21.746064+08:00,-60,5,PRE_EVENT,PRE_CORE_EVENT_DIAGNOSTIC,OPENMETEO_ROUTE_LINEAR_INTERPOLATION_EXISTING_CONTRACT,-5.0_0025,-5.0,25.0,PRIMARY_GT10_40KM,4.006040573333333,1.9939594266666667,0.0,16139.758377066666,88.99395942666666,0.0,,3600.0,NO_NATIVE_SAMPLE_WITHIN_TIME_TOLERANCE,,,,,,,,NATIVE_TIME_SAMPLE_UNAVAILABLE_FOR_TIMELINE,COARSE_LOW_CLOUD_NATIVE_TIME_UNMATCHED,OBSERVER_ENVIRONMENT_TIMELINE_ONLY_NO_PHYSICS_PROMOTION,False,False,False,False
2026-09-14 17:00:21.746064+08:00,2026-09-14 18:00:21.746064+08:00,-60,5,PRE_EVENT,PRE_CORE_EVENT_DIAGNOSTIC,OPENMETEO_ROUTE_LINEAR_INTERPOLATION_EXISTING_CONTRACT,-5.0_0030,-5.0,30.0,PRIMARY_GT10_40KM,4.006040573333333,1.9939594266666667,0.0,16139.758377066666,88.99395942666666,0.0,,3600.0,NO_NATIVE_SAMPLE_WITHIN_TIME_TOLERANCE,,,,,,,,NATIVE_TIME_SAMPLE_UNAVAILABLE_FOR_TIMELINE,COARSE_LOW_CLOUD_NATIVE_TIME_UNMATCHED,OBSERVER_ENVIRONMENT_TIMELINE_ONLY_NO_PHYSICS_PROMOTION,False,False,False,False
2026-09-14 17:00:21.746064+08:00,2026-09-14 18:00:21.746064+08:00,-60,5,PRE_EVENT,PRE_CORE_EVENT_DIAGNOSTIC,OPENMETEO_ROUTE_LINEAR_INTERPOLATION_EXISTING_CONTRACT,-5.0_0035,-5.0,35.0,PRIMARY_GT10_40KM,2.05436516,1.0,0.0,15700.966491733334,87.00604057333334,0.0,,3600.0,NO_NATIVE_SAMPLE_WITHIN_TIME_TOLERANCE,,,,,,,,NATIVE_TIME_SAMPLE_UNAVAILABLE_FOR_TIMELINE,COARSE_LOW_CLOUD_NATIVE_TIME_UNMATCHED,OBSERVER_ENVIRONMENT_TIMELINE_ONLY_NO_PHYSICS_PROMOTION,False,False,False,False
2026-09-14 17:00:21.746064+08:00,2026-09-14 18:00:21.746064+08:00,-60,5,PRE_EVENT,PRE_CORE_EVENT_DIAGNOSTIC,OPENMETEO_ROUTE_LINEAR_INTERPOLATION_EXISTING_CONTRACT,-5.0_0040,-5.0,40.0,PRIMARY_GT10_40KM,2.05436516,1.0,0.0,15700.966491733334,87.00604057333334,0.0,,3600.0,NO_NATIVE_SAMPLE_WITHIN_TIME_TOLERANCE,,,,,,,,NATIVE_TIME_SAMPLE_UNAVAILABLE_FOR_TIMELINE,COARSE_LOW_CLOUD_NATIVE_TIME_UNMATCHED,OBSERVER_ENVIRONMENT_TIMELINE_ONLY_NO_PHYSICS_PROMOTION,False,False,False,False
2026-09-14 17:00:21.746064+08:00,2026-09-14 18:00:21.746064+08:00,-60,5,PRE_EVENT,PRE_CORE_EVENT_DIAGNOSTIC,OPENMETEO_ROUTE_LINEAR_INTERPOLATION_EXISTING_CONTRACT,-5.0_0050,-5.0,50.0,EXTENDED_GT40_100KM,8.012081146666667,1.0,0.0,15418.067016533334,88.00604057333334,0.0,,3600.0,NO_NATIVE_SAMPLE_WITHIN_TIME_TOLERANCE,,,,,,,,NATIVE_TIME_SAMPLE_UNAVAILABLE_FOR_TIMELINE,COARSE_LOW_CLOUD_NATIVE_TIME_UNMATCHED,OBSERVER_ENVIRONMENT_TIMELINE_ONLY_NO_PHYSICS_PROMOTION,False,False,False,False
2026-09-14 17:00:21.746064+08:00,2026-09-14 18:00:21.746064+08:00,-60,5,PRE_EVENT,PRE_CORE_EVENT_DIAGNOSTIC,OPENMETEO_ROUTE_LINEAR_INTERPOLATION_EXISTING_CONTRACT,-5.0_0060,-5.0,60.0,EXTENDED_GT40_100KM,16.975837706666667,0.9939594266666667,0.0,15256.375656,88.00604057333334,0.0,,3600.0,NO_NATIVE_SAMPLE_WITHIN_TIME_TOLERANCE,,,,,,,,NATIVE_TIME_SAMPLE_UNAVAILABLE_FOR_TIMELINE,COARSE_LOW_CLOUD_NATIVE_TIME_UNMATCHED,OBSERVER_ENVIRONMENT_TIMELINE_ONLY_NO_PHYSICS_PROMOTION,False,False,False,False
2026-09-14 17:00:21.746064+08:00,2026-09-14 18:00:21.746064+08:00,-60,5,PRE_EVENT,PRE_CORE_EVENT_DIAGNOSTIC,OPENMETEO_ROUTE_LINEAR_INTERPOLATION_EXISTING_CONTRACT,-5.0_0070,-5.0,70.0,EXTENDED_GT40_100KM,16.042284013333333,0.9939594266666667,0.0,14916.617278933334,87.00604057333334,0.0,,3600.0,NO_NATIVE_SAMPLE_WITHIN_TIME_TOLERANCE,,,,,,,,NATIVE_TIME_SAMPLE_UNAVAILABLE_FOR_TIMELINE,COARSE_LOW_CLOUD_NATIVE_TIME_UNMATCHED,OBSERVER_ENVIRONMENT_TIMELINE_ONLY_NO_PHYSICS_PROMOTION,False,False,False,False
2026-09-14 17:00:21.746064+08:00,2026-09-14 18:00:21.746064+08:00,-60,5,PRE_EVENT,PRE_CORE_EVENT_DIAGNOSTIC,OPENMETEO_ROUTE_LINEAR_INTERPOLATION_EXISTING_CONTRACT,-5.0_0080,-5.0,80.0,EXTENDED_GT40_100KM,47.885229106666664,0.9939594266666667,0.0,17399.220427733333,85.01812172,0.0,,3600.0,NO_NATIVE_SAMPLE_WITHIN_TIME_TOLERANCE,,,,,,,,NATIVE_TIME_SAMPLE_UNAVAILABLE_FOR_TIMELINE,COARSE_LOW_CLOUD_NATIVE_TIME_UNMATCHED,OBSERVER_ENVIRONMENT_TIMELINE_ONLY_NO_PHYSICS_PROMOTION,False,False,False,False
2026-09-14 17:00:21.746064+08:00,2026-09-14 18:00:21.746064+08:00,-60,5,PRE_EVENT,PRE_CORE_EVENT_DIAGNOSTIC,OPENMETEO_ROUTE_LINEAR_INTERPOLATION_EXISTING_CONTRACT,-5.0_0090,-5.0,90.0,EXTENDED_GT40_100KM,58.78857993333333,0.9939594266666667,0.0,17122.2407144,86.00604057333334,0.0,,3600.0,NO_NATIVE_SAMPLE_WITHIN_TIME_TOLERANCE,,,,,,,,NATIVE_TIME_SAMPLE_UNAVAILABLE_FOR_TIMELINE,COARSE_LOW_CLOUD_NATIVE_TIME_UNMATCHED,OBSERVER_ENVIRONMENT_TIMELINE_ONLY_NO_PHYSICS_PROMOTION,False,False,False,False
2026-09-14 17:00:21.746064+08:00,2026-09-14 18:00:21.746064+08:00,-60,5,PRE_EVENT,PRE_CORE_EVENT_DIAGNOSTIC,OPENMETEO_ROUTE_LINEAR_INTERPOLATION_EXISTING_CONTRACT,-5.0_0100,-5.0,100.0,EXTENDED_GT40_100KM,36.97583770666667,0.9939594266666667,0.0,16699.220427733333,85.00604057333334,0.0,,3600.0,NO_NATIVE_SAMPLE_WITHIN_TIME_TOLERANCE,,,,,,,,NATIVE_TIME_SAMPLE_UNAVAILABLE_FOR_TIMELINE,COARSE_LOW_CLOUD_NATIVE_TIME_UNMATCHED,OBSERVER_ENVIRONMENT_TIMELINE_ONLY_NO_PHYSICS_PROMOTION,False,False,False,False
2026-09-14 17:00:21.746064+08:00,2026-09-14 18:00:21.746064+08:00,-60,5,PRE_EVENT,PRE_CORE_EVENT_DIAGNOSTIC,OPENMETEO_ROUTE_LINEAR_INTERPOLATION_EXISTING_CONTRACT,+0.0_0005,0.0,5.0,NEAR_OBSERVER_0_10KM,2.0,1.0060405733333333,0.0,15130.027351733333,85.01208114666667,0.0,,3600.0,NO_NATIVE_SAMPLE_WITHIN_TIME_TOLERANCE,,,,,,,,NATIVE_TIME_SAMPLE_UNAVAILABLE_FOR_TIMELINE,COARSE_LOW_CLOUD_NATIVE_TIME_UNMATCHED,OBSERVER_ENVIRONMENT_TIMELINE_ONLY_NO_PHYSICS_PROMOTION,False,False,False,False
2026-09-14 17:00:21.746064+08:00,2026-09-14 18:00:21.746064+08:00,-60,5,PRE_EVENT,PRE_CORE_EVENT_DIAGNOSTIC,OPENMETEO_ROUTE_LINEAR_INTERPOLATION_EXISTING_CONTRACT,+0.0_0010,0.0,10.0,NEAR_OBSERVER_0_10KM,1.0,1.0060405733333333,0.0,16973.0476384,82.01812172,0.0,,3600.0,NO_NATIVE_SAMPLE_WITHIN_TIME_TOLERANCE,,,,,,,,NATIVE_TIME_SAMPLE_UNAVAILABLE_FOR_TIMELINE,COARSE_LOW_CLOUD_NATIVE_TIME_UNMATCHED,OBSERVER_ENVIRONMENT_TIMELINE_ONLY_NO_PHYSICS_PROMOTION,False,False,False,False
2026-09-14 17:00:21.746064+08:00,2026-09-14 18:00:21.746064+08:00,-60,5,PRE_EVENT,PRE_CORE_EVENT_DIAGNOSTIC,OPENMETEO_ROUTE_LINEAR_INTERPOLATION_EXISTING_CONTRACT,+0.0_0015,0.0,15.0,PRIMARY_GT10_40KM,2.0,0.9939594266666667,0.0,16259.879188533334,89.99395942666666,0.0,,3600.0,NO_NATIVE_SAMPLE_WITHIN_TIME_TOLERANCE,,,,,,,,NATIVE_TIME_SAMPLE_UNAVAILABLE_FOR_TIMELINE,COARSE_LOW_CLOUD_NATIVE_TIME_UNMATCHED,OBSERVER_ENVIRONMENT_TIMELINE_ONLY_NO_PHYSICS_PROMOTION,False,False,False,False
2026-09-14 17:00:21.746064+08:00,2026-09-14 18:00:21.746064+08:00,-60,5,PRE_EVENT,PRE_CORE_EVENT_DIAGNOSTIC,OPENMETEO_ROUTE_LINEAR_INTERPOLATION_EXISTING_CONTRACT,+0.0_0020,0.0,20.0,PRIMARY_GT10_40KM,4.993959426666667,1.0,0.0,16099.516754133334,87.99395942666666,0.0,,3600.0,NO_NATIVE_SAMPLE_WITHIN_TIME_TOLERANCE,,,,,,,,NATIVE_TIME_SAMPLE_UNAVAILABLE_FOR_TIMELINE,COARSE_LOW_CLOUD_NATIVE_TIME_UNMATCHED,OBSERVER_ENVIRONMENT_TIMELINE_ONLY_NO_PHYSICS_PROMOTION,False,False,False,False
2026-09-14 17:00:21.746064+08:00,2026-09-14 18:00:21.746064+08:00,-60,5,PRE_EVENT,PRE_CORE_EVENT_DIAGNOSTIC,OPENMETEO_ROUTE_LINEAR_INTERPOLATION_EXISTING_CONTRACT,+0.0_0025,0.0,25.0,PRIMARY_GT10_40KM,4.993959426666667,1.0,0.0,16099.516754133334,87.99395942666666,0.0,,3600.0,NO_NATIVE_SAMPLE_WITHIN_TIME_TOLERANCE,,,,,,,,NATIVE_TIME_SAMPLE_UNAVAILABLE_FOR_TIMELINE,COARSE_LOW_CLOUD_NATIVE_TIME_UNMATCHED,OBSERVER_ENVIRONMENT_TIMELINE_ONLY_NO_PHYSICS_PROMOTION,False,False,False,False
2026-09-14 17:00:21.746064+08:00,2026-09-14 18:00:21.746064+08:00,-60,5,PRE_EVENT,PRE_CORE_EVENT_DIAGNOSTIC,OPENMETEO_ROUTE_LINEAR_INTERPOLATION_EXISTING_CONTRACT,+0.0_0030,0.0,30.0,PRIMARY_GT10_40KM,5.0,1.0,0.0,15702.416229333334,88.0,0.0,,3600.0,NO_NATIVE_SAMPLE_WITHIN_TIME_TOLERANCE,,,,,,,,NATIVE_TIME_SAMPLE_UNAVAILABLE_FOR_TIMELINE,COARSE_LOW_CLOUD_NATIVE_TIME_UNMATCHED,OBSERVER_ENVIRONMENT_TIMELINE_ONLY_NO_PHYSICS_PROMOTION,False,False,False,False
2026-09-14 17:00:21.746064+08:00,2026-09-14 18:00:21.746064+08:00,-60,5,PRE_EVENT,PRE_CORE_EVENT_DIAGNOSTIC,OPENMETEO_ROUTE_LINEAR_INTERPOLATION_EXISTING_CONTRACT,+0.0_0035,0.0,35.0,PRIMARY_GT10_40KM,5.0,1.0,0.0,15702.416229333334,88.0,0.0,,3600.0,NO_NATIVE_SAMPLE_WITHIN_TIME_TOLERANCE,,,,,,,,NATIVE_TIME_SAMPLE_UNAVAILABLE_FOR_TIMELINE,COARSE_LOW_CLOUD_NATIVE_TIME_UNMATCHED,OBSERVER_ENVIRONMENT_TIMELINE_ONLY_NO_PHYSICS_PROMOTION,False,False,False,False
2026-09-14 17:00:21.746064+08:00,2026-09-14 18:00:21.746064+08:00,-60,5,PRE_EVENT,PRE_CORE_EVENT_DIAGNOSTIC,OPENMETEO_ROUTE_LINEAR_INTERPOLATION_EXISTING_CONTRACT,+0.0_0040,0.0,40.0,PRIMARY_GT10_40KM,2.01812172,1.0,0.0,15476.375656,88.0,0.0,,3600.0,NO_NATIVE_SAMPLE_WITHIN_TIME_TOLERANCE,,,,,,,,NATIVE_TIME_SAMPLE_UNAVAILABLE_FOR_TIMELINE,COARSE_LOW_CLOUD_NATIVE_TIME_UNMATCHED,OBSERVER_ENVIRONMENT_TIMELINE_ONLY_NO_PHYSICS_PROMOTION,False,False,False,False
2026-09-14 17:00:21.746064+08:00,2026-09-14 18:00:21.746064+08:00,-60,5,PRE_EVENT,PRE_CORE_EVENT_DIAGNOSTIC,OPENMETEO_ROUTE_LINEAR_INTERPOLATION_EXISTING_CONTRACT,+0.0_0050,0.0,50.0,EXTENDED_GT40_100KM,16.066446306666666,1.0,0.0,15411.059951466666,88.0,0.0,,3600.0,NO_NATIVE_SAMPLE_WITHIN_TIME_TOLERANCE,,,,,,,,NATIVE_TIME_SAMPLE_UNAVAILABLE_FOR_TIMELINE,COARSE_LOW_CLOUD_NATIVE_TIME_UNMATCHED,OBSERVER_ENVIRONMENT_TIMELINE_ONLY_NO_PHYSICS_PROMOTION,False,False,False,False
2026-09-14 17:00:21.746064+08:00,2026-09-14 18:00:21.746064+08:00,-60,5,PRE_EVENT,PRE_CORE_EVENT_DIAGNOSTIC,OPENMETEO_ROUTE_LINEAR_INTERPOLATION_EXISTING_CONTRACT,+0.0_0060,0.0,60.0,EXTENDED_GT40_100KM,31.969797133333334,0.9939594266666667,0.0,15150.2142712,86.01208114666667,0.0,,3600.0,NO_NATIVE_SAMPLE_WITHIN_TIME_TOLERANCE,,,,,,,,NATIVE_TIME_SAMPLE_UNAVAILABLE_FOR_TIMELINE,COARSE_LOW_CLOUD_NATIVE_TIME_UNMATCHED,OBSERVER_ENVIRONMENT_TIMELINE_ONLY_NO_PHYSICS_PROMOTION,False,False,False,False
2026-09-14 17:00:21.746064+08:00,2026-09-14 18:00:21.746064+08:00,-60,5,PRE_EVENT,PRE_CORE_EVENT_DIAGNOSTIC,OPENMETEO_ROUTE_LINEAR_INTERPOLATION_EXISTING_CONTRACT,+0.0_0070,0.0,70.0,EXTENDED_GT40_100KM,8.1812172,0.9939594266666667,0.0,16880.7909768,86.01208114666667,0.0,,3600.0,NO_NATIVE_SAMPLE_WITHIN_TIME_TOLERANCE,,,,,,,,NATIVE_TIME_SAMPLE_UNAVAILABLE_FOR_TIMELINE,COARSE_LOW_CLOUD_NATIVE_TIME_UNMATCHED,OBSERVER_ENVIRONMENT_TIMELINE_ONLY_NO_PHYSICS_PROMOTION,False,False,False,False
2026-09-14 17:00:21.746064+08:00,2026-09-14 18:00:21.746064+08:00,-60,5,PRE_EVENT,PRE_CORE_EVENT_DIAGNOSTIC,OPENMETEO_ROUTE_LINEAR_INTERPOLATION_EXISTING_CONTRACT,+0.0_0080,0.0,80.0,EXTENDED_GT40_100KM,47.885229106666664,0.9939594266666667,0.0,17399.220427733333,85.01812172,0.0,,3600.0,NO_NATIVE_SAMPLE_WITHIN_TIME_TOLERANCE,,,,,,,,NATIVE_TIME_SAMPLE_UNAVAILABLE_FOR_TIMELINE,COARSE_LOW_CLOUD_NATIVE_TIME_UNMATCHED,OBSERVER_ENVIRONMENT_TIMELINE_ONLY_NO_PHYSICS_PROMOTION,False,False,False,False
2026-09-14 17:00:21.746064+08:00,2026-09-14 18:00:21.746064+08:00,-60,5,PRE_EVENT,PRE_CORE_EVENT_DIAGNOSTIC,OPENMETEO_ROUTE_LINEAR_INTERPOLATION_EXISTING_CONTRACT,+0.0_0090,0.0,90.0,EXTENDED_GT40_100KM,58.78857993333333,0.0,0.0,17220.066108,86.01208114666667,0.0,,3600.0,NO_NATIVE_SAMPLE_WITHIN_TIME_TOLERANCE,,,,,,,,NATIVE_TIME_SAMPLE_UNAVAILABLE_FOR_TIMELINE,COARSE_LOW_CLOUD_NATIVE_TIME_UNMATCHED,OBSERVER_ENVIRONMENT_TIMELINE_ONLY_NO_PHYSICS_PROMOTION,False,False,False,False
2026-09-14 17:00:21.746064+08:00,2026-09-14 18:00:21.746064+08:00,-60,5,PRE_EVENT,PRE_CORE_EVENT_DIAGNOSTIC,OPENMETEO_ROUTE_LINEAR_INTERPOLATION_EXISTING_CONTRACT,+0.0_0100,0.0,100.0,EXTENDED_GT40_100KM,51.78253936,0.0,0.0,16981.1534112,85.01208114666667,0.0,,3600.0,NO_NATIVE_SAMPLE_WITHIN_TIME_TOLERANCE,,,,,,,,NATIVE_TIME_SAMPLE_UNAVAILABLE_FOR_TIMELINE,COARSE_LOW_CLOUD_NATIVE_TIME_UNMATCHED,OBSERVER_ENVIRONMENT_TIMELINE_ONLY_NO_PHYSICS_PROMOTION,False,False,False,False
2026-09-14 17:00:21.746064+08:00,2026-09-14 18:00:21.746064+08:00,-60,5,PRE_EVENT,PRE_CORE_EVENT_DIAGNOSTIC,OPENMETEO_ROUTE_LINEAR_INTERPOLATION_EXISTING_CONTRACT,+5.0_0005,5.0,5.0,NEAR_OBSERVER_0_10KM,2.0,1.0060405733333333,0.0,15130.027351733333,85.01208114666667,0.0,,3600.0,NO_NATIVE_SAMPLE_WITHIN_TIME_TOLERANCE,,,,,,,,NATIVE_TIME_SAMPLE_UNAVAILABLE_FOR_TIMELINE,COARSE_LOW_CLOUD_NATIVE_TIME_UNMATCHED,OBSERVER_ENVIRONMENT_TIMELINE_ONLY_NO_PHYSICS_PROMOTION,False,False,False,False
2026-09-14 17:00:21.746064+08:00,2026-09-14 18:00:21.746064+08:00,-60,5,PRE_EVENT,PRE_CORE_EVENT_DIAGNOSTIC,OPENMETEO_ROUTE_LINEAR_INTERPOLATION_EXISTING_CONTRACT,+5.0_0010,5.0,10.0,NEAR_OBSERVER_0_10KM,2.0,1.0060405733333333,0.0,15130.027351733333,85.01208114666667,0.0,,3600.0,NO_NATIVE_SAMPLE_WITHIN_TIME_TOLERANCE,,,,,,,,NATIVE_TIME_SAMPLE_UNAVAILABLE_FOR_TIMELINE,COARSE_LOW_CLOUD_NATIVE_TIME_UNMATCHED,OBSERVER_ENVIRONMENT_TIMELINE_ONLY_NO_PHYSICS_PROMOTION,False,False,False,False
2026-09-14 17:00:21.746064+08:00,2026-09-14 18:00:21.746064+08:00,-60,5,PRE_EVENT,PRE_CORE_EVENT_DIAGNOSTIC,OPENMETEO_ROUTE_LINEAR_INTERPOLATION_EXISTING_CONTRACT,+5.0_0015,5.0,15.0,PRIMARY_GT10_40KM,2.0,0.9939594266666667,0.0,16259.879188533334,89.99395942666666,0.0,,3600.0,NO_NATIVE_SAMPLE_WITHIN_TIME_TOLERANCE,,,,,,,,NATIVE_TIME_SAMPLE_UNAVAILABLE_FOR_TIMELINE,COARSE_LOW_CLOUD_NATIVE_TIME_UNMATCHED,OBSERVER_ENVIRONMENT_TIMELINE_ONLY_NO_PHYSICS_PROMOTION,False,False,False,False
2026-09-14 17:00:21.746064+08:00,2026-09-14 18:00:21.746064+08:00,-60,5,PRE_EVENT,PRE_CORE_EVENT_DIAGNOSTIC,OPENMETEO_ROUTE_LINEAR_INTERPOLATION_EXISTING_CONTRACT,+5.0_0020,5.0,20.0,PRIMARY_GT10_40KM,4.993959426666667,1.0,0.0,16099.516754133334,87.99395942666666,0.0,,3600.0,NO_NATIVE_SAMPLE_WITHIN_TIME_TOLERANCE,,,,,,,,NATIVE_TIME_SAMPLE_UNAVAILABLE_FOR_TIMELINE,COARSE_LOW_CLOUD_NATIVE_TIME_UNMATCHED,OBSERVER_ENVIRONMENT_TIMELINE_ONLY_NO_PHYSICS_PROMOTION,False,False,False,False
2026-09-14 17:00:21.746064+08:00,2026-09-14 18:00:21.746064+08:00,-60,5,PRE_EVENT,PRE_CORE_EVENT_DIAGNOSTIC,OPENMETEO_ROUTE_LINEAR_INTERPOLATION_EXISTING_CONTRACT,+5.0_0025,5.0,25.0,PRIMARY_GT10_40KM,4.993959426666667,1.0,0.0,16099.516754133334,87.99395942666666,0.0,,3600.0,NO_NATIVE_SAMPLE_WITHIN_TIME_TOLERANCE,,,,,,,,NATIVE_TIME_SAMPLE_UNAVAILABLE_FOR_TIMELINE,COARSE_LOW_CLOUD_NATIVE_TIME_UNMATCHED,OBSERVER_ENVIRONMENT_TIMELINE_ONLY_NO_PHYSICS_PROMOTION,False,False,False,False
2026-09-14 17:00:21.746064+08:00,2026-09-14 18:00:21.746064+08:00,-60,5,PRE_EVENT,PRE_CORE_EVENT_DIAGNOSTIC,OPENMETEO_ROUTE_LINEAR_INTERPOLATION_EXISTING_CONTRACT,+5.0_0030,5.0,30.0,PRIMARY_GT10_40KM,5.0,1.0,0.0,15702.416229333334,88.0,0.0,,3600.0,NO_NATIVE_SAMPLE_WITHIN_TIME_TOLERANCE,,,,,,,,NATIVE_TIME_SAMPLE_UNAVAILABLE_FOR_TIMELINE,COARSE_LOW_CLOUD_NATIVE_TIME_UNMATCHED,OBSERVER_ENVIRONMENT_TIMELINE_ONLY_NO_PHYSICS_PROMOTION,False,False,False,False
2026-09-14 17:00:21.746064+08:00,2026-09-14 18:00:21.746064+08:00,-60,5,PRE_EVENT,PRE_CORE_EVENT_DIAGNOSTIC,OPENMETEO_ROUTE_LINEAR_INTERPOLATION_EXISTING_CONTRACT,+5.0_0035,5.0,35.0,PRIMARY_GT10_40KM,5.0,1.0,0.0,15702.416229333334,88.0,0.0,,3600.0,NO_NATIVE_SAMPLE_WITHIN_TIME_TOLERANCE,,,,,,,,NATIVE_TIME_SAMPLE_UNAVAILABLE_FOR_TIMELINE,COARSE_LOW_CLOUD_NATIVE_TIME_UNMATCHED,OBSERVER_ENVIRONMENT_TIMELINE_ONLY_NO_PHYSICS_PROMOTION,False,False,False,False
2026-09-14 17:00:21.746064+08:00,2026-09-14 18:00:21.746064+08:00,-60,5,PRE_EVENT,PRE_CORE_EVENT_DIAGNOSTIC,OPENMETEO_ROUTE_LINEAR_INTERPOLATION_EXISTING_CONTRACT,+5.0_0040,5.0,40.0,PRIMARY_GT10_40KM,2.01812172,1.0,0.0,15476.375656,88.0,0.0,,3600.0,NO_NATIVE_SAMPLE_WITHIN_TIME_TOLERANCE,,,,,,,,NATIVE_TIME_SAMPLE_UNAVAILABLE_FOR_TIMELINE,COARSE_LOW_CLOUD_NATIVE_TIME_UNMATCHED,OBSERVER_ENVIRONMENT_TIMELINE_ONLY_NO_PHYSICS_PROMOTION,False,False,False,False
2026-09-14 17:00:21.746064+08:00,2026-09-14 18:00:21.746064+08:00,-60,5,PRE_EVENT,PRE_CORE_EVENT_DIAGNOSTIC,OPENMETEO_ROUTE_LINEAR_INTERPOLATION_EXISTING_CONTRACT,+5.0_0050,5.0,50.0,EXTENDED_GT40_100KM,9.12685204,0.006040573333333334,0.0,15563.3280176,87.99395942666666,0.0,,3600.0,NO_NATIVE_SAMPLE_WITHIN_TIME_TOLERANCE,,,,,,,,NATIVE_TIME_SAMPLE_UNAVAILABLE_FOR_TIMELINE,COARSE_LOW_CLOUD_NATIVE_TIME_UNMATCHED,OBSERVER_ENVIRONMENT_TIMELINE_ONLY_NO_PHYSICS_PROMOTION,False,False,False,False
2026-09-14 17:00:21.746064+08:00,2026-09-14 18:00:21.746064+08:00,-60,5,PRE_EVENT,PRE_CORE_EVENT_DIAGNOSTIC,OPENMETEO_ROUTE_LINEAR_INTERPOLATION_EXISTING_CONTRACT,+5.0_0060,5.0,60.0,EXTENDED_GT40_100KM,21.157054906666666,0.006040573333333334,0.0,15163.3280176,86.00604057333334,0.0,,3600.0,NO_NATIVE_SAMPLE_WITHIN_TIME_TOLERANCE,,,,,,,,NATIVE_TIME_SAMPLE_UNAVAILABLE_FOR_TIMELINE,COARSE_LOW_CLOUD_NATIVE_TIME_UNMATCHED,OBSERVER_ENVIRONMENT_TIMELINE_ONLY_NO_PHYSICS_PROMOTION,False,False,False,False
2026-09-14 17:00:21.746064+08:00,2026-09-14 18:00:21.746064+08:00,-60,5,PRE_EVENT,PRE_CORE_EVENT_DIAGNOSTIC,OPENMETEO_ROUTE_LINEAR_INTERPOLATION_EXISTING_CONTRACT,+5.0_0070,5.0,70.0,EXTENDED_GT40_100KM,25.19933892,0.006040573333333334,0.0,15008.4020992,87.00604057333334,0.0,,3600.0,NO_NATIVE_SAMPLE_WITHIN_TIME_TOLERANCE,,,,,,,,NATIVE_TIME_SAMPLE_UNAVAILABLE_FOR_TIMELINE,COARSE_LOW_CLOUD_NATIVE_TIME_UNMATCHED,OBSERVER_ENVIRONMENT_TIMELINE_ONLY_NO_PHYSICS_PROMOTION,False,False,False,False
2026-09-14 17:00:21.746064+08:00,2026-09-14 18:00:21.746064+08:00,-60,5,PRE_EVENT,PRE_CORE_EVENT_DIAGNOSTIC,OPENMETEO_ROUTE_LINEAR_INTERPOLATION_EXISTING_CONTRACT,+5.0_0080,5.0,80.0,EXTENDED_GT40_100KM,30.066446306666666,0.0,0.0,16998.857993333335,86.01208114666667,0.0,,3600.0,NO_NATIVE_SAMPLE_WITHIN_TIME_TOLERANCE,,,,,,,,NATIVE_TIME_SAMPLE_UNAVAILABLE_FOR_TIMELINE,COARSE_LOW_CLOUD_NATIVE_TIME_UNMATCHED,OBSERVER_ENVIRONMENT_TIMELINE_ONLY_NO_PHYSICS_PROMOTION,False,False,False,False
2026-09-14 17:00:21.746064+08:00,2026-09-14 18:00:21.746064+08:00,-60,5,PRE_EVENT,PRE_CORE_EVENT_DIAGNOSTIC,OPENMETEO_ROUTE_LINEAR_INTERPOLATION_EXISTING_CONTRACT,+5.0_0090,5.0,90.0,EXTENDED_GT40_100KM,29.10873032,0.0,0.0,14453.4761808,86.01208114666667,0.0,,3600.0,NO_NATIVE_SAMPLE_WITHIN_TIME_TOLERANCE,,,,,,,,NATIVE_TIME_SAMPLE_UNAVAILABLE_FOR_TIMELINE,COARSE_LOW_CLOUD_NATIVE_TIME_UNMATCHED,OBSERVER_ENVIRONMENT_TIMELINE_ONLY_NO_PHYSICS_PROMOTION,False,False,False,False
2026-09-14 17:00:21.746064+08:00,2026-09-14 18:00:21.746064+08:00,-60,5,PRE_EVENT,PRE_CORE_EVENT_DIAGNOSTIC,OPENMETEO_ROUTE_LINEAR_INTERPOLATION_EXISTING_CONTRACT,+5.0_0100,5.0,100.0,EXTENDED_GT40_100KM,40.951675413333334,0.0,0.0,16599.824485066667,85.01812172,0.0,,3600.0,NO_NATIVE_SAMPLE_WITHIN_TIME_TOLERANCE,,,,,,,,NATIVE_TIME_SAMPLE_UNAVAILABLE_FOR_TIMELINE,COARSE_LOW_CLOUD_NATIVE_TIME_UNMATCHED,OBSERVER_ENVIRONMENT_TIMELINE_ONLY_NO_PHYSICS_PROMOTION,False,False,False,False
2026-09-14 17:05:21.746064+08:00,2026-09-14 18:00:21.746064+08:00,-55,5,PRE_EVENT,PRE_CORE_EVENT_DIAGNOSTIC,OPENMETEO_ROUTE_LINEAR_INTERPOLATION_EXISTING_CONTRACT,-5.0_0000,-5.0,0.0,NEAR_OBSERVER_0_10KM,2.0,1.0893739066666668,0.0,15268.360685066667,85.17874781333333,0.0,,3300.0,NO_NATIVE_SAMPLE_WITHIN_TIME_TOLERANCE,,,,,,,,NATIVE_TIME_SAMPLE_UNAVAILABLE_FOR_TIMELINE,COARSE_LOW_CLOUD_NATIVE_TIME_UNMATCHED,OBSERVER_ENVIRONMENT_TIMELINE_ONLY_NO_PHYSICS_PROMOTION,False,False,False,False
2026-09-14 17:05:21.746064+08:00,2026-09-14 18:00:21.746064+08:00,-55,5,PRE_EVENT,PRE_CORE_EVENT_DIAGNOSTIC,OPENMETEO_ROUTE_LINEAR_INTERPOLATION_EXISTING_CONTRACT,+0.0_0000,0.0,0.0,NEAR_OBSERVER_0_10KM,2.0,1.0893739066666668,0.0,15268.360685066667,85.17874781333333,0.0,,3300.0,NO_NATIVE_SAMPLE_WITHIN_TIME_TOLERANCE,,,,,,,,NATIVE_TIME_SAMPLE_UNAVAILABLE_FOR_TIMELINE,COARSE_LOW_CLOUD_NATIVE_TIME_UNMATCHED,OBSERVER_ENVIRONMENT_TIMELINE_ONLY_NO_PHYSICS_PROMOTION,False,False,False,False
2026-09-14 17:05:21.746064+08:00,2026-09-14 18:00:21.746064+08:00,-55,5,PRE_EVENT,PRE_CORE_EVENT_DIAGNOSTIC,OPENMETEO_ROUTE_LINEAR_INTERPOLATION_EXISTING_CONTRACT,+5.0_0000,5.0,0.0,NEAR_OBSERVER_0_10KM,2.0,1.0893739066666668,0.0,15268.360685066667,85.17874781333333,0.0,,3300.0,NO_NATIVE_SAMPLE_WITHIN_TIME_TOLERANCE,,,,,,,,NATIVE_TIME_SAMPLE_UNAVAILABLE_FOR_TIMELINE,COARSE_LOW_CLOUD_NATIVE_TIME_UNMATCHED,OBSERVER_ENVIRONMENT_TIMELINE_ONLY_NO_PHYSICS_PROMOTION,False,False,False,False
2026-09-14 17:05:21.746064+08:00,2026-09-14 18:00:21.746064+08:00,-55,5,PRE_EVENT,PRE_CORE_EVENT_DIAGNOSTIC,OPENMETEO_ROUTE_LINEAR_INTERPOLATION_EXISTING_CONTRACT,-5.0_0005,-5.0,5.0,NEAR_OBSERVER_0_10KM,2.0,1.0893739066666668,0.0,15268.360685066667,85.17874781333333,0.0,,3300.0,NO_NATIVE_SAMPLE_WITHIN_TIME_TOLERANCE,,,,,,,,NATIVE_TIME_SAMPLE_UNAVAILABLE_FOR_TIMELINE,COARSE_LOW_CLOUD_NATIVE_TIME_UNMATCHED,OBSERVER_ENVIRONMENT_TIMELINE_ONLY_NO_PHYSICS_PROMOTION,False,False,False,False
2026-09-14 17:05:21.746064+08:00,2026-09-14 18:00:21.746064+08:00,-55,5,PRE_EVENT,PRE_CORE_EVENT_DIAGNOSTIC,OPENMETEO_ROUTE_LINEAR_INTERPOLATION_EXISTING_CONTRACT,-5.0_0010,-5.0,10.0,NEAR_OBSERVER_0_10KM,1.0,1.0893739066666668,0.0,17153.0476384,82.26812172,0.0,,3300.0,NO_NATIVE_SAMPLE_WITHIN_TIME_TOLERANCE,,,,,,,,NATIVE_TIME_SAMPLE_UNAVAILABLE_FOR_TIMELINE,COARSE_LOW_CLOUD_NATIVE_TIME_UNMATCHED,OBSERVER_ENVIRONMENT_TIMELINE_ONLY_NO_PHYSICS_PROMOTION,False,False,False,False
2026-09-14 17:05:21.746064+08:00,2026-09-14 18:00:21.746064+08:00,-55,5,PRE_EVENT,PRE_CORE_EVENT_DIAGNOSTIC,OPENMETEO_ROUTE_LINEAR_INTERPOLATION_EXISTING_CONTRACT,-5.0_0015,-5.0,15.0,PRIMARY_GT10_40KM,1.0,1.0893739066666668,0.0,17153.0476384,82.26812172,0.0,,3300.0,NO_NATIVE_SAMPLE_WITHIN_TIME_TOLERANCE,,,,,,,,NATIVE_TIME_SAMPLE_UNAVAILABLE_FOR_TIMELINE,COARSE_LOW_CLOUD_NATIVE_TIME_UNMATCHED,OBSERVER_ENVIRONMENT_TIMELINE_ONLY_NO_PHYSICS_PROMOTION,False,False,False,False
2026-09-14 17:05:21.746064+08:00,2026-09-14 18:00:21.746064+08:00,-55,5,PRE_EVENT,PRE_CORE_EVENT_DIAGNOSTIC,OPENMETEO_ROUTE_LINEAR_INTERPOLATION_EXISTING_CONTRACT,-5.0_0020,-5.0,20.0,PRIMARY_GT10_40KM,1.0893739066666668,1.8212521866666667,0.0,16241.787478133334,90.91062609333333,0.0,,3300.0,NO_NATIVE_SAMPLE_WITHIN_TIME_TOLERANCE,,,,,,,,NATIVE_TIME_SAMPLE_UNAVAILABLE_FOR_TIMELINE,COARSE_LOW_CLOUD_NATIVE_TIME_UNMATCHED,OBSERVER_ENVIRONMENT_TIMELINE_ONLY_NO_PHYSICS_PROMOTION,False,False,False,False
2026-09-14 17:05:21.746064+08:00,2026-09-14 18:00:21.746064+08:00,-55,5,PRE_EVENT,PRE_CORE_EVENT_DIAGNOSTIC,OPENMETEO_ROUTE_LINEAR_INTERPOLATION_EXISTING_CONTRACT,-5.0_0025,-5.0,25.0,PRIMARY_GT10_40KM,4.089373906666666,1.9106260933333332,0.0,16136.425043733334,88.91062609333333,0.0,,3300.0,NO_NATIVE_SAMPLE_WITHIN_TIME_TOLERANCE,,,,,,,,NATIVE_TIME_SAMPLE_UNAVAILABLE_FOR_TIMELINE,COARSE_LOW_CLOUD_NATIVE_TIME_UNMATCHED,OBSERVER_ENVIRONMENT_TIMELINE_ONLY_NO_PHYSICS_PROMOTION,False,False,False,False
2026-09-14 17:05:21.746064+08:00,2026-09-14 18:00:21.746064+08:00,-55,5,PRE_EVENT,PRE_CORE_EVENT_DIAGNOSTIC,OPENMETEO_ROUTE_LINEAR_INTERPOLATION_EXISTING_CONTRACT,-5.0_0030,-5.0,30.0,PRIMARY_GT10_40KM,4.089373906666666,1.9106260933333332,0.0,16136.425043733334,88.91062609333333,0.0,,3300.0,NO_NATIVE_SAMPLE_WITHIN_TIME_TOLERANCE,,,,,,,,NATIVE_TIME_SAMPLE_UNAVAILABLE_FOR_TIMELINE,COARSE_LOW_CLOUD_NATIVE_TIME_UNMATCHED,OBSERVER_ENVIRONMENT_TIMELINE_ONLY_NO_PHYSICS_PROMOTION,False,False,False,False
2026-09-14 17:05:21.746064+08:00,2026-09-14 18:00:21.746064+08:00,-55,5,PRE_EVENT,PRE_CORE_EVENT_DIAGNOSTIC,OPENMETEO_ROUTE_LINEAR_INTERPOLATION_EXISTING_CONTRACT,-5.0_0035,-5.0,35.0,PRIMARY_GT10_40KM,2.80436516,1.0,0.0,15714.299825066666,87.08937390666667,0.0,,3300.0,NO_NATIVE_SAMPLE_WITHIN_TIME_TOLERANCE,,,,,,,,NATIVE_TIME_SAMPLE_UNAVAILABLE_FOR_TIMELINE,COARSE_LOW_CLOUD_NATIVE_TIME_UNMATCHED,OBSERVER_ENVIRONMENT_TIMELINE_ONLY_NO_PHYSICS_PROMOTION,False,False,False,False
2026-09-14 17:05:21.746064+08:00,2026-09-14 18:00:21.746064+08:00,-55,5,PRE_EVENT,PRE_CORE_EVENT_DIAGNOSTIC,OPENMETEO_ROUTE_LINEAR_INTERPOLATION_EXISTING_CONTRACT,-5.0_0040,-5.0,40.0,PRIMARY_GT10_40KM,2.80436516,1.0,0.0,15714.299825066666,87.08937390666667,0.0,,3300.0,NO_NATIVE_SAMPLE_WITHIN_TIME_TOLERANCE,,,,,,,,NATIVE_TIME_SAMPLE_UNAVAILABLE_FOR_TIMELINE,COARSE_LOW_CLOUD_NATIVE_TIME_UNMATCHED,OBSERVER_ENVIRONMENT_TIMELINE_ONLY_NO_PHYSICS_PROMOTION,False,False,False,False
2026-09-14 17:05:21.746064+08:00,2026-09-14 18:00:21.746064+08:00,-55,5,PRE_EVENT,PRE_CORE_EVENT_DIAGNOSTIC,OPENMETEO_ROUTE_LINEAR_INTERPOLATION_EXISTING_CONTRACT,-5.0_0050,-5.0,50.0,EXTENDED_GT40_100KM,8.178747813333333,1.0,0.0,15391.400349866666,88.08937390666667,0.0,,3300.0,NO_NATIVE_SAMPLE_WITHIN_TIME_TOLERANCE,,,,,,,,NATIVE_TIME_SAMPLE_UNAVAILABLE_FOR_TIMELINE,COARSE_LOW_CLOUD_NATIVE_TIME_UNMATCHED,OBSERVER_ENVIRONMENT_TIMELINE_ONLY_NO_PHYSICS_PROMOTION,False,False,False,False
2026-09-14 17:05:21.746064+08:00,2026-09-14 18:00:21.746064+08:00,-55,5,PRE_EVENT,PRE_CORE_EVENT_DIAGNOSTIC,OPENMETEO_ROUTE_LINEAR_INTERPOLATION_EXISTING_CONTRACT,-5.0_0060,-5.0,60.0,EXTENDED_GT40_100KM,16.642504373333335,0.9106260933333333,0.0,15206.375656,88.08937390666667,0.0,,3300.0,NO_NATIVE_SAMPLE_WITHIN_TIME_TOLERANCE,,,,,,,,NATIVE_TIME_SAMPLE_UNAVAILABLE_FOR_TIMELINE,COARSE_LOW_CLOUD_NATIVE_TIME_UNMATCHED,OBSERVER_ENVIRONMENT_TIMELINE_ONLY_NO_PHYSICS_PROMOTION,False,False,False,False
2026-09-14 17:05:21.746064+08:00,2026-09-14 18:00:21.746064+08:00,-55,5,PRE_EVENT,PRE_CORE_EVENT_DIAGNOSTIC,OPENMETEO_ROUTE_LINEAR_INTERPOLATION_EXISTING_CONTRACT,-5.0_0070,-5.0,70.0,EXTENDED_GT40_100KM,16.625617346666665,0.9106260933333333,0.0,14869.950612266666,87.08937390666667,0.0,,3300.0,NO_NATIVE_SAMPLE_WITHIN_TIME_TOLERANCE,,,,,,,,NATIVE_TIME_SAMPLE_UNAVAILABLE_FOR_TIMELINE,COARSE_LOW_CLOUD_NATIVE_TIME_UNMATCHED,OBSERVER_ENVIRONMENT_TIMELINE_ONLY_NO_PHYSICS_PROMOTION,False,False,False,False
2026-09-14 17:05:21.746064+08:00,2026-09-14 18:00:21.746064+08:00,-55,5,PRE_EVENT,PRE_CORE_EVENT_DIAGNOSTIC,OPENMETEO_ROUTE_LINEAR_INTERPOLATION_EXISTING_CONTRACT,-5.0_0080,-5.0,80.0,EXTENDED_GT40_100KM,46.301895773333335,0.9106260933333333,0.0,17112.553761066665,85.26812172,0.0,,3300.0,NO_NATIVE_SAMPLE_WITHIN_TIME_TOLERANCE,,,,,,,,NATIVE_TIME_SAMPLE_UNAVAILABLE_FOR_TIMELINE,COARSE_LOW_CLOUD_NATIVE_TIME_UNMATCHED,OBSERVER_ENVIRONMENT_TIMELINE_ONLY_NO_PHYSICS_PROMOTION,False,False,False,False
2026-09-14 17:05:21.746064+08:00,2026-09-14 18:00:21.746064+08:00,-55,5,PRE_EVENT,PRE_CORE_EVENT_DIAGNOSTIC,OPENMETEO_ROUTE_LINEAR_INTERPOLATION_EXISTING_CONTRACT,-5.0_0090,-5.0,90.0,EXTENDED_GT40_100KM,55.87191326666667,0.9106260933333333,0.0,16877.2407144,86.08937390666667,0.0,,3300.0,NO_NATIVE_SAMPLE_WITHIN_TIME_TOLERANCE,,,,,,,,NATIVE_TIME_SAMPLE_UNAVAILABLE_FOR_TIMELINE,COARSE_LOW_CLOUD_NATIVE_TIME_UNMATCHED,OBSERVER_ENVIRONMENT_TIMELINE_ONLY_NO_PHYSICS_PROMOTION,False,False,False,False
2026-09-14 17:05:21.746064+08:00,2026-09-14 18:00:21.746064+08:00,-55,5,PRE_EVENT,PRE_CORE_EVENT_DIAGNOSTIC,OPENMETEO_ROUTE_LINEAR_INTERPOLATION_EXISTING_CONTRACT,-5.0_0100,-5.0,100.0,EXTENDED_GT40_100KM,36.64250437333333,0.9106260933333333,0.0,16412.553761066665,85.08937390666667,0.0,,3300.0,NO_NATIVE_SAMPLE_WITHIN_TIME_TOLERANCE,,,,,,,,NATIVE_TIME_SAMPLE_UNAVAILABLE_FOR_TIMELINE,COARSE_LOW_CLOUD_NATIVE_TIME_UNMATCHED,OBSERVER_ENVIRONMENT_TIMELINE_ONLY_NO_PHYSICS_PROMOTION,False,False,False,False
2026-09-14 17:05:21.746064+08:00,2026-09-14 18:00:21.746064+08:00,-55,5,PRE_EVENT,PRE_CORE_EVENT_DIAGNOSTIC,OPENMETEO_ROUTE_LINEAR_INTERPOLATION_EXISTING_CONTRACT,+0.0_0005,0.0,5.0,NEAR_OBSERVER_0_10KM,2.0,1.0893739066666668,0.0,15268.360685066667,85.17874781333333,0.0,,3300.0,NO_NATIVE_SAMPLE_WITHIN_TIME_TOLERANCE,,,,,,,,NATIVE_TIME_SAMPLE_UNAVAILABLE_FOR_TIMELINE,COARSE_LOW_CLOUD_NATIVE_TIME_UNMATCHED,OBSERVER_ENVIRONMENT_TIMELINE_ONLY_NO_PHYSICS_PROMOTION,False,False,False,False
2026-09-14 17:05:21.746064+08:00,2026-09-14 18:00:21.746064+08:00,-55,5,PRE_EVENT,PRE_CORE_EVENT_DIAGNOSTIC,OPENMETEO_ROUTE_LINEAR_INTERPOLATION_EXISTING_CONTRACT,+0.0_0010,0.0,10.0,NEAR_OBSERVER_0_10KM,1.0,1.0893739066666668,0.0,17153.0476384,82.26812172,0.0,,3300.0,NO_NATIVE_SAMPLE_WITHIN_TIME_TOLERANCE,,,,,,,,NATIVE_TIME_SAMPLE_UNAVAILABLE_FOR_TIMELINE,COARSE_LOW_CLOUD_NATIVE_TIME_UNMATCHED,OBSERVER_ENVIRONMENT_TIMELINE_ONLY_NO_PHYSICS_PROMOTION,False,False,False,False
2026-09-14 17:05:21.746064+08:00,2026-09-14 18:00:21.746064+08:00,-55,5,PRE_EVENT,PRE_CORE_EVENT_DIAGNOSTIC,OPENMETEO_ROUTE_LINEAR_INTERPOLATION_EXISTING_CONTRACT,+0.0_0015,0.0,15.0,PRIMARY_GT10_40KM,2.0,0.9106260933333333,0.0,16258.212521866666,89.91062609333333,0.0,,3300.0,NO_NATIVE_SAMPLE_WITHIN_TIME_TOLERANCE,,,,,,,,NATIVE_TIME_SAMPLE_UNAVAILABLE_FOR_TIMELINE,COARSE_LOW_CLOUD_NATIVE_TIME_UNMATCHED,OBSERVER_ENVIRONMENT_TIMELINE_ONLY_NO_PHYSICS_PROMOTION,False,False,False,False
2026-09-14 17:05:21.746064+08:00,2026-09-14 18:00:21.746064+08:00,-55,5,PRE_EVENT,PRE_CORE_EVENT_DIAGNOSTIC,OPENMETEO_ROUTE_LINEAR_INTERPOLATION_EXISTING_CONTRACT,+0.0_0020,0.0,20.0,PRIMARY_GT10_40KM,4.910626093333334,1.0,0.0,16092.850087466666,87.91062609333333,0.0,,3300.0,NO_NATIVE_SAMPLE_WITHIN_TIME_TOLERANCE,,,,,,,,NATIVE_TIME_SAMPLE_UNAVAILABLE_FOR_TIMELINE,COARSE_LOW_CLOUD_NATIVE_TIME_UNMATCHED,OBSERVER_ENVIRONMENT_TIMELINE_ONLY_NO_PHYSICS_PROMOTION,False,False,False,False
2026-09-14 17:05:21.746064+08:00,2026-09-14 18:00:21.746064+08:00,-55,5,PRE_EVENT,PRE_CORE_EVENT_DIAGNOSTIC,OPENMETEO_ROUTE_LINEAR_INTERPOLATION_EXISTING_CONTRACT,+0.0_0025,0.0,25.0,PRIMARY_GT10_40KM,4.910626093333334,1.0,0.0,16092.850087466666,87.91062609333333,0.0,,3300.0,NO_NATIVE_SAMPLE_WITHIN_TIME_TOLERANCE,,,,,,,,NATIVE_TIME_SAMPLE_UNAVAILABLE_FOR_TIMELINE,COARSE_LOW_CLOUD_NATIVE_TIME_UNMATCHED,OBSERVER_ENVIRONMENT_TIMELINE_ONLY_NO_PHYSICS_PROMOTION,False,False,False,False
2026-09-14 17:05:21.746064+08:00,2026-09-14 18:00:21.746064+08:00,-55,5,PRE_EVENT,PRE_CORE_EVENT_DIAGNOSTIC,OPENMETEO_ROUTE_LINEAR_INTERPOLATION_EXISTING_CONTRACT,+0.0_0030,0.0,30.0,PRIMARY_GT10_40KM,5.0,1.0,0.0,15735.749562666666,88.0,0.0,,3300.0,NO_NATIVE_SAMPLE_WITHIN_TIME_TOLERANCE,,,,,,,,NATIVE_TIME_SAMPLE_UNAVAILABLE_FOR_TIMELINE,COARSE_LOW_CLOUD_NATIVE_TIME_UNMATCHED,OBSERVER_ENVIRONMENT_TIMELINE_ONLY_NO_PHYSICS_PROMOTION,False,False,False,False
2026-09-14 17:05:21.746064+08:00,2026-09-14 18:00:21.746064+08:00,-55,5,PRE_EVENT,PRE_CORE_EVENT_DIAGNOSTIC,OPENMETEO_ROUTE_LINEAR_INTERPOLATION_EXISTING_CONTRACT,+0.0_0035,0.0,35.0,PRIMARY_GT10_40KM,5.0,1.0,0.0,15735.749562666666,88.0,0.0,,3300.0,NO_NATIVE_SAMPLE_WITHIN_TIME_TOLERANCE,,,,,,,,NATIVE_TIME_SAMPLE_UNAVAILABLE_FOR_TIMELINE,COARSE_LOW_CLOUD_NATIVE_TIME_UNMATCHED,OBSERVER_ENVIRONMENT_TIMELINE_ONLY_NO_PHYSICS_PROMOTION,False,False,False,False
2026-09-14 17:05:21.746064+08:00,2026-09-14 18:00:21.746064+08:00,-55,5,PRE_EVENT,PRE_CORE_EVENT_DIAGNOSTIC,OPENMETEO_ROUTE_LINEAR_INTERPOLATION_EXISTING_CONTRACT,+0.0_0040,0.0,40.0,PRIMARY_GT10_40KM,2.26812172,1.0,0.0,15426.375656,88.0,0.0,,3300.0,NO_NATIVE_SAMPLE_WITHIN_TIME_TOLERANCE,,,,,,,,NATIVE_TIME_SAMPLE_UNAVAILABLE_FOR_TIMELINE,COARSE_LOW_CLOUD_NATIVE_TIME_UNMATCHED,OBSERVER_ENVIRONMENT_TIMELINE_ONLY_NO_PHYSICS_PROMOTION,False,False,False,False
2026-09-14 17:05:21.746064+08:00,2026-09-14 18:00:21.746064+08:00,-55,5,PRE_EVENT,PRE_CORE_EVENT_DIAGNOSTIC,OPENMETEO_ROUTE_LINEAR_INTERPOLATION_EXISTING_CONTRACT,+0.0_0050,0.0,50.0,EXTENDED_GT40_100KM,16.983112973333334,1.0,0.0,15287.726618133333,88.0,0.0,,3300.0,NO_NATIVE_SAMPLE_WITHIN_TIME_TOLERANCE,,,,,,,,NATIVE_TIME_SAMPLE_UNAVAILABLE_FOR_TIMELINE,COARSE_LOW_CLOUD_NATIVE_TIME_UNMATCHED,OBSERVER_ENVIRONMENT_TIMELINE_ONLY_NO_PHYSICS_PROMOTION,False,False,False,False
2026-09-14 17:05:21.746064+08:00,2026-09-14 18:00:21.746064+08:00,-55,5,PRE_EVENT,PRE_CORE_EVENT_DIAGNOSTIC,OPENMETEO_ROUTE_LINEAR_INTERPOLATION_EXISTING_CONTRACT,+0.0_0060,0.0,60.0,EXTENDED_GT40_100KM,31.553130466666666,0.9106260933333333,0.0,15015.2142712,86.17874781333333,0.0,,3300.0,NO_NATIVE_SAMPLE_WITHIN_TIME_TOLERANCE,,,,,,,,NATIVE_TIME_SAMPLE_UNAVAILABLE_FOR_TIMELINE,COARSE_LOW_CLOUD_NATIVE_TIME_UNMATCHED,OBSERVER_ENVIRONMENT_TIMELINE_ONLY_NO_PHYSICS_PROMOTION,False,False,False,False
2026-09-14 17:05:21.746064+08:00,2026-09-14 18:00:21.746064+08:00,-55,5,PRE_EVENT,PRE_CORE_EVENT_DIAGNOSTIC,OPENMETEO_ROUTE_LINEAR_INTERPOLATION_EXISTING_CONTRACT,+0.0_0070,0.0,70.0,EXTENDED_GT40_100KM,10.681217199999999,0.9106260933333333,0.0,16615.7909768,86.17874781333333,0.0,,3300.0,NO_NATIVE_SAMPLE_WITHIN_TIME_TOLERANCE,,,,,,,,NATIVE_TIME_SAMPLE_UNAVAILABLE_FOR_TIMELINE,COARSE_LOW_CLOUD_NATIVE_TIME_UNMATCHED,OBSERVER_ENVIRONMENT_TIMELINE_ONLY_NO_PHYSICS_PROMOTION,False,False,False,False
2026-09-14 17:05:21.746064+08:00,2026-09-14 18:00:21.746064+08:00,-55,5,PRE_EVENT,PRE_CORE_EVENT_DIAGNOSTIC,OPENMETEO_ROUTE_LINEAR_INTERPOLATION_EXISTING_CONTRACT,+0.0_0080,0.0,80.0,EXTENDED_GT40_100KM,46.301895773333335,0.9106260933333333,0.0,17112.553761066665,85.26812172,0.0,,3300.0,NO_NATIVE_SAMPLE_WITHIN_TIME_TOLERANCE,,,,,,,,NATIVE_TIME_SAMPLE_UNAVAILABLE_FOR_TIMELINE,COARSE_LOW_CLOUD_NATIVE_TIME_UNMATCHED,OBSERVER_ENVIRONMENT_TIMELINE_ONLY_NO_PHYSICS_PROMOTION,False,False,False,False
2026-09-14 17:05:21.746064+08:00,2026-09-14 18:00:21.746064+08:00,-55,5,PRE_EVENT,PRE_CORE_EVENT_DIAGNOSTIC,OPENMETEO_ROUTE_LINEAR_INTERPOLATION_EXISTING_CONTRACT,+0.0_0090,0.0,90.0,EXTENDED_GT40_100KM,55.87191326666667,0.0,0.0,16945.066108,86.17874781333333,0.0,,3300.0,NO_NATIVE_SAMPLE_WITHIN_TIME_TOLERANCE,,,,,,,,NATIVE_TIME_SAMPLE_UNAVAILABLE_FOR_TIMELINE,COARSE_LOW_CLOUD_NATIVE_TIME_UNMATCHED,OBSERVER_ENVIRONMENT_TIMELINE_ONLY_NO_PHYSICS_PROMOTION,False,False,False,False
2026-09-14 17:05:21.746064+08:00,2026-09-14 18:00:21.746064+08:00,-55,5,PRE_EVENT,PRE_CORE_EVENT_DIAGNOSTIC,OPENMETEO_ROUTE_LINEAR_INTERPOLATION_EXISTING_CONTRACT,+0.0_0100,0.0,100.0,EXTENDED_GT40_100KM,48.78253936,0.0,0.0,16721.1534112,85.17874781333333,0.0,,3300.0,NO_NATIVE_SAMPLE_WITHIN_TIME_TOLERANCE,,,,,,,,NATIVE_TIME_SAMPLE_UNAVAILABLE_FOR_TIMELINE,COARSE_LOW_CLOUD_NATIVE_TIME_UNMATCHED,OBSERVER_ENVIRONMENT_TIMELINE_ONLY_NO_PHYSICS_PROMOTION,False,False,False,False
2026-09-14 17:05:21.746064+08:00,2026-09-14 18:00:21.746064+08:00,-55,5,PRE_EVENT,PRE_CORE_EVENT_DIAGNOSTIC,OPENMETEO_ROUTE_LINEAR_INTERPOLATION_EXISTING_CONTRACT,+5.0_0005,5.0,5.0,NEAR_OBSERVER_0_10KM,2.0,1.0893739066666668,0.0,15268.360685066667,85.17874781333333,0.0,,3300.0,NO_NATIVE_SAMPLE_WITHIN_TIME_TOLERANCE,,,,,,,,NATIVE_TIME_SAMPLE_UNAVAILABLE_FOR_TIMELINE,COARSE_LOW_CLOUD_NATIVE_TIME_UNMATCHED,OBSERVER_ENVIRONMENT_TIMELINE_ONLY_NO_PHYSICS_PROMOTION,False,False,False,False
2026-09-14 17:05:21.746064+08:00,2026-09-14 18:00:21.746064+08:00,-55,5,PRE_EVENT,PRE_CORE_EVENT_DIAGNOSTIC,OPENMETEO_ROUTE_LINEAR_INTERPOLATION_EXISTING_CONTRACT,+5.0_0010,5.0,10.0,NEAR_OBSERVER_0_10KM,2.0,1.0893739066666668,0.0,15268.360685066667,85.17874781333333,0.0,,3300.0,NO_NATIVE_SAMPLE_WITHIN_TIME_TOLERANCE,,,,,,,,NATIVE_TIME_SAMPLE_UNAVAILABLE_FOR_TIMELINE,COARSE_LOW_CLOUD_NATIVE_TIME_UNMATCHED,OBSERVER_ENVIRONMENT_TIMELINE_ONLY_NO_PHYSICS_PROMOTION,False,False,False,False
2026-09-14 17:05:21.746064+08:00,2026-09-14 18:00:21.746064+08:00,-55,5,PRE_EVENT,PRE_CORE_EVENT_DIAGNOSTIC,OPENMETEO_ROUTE_LINEAR_INTERPOLATION_EXISTING_CONTRACT,+5.0_0015,5.0,15.0,PRIMARY_GT10_40KM,2.0,0.9106260933333333,0.0,16258.212521866666,89.91062609333333,0.0,,3300.0,NO_NATIVE_SAMPLE_WITHIN_TIME_TOLERANCE,,,,,,,,NATIVE_TIME_SAMPLE_UNAVAILABLE_FOR_TIMELINE,COARSE_LOW_CLOUD_NATIVE_TIME_UNMATCHED,OBSERVER_ENVIRONMENT_TIMELINE_ONLY_NO_PHYSICS_PROMOTION,False,False,False,False
2026-09-14 17:05:21.746064+08:00,2026-09-14 18:00:21.746064+08:00,-55,5,PRE_EVENT,PRE_CORE_EVENT_DIAGNOSTIC,OPENMETEO_ROUTE_LINEAR_INTERPOLATION_EXISTING_CONTRACT,+5.0_0020,5.0,20.0,PRIMARY_GT10_40KM,4.910626093333334,1.0,0.0,16092.850087466666,87.91062609333333,0.0,,3300.0,NO_NATIVE_SAMPLE_WITHIN_TIME_TOLERANCE,,,,,,,,NATIVE_TIME_SAMPLE_UNAVAILABLE_FOR_TIMELINE,COARSE_LOW_CLOUD_NATIVE_TIME_UNMATCHED,OBSERVER_ENVIRONMENT_TIMELINE_ONLY_NO_PHYSICS_PROMOTION,False,False,False,False
2026-09-14 17:05:21.746064+08:00,2026-09-14 18:00:21.746064+08:00,-55,5,PRE_EVENT,PRE_CORE_EVENT_DIAGNOSTIC,OPENMETEO_ROUTE_LINEAR_INTERPOLATION_EXISTING_CONTRACT,+5.0_0025,5.0,25.0,PRIMARY_GT10_40KM,4.910626093333334,1.0,0.0,16092.850087466666,87.91062609333333,0.0,,3300.0,NO_NATIVE_SAMPLE_WITHIN_TIME_TOLERANCE,,,,,,,,NATIVE_TIME_SAMPLE_UNAVAILABLE_FOR_TIMELINE,COARSE_LOW_CLOUD_NATIVE_TIME_UNMATCHED,OBSERVER_ENVIRONMENT_TIMELINE_ONLY_NO_PHYSICS_PROMOTION,False,False,False,False
2026-09-14 17:05:21.746064+08:00,2026-09-14 18:00:21.746064+08:00,-55,5,PRE_EVENT,PRE_CORE_EVENT_DIAGNOSTIC,OPENMETEO_ROUTE_LINEAR_INTERPOLATION_EXISTING_CONTRACT,+5.0_0030,5.0,30.0,PRIMARY_GT10_40KM,5.0,1.0,0.0,15735.749562666666,88.0,0.0,,3300.0,NO_NATIVE_SAMPLE_WITHIN_TIME_TOLERANCE,,,,,,,,NATIVE_TIME_SAMPLE_UNAVAILABLE_FOR_TIMELINE,COARSE_LOW_CLOUD_NATIVE_TIME_UNMATCHED,OBSERVER_ENVIRONMENT_TIMELINE_ONLY_NO_PHYSICS_PROMOTION,False,False,False,False
2026-09-14 17:05:21.746064+08:00,2026-09-14 18:00:21.746064+08:00,-55,5,PRE_EVENT,PRE_CORE_EVENT_DIAGNOSTIC,OPENMETEO_ROUTE_LINEAR_INTERPOLATION_EXISTING_CONTRACT,+5.0_0035,5.0,35.0,PRIMARY_GT10_40KM,5.0,1.0,0.0,15735.749562666666,88.0,0.0,,3300.0,NO_NATIVE_SAMPLE_WITHIN_TIME_TOLERANCE,,,,,,,,NATIVE_TIME_SAMPLE_UNAVAILABLE_FOR_TIMELINE,COARSE_LOW_CLOUD_NATIVE_TIME_UNMATCHED,OBSERVER_ENVIRONMENT_TIMELINE_ONLY_NO_PHYSICS_PROMOTION,False,False,False,False
2026-09-14 17:05:21.746064+08:00,2026-09-14 18:00:21.746064+08:00,-55,5,PRE_EVENT,PRE_CORE_EVENT_DIAGNOSTIC,OPENMETEO_ROUTE_LINEAR_INTERPOLATION_EXISTING_CONTRACT,+5.0_0040,5.0,40.0,PRIMARY_GT10_40KM,2.26812172,1.0,0.0,15426.375656,88.0,0.0,,3300.0,NO_NATIVE_SAMPLE_WITHIN_TIME_TOLERANCE,,,,,,,,NATIVE_TIME_SAMPLE_UNAVAILABLE_FOR_TIMELINE,COARSE_LOW_CLOUD_NATIVE_TIME_UNMATCHED,OBSERVER_ENVIRONMENT_TIMELINE_ONLY_NO_PHYSICS_PROMOTION,False,False,False,False
2026-09-14 17:05:21.746064+08:00,2026-09-14 18:00:21.746064+08:00,-55,5,PRE_EVENT,PRE_CORE_EVENT_DIAGNOSTIC,OPENMETEO_ROUTE_LINEAR_INTERPOLATION_EXISTING_CONTRACT,+5.0_0050,5.0,50.0,EXTENDED_GT40_100KM,10.87685204,0.08937390666666667,0.0,15333.3280176,87.91062609333333,0.0,,3300.0,NO_NATIVE_SAMPLE_WITHIN_TIME_TOLERANCE,,,,,,,,NATIVE_TIME_SAMPLE_UNAVAILABLE_FOR_TIMELINE,COARSE_LOW_CLOUD_NATIVE_TIME_UNMATCHED,OBSERVER_ENVIRONMENT_TIMELINE_ONLY_NO_PHYSICS_PROMOTION,False,False,False,False
2026-09-14 17:05:21.746064+08:00,2026-09-14 18:00:21.746064+08:00,-55,5,PRE_EVENT,PRE_CORE_EVENT_DIAGNOSTIC,OPENMETEO_ROUTE_LINEAR_INTERPOLATION_EXISTING_CONTRACT,+5.0_0060,5.0,60.0,EXTENDED_GT40_100KM,23.323721573333334,0.08937390666666667,0.0,14933.3280176,86.08937390666667,0.0,,3300.0,NO_NATIVE_SAMPLE_WITHIN_TIME_TOLERANCE,,,,,,,,NATIVE_TIME_SAMPLE_UNAVAILABLE_FOR_TIMELINE,COARSE_LOW_CLOUD_NATIVE_TIME_UNMATCHED,OBSERVER_ENVIRONMENT_TIMELINE_ONLY_NO_PHYSICS_PROMOTION,False,False,False,False
2026-09-14 17:05:21.746064+08:00,2026-09-14 18:00:21.746064+08:00,-55,5,PRE_EVENT,PRE_CORE_EVENT_DIAGNOSTIC,OPENMETEO_ROUTE_LINEAR_INTERPOLATION_EXISTING_CONTRACT,+5.0_0070,5.0,70.0,EXTENDED_GT40_100KM,27.94933892,0.08937390666666667,0.0,14848.4020992,87.08937390666667,0.0,,3300.0,NO_NATIVE_SAMPLE_WITHIN_TIME_TOLERANCE,,,,,,,,NATIVE_TIME_SAMPLE_UNAVAILABLE_FOR_TIMELINE,COARSE_LOW_CLOUD_NATIVE_TIME_UNMATCHED,OBSERVER_ENVIRONMENT_TIMELINE_ONLY_NO_PHYSICS_PROMOTION,False,False,False,False
2026-09-14 17:05:21.746064+08:00,2026-09-14 18:00:21.746064+08:00,-55,5,PRE_EVENT,PRE_CORE_EVENT_DIAGNOSTIC,OPENMETEO_ROUTE_LINEAR_INTERPOLATION_EXISTING_CONTRACT,+5.0_0080,5.0,80.0,EXTENDED_GT40_100KM,30.983112973333334,0.0,0.0,16707.191326666667,86.17874781333333,0.0,,3300.0,NO_NATIVE_SAMPLE_WITHIN_TIME_TOLERANCE,,,,,,,,NATIVE_TIME_SAMPLE_UNAVAILABLE_FOR_TIMELINE,COARSE_LOW_CLOUD_NATIVE_TIME_UNMATCHED,OBSERVER_ENVIRONMENT_TIMELINE_ONLY_NO_PHYSICS_PROMOTION,False,False,False,False
2026-09-14 17:05:21.746064+08:00,2026-09-14 18:00:21.746064+08:00,-55,5,PRE_EVENT,PRE_CORE_EVENT_DIAGNOSTIC,OPENMETEO_ROUTE_LINEAR_INTERPOLATION_EXISTING_CONTRACT,+5.0_0090,5.0,90.0,EXTENDED_GT40_100KM,30.60873032,0.0,0.0,14363.4761808,86.17874781333333,0.0,,3300.0,NO_NATIVE_SAMPLE_WITHIN_TIME_TOLERANCE,,,,,,,,NATIVE_TIME_SAMPLE_UNAVAILABLE_FOR_TIMELINE,COARSE_LOW_CLOUD_NATIVE_TIME_UNMATCHED,OBSERVER_ENVIRONMENT_TIMELINE_ONLY_NO_PHYSICS_PROMOTION,False,False,False,False
2026-09-14 17:05:21.746064+08:00,2026-09-14 18:00:21.746064+08:00,-55,5,PRE_EVENT,PRE_CORE_EVENT_DIAGNOSTIC,OPENMETEO_ROUTE_LINEAR_INTERPOLATION_EXISTING_CONTRACT,+5.0_0100,5.0,100.0,EXTENDED_GT40_100KM,40.28500874666667,0.0,0.0,16321.491151733333,85.26812172,0.0,,3300.0,NO_NATIVE_SAMPLE_WITHIN_TIME_TOLERANCE,,,,,,,,NATIVE_TIME_SAMPLE_UNAVAILABLE_FOR_TIMELINE,COARSE_LOW_CLOUD_NATIVE_TIME_UNMATCHED,OBSERVER_ENVIRONMENT_TIMELINE_ONLY_NO_PHYSICS_PROMOTION,False,False,False,False
2026-09-14 17:10:21.746064+08:00,2026-09-14 18:00:21.746064+08:00,-50,5,PRE_EVENT,PRE_CORE_EVENT_DIAGNOSTIC,OPENMETEO_ROUTE_LINEAR_INTERPOLATION_EXISTING_CONTRACT,-5.0_0000,-5.0,0.0,NEAR_OBSERVER_0_10KM,2.0,1.17270724,0.0,15406.6940184,85.34541448,0.0,,3000.0,NO_NATIVE_SAMPLE_WITHIN_TIME_TOLERANCE,,,,,,,,NATIVE_TIME_SAMPLE_UNAVAILABLE_FOR_TIMELINE,COARSE_LOW_CLOUD_NATIVE_TIME_UNMATCHED,OBSERVER_ENVIRONMENT_TIMELINE_ONLY_NO_PHYSICS_PROMOTION,False,False,False,False
2026-09-14 17:10:21.746064+08:00,2026-09-14 18:00:21.746064+08:00,-50,5,PRE_EVENT,PRE_CORE_EVENT_DIAGNOSTIC,OPENMETEO_ROUTE_LINEAR_INTERPOLATION_EXISTING_CONTRACT,+0.0_0000,0.0,0.0,NEAR_OBSERVER_0_10KM,2.0,1.17270724,0.0,15406.6940184,85.34541448,0.0,,3000.0,NO_NATIVE_SAMPLE_WITHIN_TIME_TOLERANCE,,,,,,,,NATIVE_TIME_SAMPLE_UNAVAILABLE_FOR_TIMELINE,COARSE_LOW_CLOUD_NATIVE_TIME_UNMATCHED,OBSERVER_ENVIRONMENT_TIMELINE_ONLY_NO_PHYSICS_PROMOTION,False,False,False,False
2026-09-14 17:10:21.746064+08:00,2026-09-14 18:00:21.746064+08:00,-50,5,PRE_EVENT,PRE_CORE_EVENT_DIAGNOSTIC,OPENMETEO_ROUTE_LINEAR_INTERPOLATION_EXISTING_CONTRACT,+5.0_0000,5.0,0.0,NEAR_OBSERVER_0_10KM,2.0,1.17270724,0.0,15406.6940184,85.34541448,0.0,,3000.0,NO_NATIVE_SAMPLE_WITHIN_TIME_TOLERANCE,,,,,,,,NATIVE_TIME_SAMPLE_UNAVAILABLE_FOR_TIMELINE,COARSE_LOW_CLOUD_NATIVE_TIME_UNMATCHED,OBSERVER_ENVIRONMENT_TIMELINE_ONLY_NO_PHYSICS_PROMOTION,False,False,False,False
2026-09-14 17:10:21.746064+08:00,2026-09-14 18:00:21.746064+08:00,-50,5,PRE_EVENT,PRE_CORE_EVENT_DIAGNOSTIC,OPENMETEO_ROUTE_LINEAR_INTERPOLATION_EXISTING_CONTRACT,-5.0_0005,-5.0,5.0,NEAR_OBSERVER_0_10KM,2.0,1.17270724,0.0,15406.6940184,85.34541448,0.0,,3000.0,NO_NATIVE_SAMPLE_WITHIN_TIME_TOLERANCE,,,,,,,,NATIVE_TIME_SAMPLE_UNAVAILABLE_FOR_TIMELINE,COARSE_LOW_CLOUD_NATIVE_TIME_UNMATCHED,OBSERVER_ENVIRONMENT_TIMELINE_ONLY_NO_PHYSICS_PROMOTION,False,False,False,False
2026-09-14 17:10:21.746064+08:00,2026-09-14 18:00:21.746064+08:00,-50,5,PRE_EVENT,PRE_CORE_EVENT_DIAGNOSTIC,OPENMETEO_ROUTE_LINEAR_INTERPOLATION_EXISTING_CONTRACT,-5.0_0010,-5.0,10.0,NEAR_OBSERVER_0_10KM,1.0,1.17270724,0.0,17333.0476384,82.51812172,0.0,,3000.0,NO_NATIVE_SAMPLE_WITHIN_TIME_TOLERANCE,,,,,,,,NATIVE_TIME_SAMPLE_UNAVAILABLE_FOR_TIMELINE,COARSE_LOW_CLOUD_NATIVE_TIME_UNMATCHED,OBSERVER_ENVIRONMENT_TIMELINE_ONLY_NO_PHYSICS_PROMOTION,False,False,False,False
2026-09-14 17:10:21.746064+08:00,2026-09-14 18:00:21.746064+08:00,-50,5,PRE_EVENT,PRE_CORE_EVENT_DIAGNOSTIC,OPENMETEO_ROUTE_LINEAR_INTERPOLATION_EXISTING_CONTRACT,-5.0_0015,-5.0,15.0,PRIMARY_GT10_40KM,1.0,1.17270724,0.0,17333.0476384,82.51812172,0.0,,3000.0,NO_NATIVE_SAMPLE_WITHIN_TIME_TOLERANCE,,,,,,,,NATIVE_TIME_SAMPLE_UNAVAILABLE_FOR_TIMELINE,COARSE_LOW_CLOUD_NATIVE_TIME_UNMATCHED,OBSERVER_ENVIRONMENT_TIMELINE_ONLY_NO_PHYSICS_PROMOTION,False,False,False,False
2026-09-14 17:10:21.746064+08:00,2026-09-14 18:00:21.746064+08:00,-50,5,PRE_EVENT,PRE_CORE_EVENT_DIAGNOSTIC,OPENMETEO_ROUTE_LINEAR_INTERPOLATION_EXISTING_CONTRACT,-5.0_0020,-5.0,20.0,PRIMARY_GT10_40KM,1.17270724,1.65458552,0.0,16243.4541448,90.82729276,0.0,,3000.0,NO_NATIVE_SAMPLE_WITHIN_TIME_TOLERANCE,,,,,,,,NATIVE_TIME_SAMPLE_UNAVAILABLE_FOR_TIMELINE,COARSE_LOW_CLOUD_NATIVE_TIME_UNMATCHED,OBSERVER_ENVIRONMENT_TIMELINE_ONLY_NO_PHYSICS_PROMOTION,False,False,False,False
2026-09-14 17:10:21.746064+08:00,2026-09-14 18:00:21.746064+08:00,-50,5,PRE_EVENT,PRE_CORE_EVENT_DIAGNOSTIC,OPENMETEO_ROUTE_LINEAR_INTERPOLATION_EXISTING_CONTRACT,-5.0_0025,-5.0,25.0,PRIMARY_GT10_40KM,4.17270724,1.82729276,0.0,16133.0917104,88.82729276,0.0,,3000.0,NO_NATIVE_SAMPLE_WITHIN_TIME_TOLERANCE,,,,,,,,NATIVE_TIME_SAMPLE_UNAVAILABLE_FOR_TIMELINE,COARSE_LOW_CLOUD_NATIVE_TIME_UNMATCHED,OBSERVER_ENVIRONMENT_TIMELINE_ONLY_NO_PHYSICS_PROMOTION,False,False,False,False
2026-09-14 17:10:21.746064+08:00,2026-09-14 18:00:21.746064+08:00,-50,5,PRE_EVENT,PRE_CORE_EVENT_DIAGNOSTIC,OPENMETEO_ROUTE_LINEAR_INTERPOLATION_EXISTING_CONTRACT,-5.0_0030,-5.0,30.0,PRIMARY_GT10_40KM,4.17270724,1.82729276,0.0,16133.0917104,88.82729276,0.0,,3000.0,NO_NATIVE_SAMPLE_WITHIN_TIME_TOLERANCE,,,,,,,,NATIVE_TIME_SAMPLE_UNAVAILABLE_FOR_TIMELINE,COARSE_LOW_CLOUD_NATIVE_TIME_UNMATCHED,OBSERVER_ENVIRONMENT_TIMELINE_ONLY_NO_PHYSICS_PROMOTION,False,False,False,False
2026-09-14 17:10:21.746064+08:00,2026-09-14 18:00:21.746064+08:00,-50,5,PRE_EVENT,PRE_CORE_EVENT_DIAGNOSTIC,OPENMETEO_ROUTE_LINEAR_INTERPOLATION_EXISTING_CONTRACT,-5.0_0035,-5.0,35.0,PRIMARY_GT10_40KM,3.55436516,1.0,0.0,15727.6331584,87.17270724,0.0,,3000.0,NO_NATIVE_SAMPLE_WITHIN_TIME_TOLERANCE,,,,,,,,NATIVE_TIME_SAMPLE_UNAVAILABLE_FOR_TIMELINE,COARSE_LOW_CLOUD_NATIVE_TIME_UNMATCHED,OBSERVER_ENVIRONMENT_TIMELINE_ONLY_NO_PHYSICS_PROMOTION,False,False,False,False
2026-09-14 17:10:21.746064+08:00,2026-09-14 18:00:21.746064+08:00,-50,5,PRE_EVENT,PRE_CORE_EVENT_DIAGNOSTIC,OPENMETEO_ROUTE_LINEAR_INTERPOLATION_EXISTING_CONTRACT,-5.0_0040,-5.0,40.0,PRIMARY_GT10_40KM,3.55436516,1.0,0.0,15727.6331584,87.17270724,0.0,,3000.0,NO_NATIVE_SAMPLE_WITHIN_TIME_TOLERANCE,,,,,,,,NATIVE_TIME_SAMPLE_UNAVAILABLE_FOR_TIMELINE,COARSE_LOW_CLOUD_NATIVE_TIME_UNMATCHED,OBSERVER_ENVIRONMENT_TIMELINE_ONLY_NO_PHYSICS_PROMOTION,False,False,False,False
2026-09-14 17:10:21.746064+08:00,2026-09-14 18:00:21.746064+08:00,-50,5,PRE_EVENT,PRE_CORE_EVENT_DIAGNOSTIC,OPENMETEO_ROUTE_LINEAR_INTERPOLATION_EXISTING_CONTRACT,-5.0_0050,-5.0,50.0,EXTENDED_GT40_100KM,8.34541448,1.0,0.0,15364.7336832,88.17270724,0.0,,3000.0,NO_NATIVE_SAMPLE_WITHIN_TIME_TOLERANCE,,,,,,,,NATIVE_TIME_SAMPLE_UNAVAILABLE_FOR_TIMELINE,COARSE_LOW_CLOUD_NATIVE_TIME_UNMATCHED,OBSERVER_ENVIRONMENT_TIMELINE_ONLY_NO_PHYSICS_PROMOTION,False,False,False,False
2026-09-14 17:10:21.746064+08:00,2026-09-14 18:00:21.746064+08:00,-50,5,PRE_EVENT,PRE_CORE_EVENT_DIAGNOSTIC,OPENMETEO_ROUTE_LINEAR_INTERPOLATION_EXISTING_CONTRACT,-5.0_0060,-5.0,60.0,EXTENDED_GT40_100KM,16.30917104,0.82729276,0.0,15156.375656,88.17270724,0.0,,3000.0,NO_NATIVE_SAMPLE_WITHIN_TIME_TOLERANCE,,,,,,,,NATIVE_TIME_SAMPLE_UNAVAILABLE_FOR_TIMELINE,COARSE_LOW_CLOUD_NATIVE_TIME_UNMATCHED,OBSERVER_ENVIRONMENT_TIMELINE_ONLY_NO_PHYSICS_PROMOTION,False,False,False,False
2026-09-14 17:10:21.746064+08:00,2026-09-14 18:00:21.746064+08:00,-50,5,PRE_EVENT,PRE_CORE_EVENT_DIAGNOSTIC,OPENMETEO_ROUTE_LINEAR_INTERPOLATION_EXISTING_CONTRACT,-5.0_0070,-5.0,70.0,EXTENDED_GT40_100KM,17.20895068,0.82729276,0.0,14823.2839456,87.17270724,0.0,,3000.0,NO_NATIVE_SAMPLE_WITHIN_TIME_TOLERANCE,,,,,,,,NATIVE_TIME_SAMPLE_UNAVAILABLE_FOR_TIMELINE,COARSE_LOW_CLOUD_NATIVE_TIME_UNMATCHED,OBSERVER_ENVIRONMENT_TIMELINE_ONLY_NO_PHYSICS_PROMOTION,False,False,False,False
2026-09-14 17:10:21.746064+08:00,2026-09-14 18:00:21.746064+08:00,-50,5,PRE_EVENT,PRE_CORE_EVENT_DIAGNOSTIC,OPENMETEO_ROUTE_LINEAR_INTERPOLATION_EXISTING_CONTRACT,-5.0_0080,-5.0,80.0,EXTENDED_GT40_100KM,44.71856244,0.82729276,0.0,16825.8870944,85.51812172,0.0,,3000.0,NO_NATIVE_SAMPLE_WITHIN_TIME_TOLERANCE,,,,,,,,NATIVE_TIME_SAMPLE_UNAVAILABLE_FOR_TIMELINE,COARSE_LOW_CLOUD_NATIVE_TIME_UNMATCHED,OBSERVER_ENVIRONMENT_TIMELINE_ONLY_NO_PHYSICS_PROMOTION,False,False,False,False
2026-09-14 17:10:21.746064+08:00,2026-09-14 18:00:21.746064+08:00,-50,5,PRE_EVENT,PRE_CORE_EVENT_DIAGNOSTIC,OPENMETEO_ROUTE_LINEAR_INTERPOLATION_EXISTING_CONTRACT,-5.0_0090,-5.0,90.0,EXTENDED_GT40_100KM,52.9552466,0.82729276,0.0,16632.2407144,86.17270724,0.0,,3000.0,NO_NATIVE_SAMPLE_WITHIN_TIME_TOLERANCE,,,,,,,,NATIVE_TIME_SAMPLE_UNAVAILABLE_FOR_TIMELINE,COARSE_LOW_CLOUD_NATIVE_TIME_UNMATCHED,OBSERVER_ENVIRONMENT_TIMELINE_ONLY_NO_PHYSICS_PROMOTION,False,False,False,False
2026-09-14 17:10:21.746064+08:00,2026-09-14 18:00:21.746064+08:00,-50,5,PRE_EVENT,PRE_CORE_EVENT_DIAGNOSTIC,OPENMETEO_ROUTE_LINEAR_INTERPOLATION_EXISTING_CONTRACT,-5.0_0100,-5.0,100.0,EXTENDED_GT40_100KM,36.30917104,0.82729276,0.0,16125.8870944,85.17270724,0.0,,3000.0,NO_NATIVE_SAMPLE_WITHIN_TIME_TOLERANCE,,,,,,,,NATIVE_TIME_SAMPLE_UNAVAILABLE_FOR_TIMELINE,COARSE_LOW_CLOUD_NATIVE_TIME_UNMATCHED,OBSERVER_ENVIRONMENT_TIMELINE_ONLY_NO_PHYSICS_PROMOTION,False,False,False,False
2026-09-14 17:10:21.746064+08:00,2026-09-14 18:00:21.746064+08:00,-50,5,PRE_EVENT,PRE_CORE_EVENT_DIAGNOSTIC,OPENMETEO_ROUTE_LINEAR_INTERPOLATION_EXISTING_CONTRACT,+0.0_0005,0.0,5.0,NEAR_OBSERVER_0_10KM,2.0,1.17270724,0.0,15406.6940184,85.34541448,0.0,,3000.0,NO_NATIVE_SAMPLE_WITHIN_TIME_TOLERANCE,,,,,,,,NATIVE_TIME_SAMPLE_UNAVAILABLE_FOR_TIMELINE,COARSE_LOW_CLOUD_NATIVE_TIME_UNMATCHED,OBSERVER_ENVIRONMENT_TIMELINE_ONLY_NO_PHYSICS_PROMOTION,False,False,False,False
2026-09-14 17:10:21.746064+08:00,2026-09-14 18:00:21.746064+08:00,-50,5,PRE_EVENT,PRE_CORE_EVENT_DIAGNOSTIC,OPENMETEO_ROUTE_LINEAR_INTERPOLATION_EXISTING_CONTRACT,+0.0_0010,0.0,10.0,NEAR_OBSERVER_0_10KM,1.0,1.17270724,0.0,17333.0476384,82.51812172,0.0,,3000.0,NO_NATIVE_SAMPLE_WITHIN_TIME_TOLERANCE,,,,,,,,NATIVE_TIME_SAMPLE_UNAVAILABLE_FOR_TIMELINE,COARSE_LOW_CLOUD_NATIVE_TIME_UNMATCHED,OBSERVER_ENVIRONMENT_TIMELINE_ONLY_NO_PHYSICS_PROMOTION,False,False,False,False
2026-09-14 17:10:21.746064+08:00,2026-09-14 18:00:21.746064+08:00,-50,5,PRE_EVENT,PRE_CORE_EVENT_DIAGNOSTIC,OPENMETEO_ROUTE_LINEAR_INTERPOLATION_EXISTING_CONTRACT,+0.0_0015,0.0,15.0,PRIMARY_GT10_40KM,2.0,0.82729276,0.0,16256.5458552,89.82729276,0.0,,3000.0,NO_NATIVE_SAMPLE_WITHIN_TIME_TOLERANCE,,,,,,,,NATIVE_TIME_SAMPLE_UNAVAILABLE_FOR_TIMELINE,COARSE_LOW_CLOUD_NATIVE_TIME_UNMATCHED,OBSERVER_ENVIRONMENT_TIMELINE_ONLY_NO_PHYSICS_PROMOTION,False,False,False,False
2026-09-14 17:10:21.746064+08:00,2026-09-14 18:00:21.746064+08:00,-50,5,PRE_EVENT,PRE_CORE_EVENT_DIAGNOSTIC,OPENMETEO_ROUTE_LINEAR_INTERPOLATION_EXISTING_CONTRACT,+0.0_0020,0.0,20.0,PRIMARY_GT10_40KM,4.82729276,1.0,0.0,16086.1834208,87.82729276,0.0,,3000.0,NO_NATIVE_SAMPLE_WITHIN_TIME_TOLERANCE,,,,,,,,NATIVE_TIME_SAMPLE_UNAVAILABLE_FOR_TIMELINE,COARSE_LOW_CLOUD_NATIVE_TIME_UNMATCHED,OBSERVER_ENVIRONMENT_TIMELINE_ONLY_NO_PHYSICS_PROMOTION,False,False,False,False
2026-09-14 17:10:21.746064+08:00,2026-09-14 18:00:21.746064+08:00,-50,5,PRE_EVENT,PRE_CORE_EVENT_DIAGNOSTIC,OPENMETEO_ROUTE_LINEAR_INTERPOLATION_EXISTING_CONTRACT,+0.0_0025,0.0,25.0,PRIMARY_GT10_40KM,4.82729276,1.0,0.0,16086.1834208,87.82729276,0.0,,3000.0,NO_NATIVE_SAMPLE_WITHIN_TIME_TOLERANCE,,,,,,,,NATIVE_TIME_SAMPLE_UNAVAILABLE_FOR_TIMELINE,COARSE_LOW_CLOUD_NATIVE_TIME_UNMATCHED,OBSERVER_ENVIRONMENT_TIMELINE_ONLY_NO_PHYSICS_PROMOTION,False,False,False,False
2026-09-14 17:10:21.746064+08:00,2026-09-14 18:00:21.746064+08:00,-50,5,PRE_EVENT,PRE_CORE_EVENT_DIAGNOSTIC,OPENMETEO_ROUTE_LINEAR_INTERPOLATION_EXISTING_CONTRACT,+0.0_0030,0.0,30.0,PRIMARY_GT10_40KM,5.0,1.0,0.0,15769.082896,88.0,0.0,,3000.0,NO_NATIVE_SAMPLE_WITHIN_TIME_TOLERANCE,,,,,,,,NATIVE_TIME_SAMPLE_UNAVAILABLE_FOR_TIMELINE,COARSE_LOW_CLOUD_NATIVE_TIME_UNMATCHED,OBSERVER_ENVIRONMENT_TIMELINE_ONLY_NO_PHYSICS_PROMOTION,False,False,False,False
2026-09-14 17:10:21.746064+08:00,2026-09-14 18:00:21.746064+08:00,-50,5,PRE_EVENT,PRE_CORE_EVENT_DIAGNOSTIC,OPENMETEO_ROUTE_LINEAR_INTERPOLATION_EXISTING_CONTRACT,+0.0_0035,0.0,35.0,PRIMARY_GT10_40KM,5.0,1.0,0.0,15769.082896,88.0,0.0,,3000.0,NO_NATIVE_SAMPLE_WITHIN_TIME_TOLERANCE,,,,,,,,NATIVE_TIME_SAMPLE_UNAVAILABLE_FOR_TIMELINE,COARSE_LOW_CLOUD_NATIVE_TIME_UNMATCHED,OBSERVER_ENVIRONMENT_TIMELINE_ONLY_NO_PHYSICS_PROMOTION,False,False,False,False
2026-09-14 17:10:21.746064+08:00,2026-09-14 18:00:21.746064+08:00,-50,5,PRE_EVENT,PRE_CORE_EVENT_DIAGNOSTIC,OPENMETEO_ROUTE_LINEAR_INTERPOLATION_EXISTING_CONTRACT,+0.0_0040,0.0,40.0,PRIMARY_GT10_40KM,2.51812172,1.0,0.0,15376.375656,88.0,0.0,,3000.0,NO_NATIVE_SAMPLE_WITHIN_TIME_TOLERANCE,,,,,,,,NATIVE_TIME_SAMPLE_UNAVAILABLE_FOR_TIMELINE,COARSE_LOW_CLOUD_NATIVE_TIME_UNMATCHED,OBSERVER_ENVIRONMENT_TIMELINE_ONLY_NO_PHYSICS_PROMOTION,False,False,False,False
2026-09-14 17:10:21.746064+08:00,2026-09-14 18:00:21.746064+08:00,-50,5,PRE_EVENT,PRE_CORE_EVENT_DIAGNOSTIC,OPENMETEO_ROUTE_LINEAR_INTERPOLATION_EXISTING_CONTRACT,+0.0_0050,0.0,50.0,EXTENDED_GT40_100KM,17.89977964,1.0,0.0,15164.3932848,88.0,0.0,,3000.0,NO_NATIVE_SAMPLE_WITHIN_TIME_TOLERANCE,,,,,,,,NATIVE_TIME_SAMPLE_UNAVAILABLE_FOR_TIMELINE,COARSE_LOW_CLOUD_NATIVE_TIME_UNMATCHED,OBSERVER_ENVIRONMENT_TIMELINE_ONLY_NO_PHYSICS_PROMOTION,False,False,False,False
2026-09-14 17:10:21.746064+08:00,2026-09-14 18:00:21.746064+08:00,-50,5,PRE_EVENT,PRE_CORE_EVENT_DIAGNOSTIC,OPENMETEO_ROUTE_LINEAR_INTERPOLATION_EXISTING_CONTRACT,+0.0_0060,0.0,60.0,EXTENDED_GT40_100KM,31.1364638,0.82729276,0.0,14880.2142712,86.34541448,0.0,,3000.0,NO_NATIVE_SAMPLE_WITHIN_TIME_TOLERANCE,,,,,,,,NATIVE_TIME_SAMPLE_UNAVAILABLE_FOR_TIMELINE,COARSE_LOW_CLOUD_NATIVE_TIME_UNMATCHED,OBSERVER_ENVIRONMENT_TIMELINE_ONLY_NO_PHYSICS_PROMOTION,False,False,False,False
2026-09-14 17:10:21.746064+08:00,2026-09-14 18:00:21.746064+08:00,-50,5,PRE_EVENT,PRE_CORE_EVENT_DIAGNOSTIC,OPENMETEO_ROUTE_LINEAR_INTERPOLATION_EXISTING_CONTRACT,+0.0_0070,0.0,70.0,EXTENDED_GT40_100KM,13.1812172,0.82729276,0.0,16350.790976799999,86.34541448,0.0,,3000.0,NO_NATIVE_SAMPLE_WITHIN_TIME_TOLERANCE,,,,,,,,NATIVE_TIME_SAMPLE_UNAVAILABLE_FOR_TIMELINE,COARSE_LOW_CLOUD_NATIVE_TIME_UNMATCHED,OBSERVER_ENVIRONMENT_TIMELINE_ONLY_NO_PHYSICS_PROMOTION,False,False,False,False
2026-09-14 17:10:21.746064+08:00,2026-09-14 18:00:21.746064+08:00,-50,5,PRE_EVENT,PRE_CORE_EVENT_DIAGNOSTIC,OPENMETEO_ROUTE_LINEAR_INTERPOLATION_EXISTING_CONTRACT,+0.0_0080,0.0,80.0,EXTENDED_GT40_100KM,44.71856244,0.82729276,0.0,16825.8870944,85.51812172,0.0,,3000.0,NO_NATIVE_SAMPLE_WITHIN_TIME_TOLERANCE,,,,,,,,NATIVE_TIME_SAMPLE_UNAVAILABLE_FOR_TIMELINE,COARSE_LOW_CLOUD_NATIVE_TIME_UNMATCHED,OBSERVER_ENVIRONMENT_TIMELINE_ONLY_NO_PHYSICS_PROMOTION,False,False,False,False
2026-09-14 17:10:21.746064+08:00,2026-09-14 18:00:21.746064+08:00,-50,5,PRE_EVENT,PRE_CORE_EVENT_DIAGNOSTIC,OPENMETEO_ROUTE_LINEAR_INTERPOLATION_EXISTING_CONTRACT,+0.0_0090,0.0,90.0,EXTENDED_GT40_100KM,52.9552466,0.0,0.0,16670.066108,86.34541448,0.0,,3000.0,NO_NATIVE_SAMPLE_WITHIN_TIME_TOLERANCE,,,,,,,,NATIVE_TIME_SAMPLE_UNAVAILABLE_FOR_TIMELINE,COARSE_LOW_CLOUD_NATIVE_TIME_UNMATCHED,OBSERVER_ENVIRONMENT_TIMELINE_ONLY_NO_PHYSICS_PROMOTION,False,False,False,False
2026-09-14 17:10:21.746064+08:00,2026-09-14 18:00:21.746064+08:00,-50,5,PRE_EVENT,PRE_CORE_EVENT_DIAGNOSTIC,OPENMETEO_ROUTE_LINEAR_INTERPOLATION_EXISTING_CONTRACT,+0.0_0100,0.0,100.0,EXTENDED_GT40_100KM,45.78253936,0.0,0.0,16461.1534112,85.34541448,0.0,,3000.0,NO_NATIVE_SAMPLE_WITHIN_TIME_TOLERANCE,,,,,,,,NATIVE_TIME_SAMPLE_UNAVAILABLE_FOR_TIMELINE,COARSE_LOW_CLOUD_NATIVE_TIME_UNMATCHED,OBSERVER_ENVIRONMENT_TIMELINE_ONLY_NO_PHYSICS_PROMOTION,False,False,False,False
2026-09-14 17:10:21.746064+08:00,2026-09-14 18:00:21.746064+08:00,-50,5,PRE_EVENT,PRE_CORE_EVENT_DIAGNOSTIC,OPENMETEO_ROUTE_LINEAR_INTERPOLATION_EXISTING_CONTRACT,+5.0_0005,5.0,5.0,NEAR_OBSERVER_0_10KM,2.0,1.17270724,0.0,15406.6940184,85.34541448,0.0,,3000.0,NO_NATIVE_SAMPLE_WITHIN_TIME_TOLERANCE,,,,,,,,NATIVE_TIME_SAMPLE_UNAVAILABLE_FOR_TIMELINE,COARSE_LOW_CLOUD_NATIVE_TIME_UNMATCHED,OBSERVER_ENVIRONMENT_TIMELINE_ONLY_NO_PHYSICS_PROMOTION,False,False,False,False
2026-09-14 17:10:21.746064+08:00,2026-09-14 18:00:21.746064+08:00,-50,5,PRE_EVENT,PRE_CORE_EVENT_DIAGNOSTIC,OPENMETEO_ROUTE_LINEAR_INTERPOLATION_EXISTING_CONTRACT,+5.0_0010,5.0,10.0,NEAR_OBSERVER_0_10KM,2.0,1.17270724,0.0,15406.6940184,85.34541448,0.0,,3000.0,NO_NATIVE_SAMPLE_WITHIN_TIME_TOLERANCE,,,,,,,,NATIVE_TIME_SAMPLE_UNAVAILABLE_FOR_TIMELINE,COARSE_LOW_CLOUD_NATIVE_TIME_UNMATCHED,OBSERVER_ENVIRONMENT_TIMELINE_ONLY_NO_PHYSICS_PROMOTION,False,False,False,False
2026-09-14 17:10:21.746064+08:00,2026-09-14 18:00:21.746064+08:00,-50,5,PRE_EVENT,PRE_CORE_EVENT_DIAGNOSTIC,OPENMETEO_ROUTE_LINEAR_INTERPOLATION_EXISTING_CONTRACT,+5.0_0015,5.0,15.0,PRIMARY_GT10_40KM,2.0,0.82729276,0.0,16256.5458552,89.82729276,0.0,,3000.0,NO_NATIVE_SAMPLE_WITHIN_TIME_TOLERANCE,,,,,,,,NATIVE_TIME_SAMPLE_UNAVAILABLE_FOR_TIMELINE,COARSE_LOW_CLOUD_NATIVE_TIME_UNMATCHED,OBSERVER_ENVIRONMENT_TIMELINE_ONLY_NO_PHYSICS_PROMOTION,False,False,False,False
2026-09-14 17:10:21.746064+08:00,2026-09-14 18:00:21.746064+08:00,-50,5,PRE_EVENT,PRE_CORE_EVENT_DIAGNOSTIC,OPENMETEO_ROUTE_LINEAR_INTERPOLATION_EXISTING_CONTRACT,+5.0_0020,5.0,20.0,PRIMARY_GT10_40KM,4.82729276,1.0,0.0,16086.1834208,87.82729276,0.0,,3000.0,NO_NATIVE_SAMPLE_WITHIN_TIME_TOLERANCE,,,,,,,,NATIVE_TIME_SAMPLE_UNAVAILABLE_FOR_TIMELINE,COARSE_LOW_CLOUD_NATIVE_TIME_UNMATCHED,OBSERVER_ENVIRONMENT_TIMELINE_ONLY_NO_PHYSICS_PROMOTION,False,False,False,False
2026-09-14 17:10:21.746064+08:00,2026-09-14 18:00:21.746064+08:00,-50,5,PRE_EVENT,PRE_CORE_EVENT_DIAGNOSTIC,OPENMETEO_ROUTE_LINEAR_INTERPOLATION_EXISTING_CONTRACT,+5.0_0025,5.0,25.0,PRIMARY_GT10_40KM,4.82729276,1.0,0.0,16086.1834208,87.82729276,0.0,,3000.0,NO_NATIVE_SAMPLE_WITHIN_TIME_TOLERANCE,,,,,,,,NATIVE_TIME_SAMPLE_UNAVAILABLE_FOR_TIMELINE,COARSE_LOW_CLOUD_NATIVE_TIME_UNMATCHED,OBSERVER_ENVIRONMENT_TIMELINE_ONLY_NO_PHYSICS_PROMOTION,False,False,False,False
2026-09-14 17:10:21.746064+08:00,2026-09-14 18:00:21.746064+08:00,-50,5,PRE_EVENT,PRE_CORE_EVENT_DIAGNOSTIC,OPENMETEO_ROUTE_LINEAR_INTERPOLATION_EXISTING_CONTRACT,+5.0_0030,5.0,30.0,PRIMARY_GT10_40KM,5.0,1.0,0.0,15769.082896,88.0,0.0,,3000.0,NO_NATIVE_SAMPLE_WITHIN_TIME_TOLERANCE,,,,,,,,NATIVE_TIME_SAMPLE_UNAVAILABLE_FOR_TIMELINE,COARSE_LOW_CLOUD_NATIVE_TIME_UNMATCHED,OBSERVER_ENVIRONMENT_TIMELINE_ONLY_NO_PHYSICS_PROMOTION,False,False,False,False
2026-09-14 17:10:21.746064+08:00,2026-09-14 18:00:21.746064+08:00,-50,5,PRE_EVENT,PRE_CORE_EVENT_DIAGNOSTIC,OPENMETEO_ROUTE_LINEAR_INTERPOLATION_EXISTING_CONTRACT,+5.0_0035,5.0,35.0,PRIMARY_GT10_40KM,5.0,1.0,0.0,15769.082896,88.0,0.0,,3000.0,NO_NATIVE_SAMPLE_WITHIN_TIME_TOLERANCE,,,,,,,,NATIVE_TIME_SAMPLE_UNAVAILABLE_FOR_TIMELINE,COARSE_LOW_CLOUD_NATIVE_TIME_UNMATCHED,OBSERVER_ENVIRONMENT_TIMELINE_ONLY_NO_PHYSICS_PROMOTION,False,False,False,False
2026-09-14 17:10:21.746064+08:00,2026-09-14 18:00:21.746064+08:00,-50,5,PRE_EVENT,PRE_CORE_EVENT_DIAGNOSTIC,OPENMETEO_ROUTE_LINEAR_INTERPOLATION_EXISTING_CONTRACT,+5.0_0040,5.0,40.0,PRIMARY_GT10_40KM,2.51812172,1.0,0.0,15376.375656,88.0,0.0,,3000.0,NO_NATIVE_SAMPLE_WITHIN_TIME_TOLERANCE,,,,,,,,NATIVE_TIME_SAMPLE_UNAVAILABLE_FOR_TIMELINE,COARSE_LOW_CLOUD_NATIVE_TIME_UNMATCHED,OBSERVER_ENVIRONMENT_TIMELINE_ONLY_NO_PHYSICS_PROMOTION,False,False,False,False
2026-09-14 17:10:21.746064+08:00,2026-09-14 18:00:21.746064+08:00,-50,5,PRE_EVENT,PRE_CORE_EVENT_DIAGNOSTIC,OPENMETEO_ROUTE_LINEAR_INTERPOLATION_EXISTING_CONTRACT,+5.0_0050,5.0,50.0,EXTENDED_GT40_100KM,12.62685204,0.17270724,0.0,15103.3280176,87.82729276,0.0,,3000.0,NO_NATIVE_SAMPLE_WITHIN_TIME_TOLERANCE,,,,,,,,NATIVE_TIME_SAMPLE_UNAVAILABLE_FOR_TIMELINE,COARSE_LOW_CLOUD_NATIVE_TIME_UNMATCHED,OBSERVER_ENVIRONMENT_TIMELINE_ONLY_NO_PHYSICS_PROMOTION,False,False,False,False
2026-09-14 17:10:21.746064+08:00,2026-09-14 18:00:21.746064+08:00,-50,5,PRE_EVENT,PRE_CORE_EVENT_DIAGNOSTIC,OPENMETEO_ROUTE_LINEAR_INTERPOLATION_EXISTING_CONTRACT,+5.0_0060,5.0,60.0,EXTENDED_GT40_100KM,25.49038824,0.17270724,0.0,14703.3280176,86.17270724,0.0,,3000.0,NO_NATIVE_SAMPLE_WITHIN_TIME_TOLERANCE,,,,,,,,NATIVE_TIME_SAMPLE_UNAVAILABLE_FOR_TIMELINE,COARSE_LOW_CLOUD_NATIVE_TIME_UNMATCHED,OBSERVER_ENVIRONMENT_TIMELINE_ONLY_NO_PHYSICS_PROMOTION,False,False,False,False
2026-09-14 17:10:21.746064+08:00,2026-09-14 18:00:21.746064+08:00,-50,5,PRE_EVENT,PRE_CORE_EVENT_DIAGNOSTIC,OPENMETEO_ROUTE_LINEAR_INTERPOLATION_EXISTING_CONTRACT,+5.0_0070,5.0,70.0,EXTENDED_GT40_100KM,30.699338920000002,0.17270724,0.0,14688.4020992,87.17270724,0.0,,3000.0,NO_NATIVE_SAMPLE_WITHIN_TIME_TOLERANCE,,,,,,,,NATIVE_TIME_SAMPLE_UNAVAILABLE_FOR_TIMELINE,COARSE_LOW_CLOUD_NATIVE_TIME_UNMATCHED,OBSERVER_ENVIRONMENT_TIMELINE_ONLY_NO_PHYSICS_PROMOTION,False,False,False,False
2026-09-14 17:10:21.746064+08:00,2026-09-14 18:00:21.746064+08:00,-50,5,PRE_EVENT,PRE_CORE_EVENT_DIAGNOSTIC,OPENMETEO_ROUTE_LINEAR_INTERPOLATION_EXISTING_CONTRACT,+5.0_0080,5.0,80.0,EXTENDED_GT40_100KM,31.89977964,0.0,0.0,16415.52466,86.34541448,0.0,,3000.0,NO_NATIVE_SAMPLE_WITHIN_TIME_TOLERANCE,,,,,,,,NATIVE_TIME_SAMPLE_UNAVAILABLE_FOR_TIMELINE,COARSE_LOW_CLOUD_NATIVE_TIME_UNMATCHED,OBSERVER_ENVIRONMENT_TIMELINE_ONLY_NO_PHYSICS_PROMOTION,False,False,False,False
2026-09-14 17:10:21.746064+08:00,2026-09-14 18:00:21.746064+08:00,-50,5,PRE_EVENT,PRE_CORE_EVENT_DIAGNOSTIC,OPENMETEO_ROUTE_LINEAR_INTERPOLATION_EXISTING_CONTRACT,+5.0_0090,5.0,90.0,EXTENDED_GT40_100KM,32.10873032,0.0,0.0,14273.4761808,86.34541448,0.0,,3000.0,NO_NATIVE_SAMPLE_WITHIN_TIME_TOLERANCE,,,,,,,,NATIVE_TIME_SAMPLE_UNAVAILABLE_FOR_TIMELINE,COARSE_LOW_CLOUD_NATIVE_TIME_UNMATCHED,OBSERVER_ENVIRONMENT_TIMELINE_ONLY_NO_PHYSICS_PROMOTION,False,False,False,False
2026-09-14 17:10:21.746064+08:00,2026-09-14 18:00:21.746064+08:00,-50,5,PRE_EVENT,PRE_CORE_EVENT_DIAGNOSTIC,OPENMETEO_ROUTE_LINEAR_INTERPOLATION_EXISTING_CONTRACT,+5.0_0100,5.0,100.0,EXTENDED_GT40_100KM,39.61834208,0.0,0.0,16043.157818399999,85.51812172,0.0,,3000.0,NO_NATIVE_SAMPLE_WITHIN_TIME_TOLERANCE,,,,,,,,NATIVE_TIME_SAMPLE_UNAVAILABLE_FOR_TIMELINE,COARSE_LOW_CLOUD_NATIVE_TIME_UNMATCHED,OBSERVER_ENVIRONMENT_TIMELINE_ONLY_NO_PHYSICS_PROMOTION,False,False,False,False
2026-09-14 17:15:21.746064+08:00,2026-09-14 18:00:21.746064+08:00,-45,5,PRE_EVENT,PRE_CORE_EVENT_DIAGNOSTIC,OPENMETEO_ROUTE_LINEAR_INTERPOLATION_EXISTING_CONTRACT,-5.0_0000,-5.0,0.0,NEAR_OBSERVER_0_10KM,2.0,1.2560405733333333,0.0,15545.027351733333,85.51208114666667,0.0,,2700.0,NO_NATIVE_SAMPLE_WITHIN_TIME_TOLERANCE,,,,,,,,NATIVE_TIME_SAMPLE_UNAVAILABLE_FOR_TIMELINE,COARSE_LOW_CLOUD_NATIVE_TIME_UNMATCHED,OBSERVER_ENVIRONMENT_TIMELINE_ONLY_NO_PHYSICS_PROMOTION,False,False,False,False
2026-09-14 17:15:21.746064+08:00,2026-09-14 18:00:21.746064+08:00,-45,5,PRE_EVENT,PRE_CORE_EVENT_DIAGNOSTIC,OPENMETEO_ROUTE_LINEAR_INTERPOLATION_EXISTING_CONTRACT,+0.0_0000,0.0,0.0,NEAR_OBSERVER_0_10KM,2.0,1.2560405733333333,0.0,15545.027351733333,85.51208114666667,0.0,,2700.0,NO_NATIVE_SAMPLE_WITHIN_TIME_TOLERANCE,,,,,,,,NATIVE_TIME_SAMPLE_UNAVAILABLE_FOR_TIMELINE,COARSE_LOW_CLOUD_NATIVE_TIME_UNMATCHED,OBSERVER_ENVIRONMENT_TIMELINE_ONLY_NO_PHYSICS_PROMOTION,False,False,False,False
2026-09-14 17:15:21.746064+08:00,2026-09-14 18:00:21.746064+08:00,-45,5,PRE_EVENT,PRE_CORE_EVENT_DIAGNOSTIC,OPENMETEO_ROUTE_LINEAR_INTERPOLATION_EXISTING_CONTRACT,+5.0_0000,5.0,0.0,NEAR_OBSERVER_0_10KM,2.0,1.2560405733333333,0.0,15545.027351733333,85.51208114666667,0.0,,2700.0,NO_NATIVE_SAMPLE_WITHIN_TIME_TOLERANCE,,,,,,,,NATIVE_TIME_SAMPLE_UNAVAILABLE_FOR_TIMELINE,COARSE_LOW_CLOUD_NATIVE_TIME_UNMATCHED,OBSERVER_ENVIRONMENT_TIMELINE_ONLY_NO_PHYSICS_PROMOTION,False,False,False,False
2026-09-14 17:15:21.746064+08:00,2026-09-14 18:00:21.746064+08:00,-45,5,PRE_EVENT,PRE_CORE_EVENT_DIAGNOSTIC,OPENMETEO_ROUTE_LINEAR_INTERPOLATION_EXISTING_CONTRACT,-5.0_0005,-5.0,5.0,NEAR_OBSERVER_0_10KM,2.0,1.2560405733333333,0.0,15545.027351733333,85.51208114666667,0.0,,2700.0,NO_NATIVE_SAMPLE_WITHIN_TIME_TOLERANCE,,,,,,,,NATIVE_TIME_SAMPLE_UNAVAILABLE_FOR_TIMELINE,COARSE_LOW_CLOUD_NATIVE_TIME_UNMATCHED,OBSERVER_ENVIRONMENT_TIMELINE_ONLY_NO_PHYSICS_PROMOTION,False,False,False,False
2026-09-14 17:15:21.746064+08:00,2026-09-14 18:00:21.746064+08:00,-45,5,PRE_EVENT,PRE_CORE_EVENT_DIAGNOSTIC,OPENMETEO_ROUTE_LINEAR_INTERPOLATION_EXISTING_CONTRACT,-5.0_0010,-5.0,10.0,NEAR_OBSERVER_0_10KM,1.0,1.2560405733333333,0.0,17513.0476384,82.76812172,0.0,,2700.0,NO_NATIVE_SAMPLE_WITHIN_TIME_TOLERANCE,,,,,,,,NATIVE_TIME_SAMPLE_UNAVAILABLE_FOR_TIMELINE,COARSE_LOW_CLOUD_NATIVE_TIME_UNMATCHED,OBSERVER_ENVIRONMENT_TIMELINE_ONLY_NO_PHYSICS_PROMOTION,False,False,False,False
2026-09-14 17:15:21.746064+08:00,2026-09-14 18:00:21.746064+08:00,-45,5,PRE_EVENT,PRE_CORE_EVENT_DIAGNOSTIC,OPENMETEO_ROUTE_LINEAR_INTERPOLATION_EXISTING_CONTRACT,-5.0_0015,-5.0,15.0,PRIMARY_GT10_40KM,1.0,1.2560405733333333,0.0,17513.0476384,82.76812172,0.0,,2700.0,NO_NATIVE_SAMPLE_WITHIN_TIME_TOLERANCE,,,,,,,,NATIVE_TIME_SAMPLE_UNAVAILABLE_FOR_TIMELINE,COARSE_LOW_CLOUD_NATIVE_TIME_UNMATCHED,OBSERVER_ENVIRONMENT_TIMELINE_ONLY_NO_PHYSICS_PROMOTION,False,False,False,False
2026-09-14 17:15:21.746064+08:00,2026-09-14 18:00:21.746064+08:00,-45,5,PRE_EVENT,PRE_CORE_EVENT_DIAGNOSTIC,OPENMETEO_ROUTE_LINEAR_INTERPOLATION_EXISTING_CONTRACT,-5.0_0020,-5.0,20.0,PRIMARY_GT10_40KM,1.2560405733333333,1.4879188533333334,0.0,16245.120811466666,90.74395942666666,0.0,,2700.0,NO_NATIVE_SAMPLE_WITHIN_TIME_TOLERANCE,,,,,,,,NATIVE_TIME_SAMPLE_UNAVAILABLE_FOR_TIMELINE,COARSE_LOW_CLOUD_NATIVE_TIME_UNMATCHED,OBSERVER_ENVIRONMENT_TIMELINE_ONLY_NO_PHYSICS_PROMOTION,False,False,False,False
2026-09-14 17:15:21.746064+08:00,2026-09-14 18:00:21.746064+08:00,-45,5,PRE_EVENT,PRE_CORE_EVENT_DIAGNOSTIC,OPENMETEO_ROUTE_LINEAR_INTERPOLATION_EXISTING_CONTRACT,-5.0_0025,-5.0,25.0,PRIMARY_GT10_40KM,4.256040573333333,1.7439594266666667,0.0,16129.758377066666,88.74395942666666,0.0,,2700.0,NO_NATIVE_SAMPLE_WITHIN_TIME_TOLERANCE,,,,,,,,NATIVE_TIME_SAMPLE_UNAVAILABLE_FOR_TIMELINE,COARSE_LOW_CLOUD_NATIVE_TIME_UNMATCHED,OBSERVER_ENVIRONMENT_TIMELINE_ONLY_NO_PHYSICS_PROMOTION,False,False,False,False
2026-09-14 17:15:21.746064+08:00,2026-09-14 18:00:21.746064+08:00,-45,5,PRE_EVENT,PRE_CORE_EVENT_DIAGNOSTIC,OPENMETEO_ROUTE_LINEAR_INTERPOLATION_EXISTING_CONTRACT,-5.0_0030,-5.0,30.0,PRIMARY_GT10_40KM,4.256040573333333,1.7439594266666667,0.0,16129.758377066666,88.74395942666666,0.0,,2700.0,NO_NATIVE_SAMPLE_WITHIN_TIME_TOLERANCE,,,,,,,,NATIVE_TIME_SAMPLE_UNAVAILABLE_FOR_TIMELINE,COARSE_LOW_CLOUD_NATIVE_TIME_UNMATCHED,OBSERVER_ENVIRONMENT_TIMELINE_ONLY_NO_PHYSICS_PROMOTION,False,False,False,False
2026-09-14 17:15:21.746064+08:00,2026-09-14 18:00:21.746064+08:00,-45,5,PRE_EVENT,PRE_CORE_EVENT_DIAGNOSTIC,OPENMETEO_ROUTE_LINEAR_INTERPOLATION_EXISTING_CONTRACT,-5.0_0035,-5.0,35.0,PRIMARY_GT10_40KM,4.30436516,1.0,0.0,15740.966491733334,87.25604057333334,0.0,,2700.0,NO_NATIVE_SAMPLE_WITHIN_TIME_TOLERANCE,,,,,,,,NATIVE_TIME_SAMPLE_UNAVAILABLE_FOR_TIMELINE,COARSE_LOW_CLOUD_NATIVE_TIME_UNMATCHED,OBSERVER_ENVIRONMENT_TIMELINE_ONLY_NO_PHYSICS_PROMOTION,False,False,False,False
2026-09-14 17:15:21.746064+08:00,2026-09-14 18:00:21.746064+08:00,-45,5,PRE_EVENT,PRE_CORE_EVENT_DIAGNOSTIC,OPENMETEO_ROUTE_LINEAR_INTERPOLATION_EXISTING_CONTRACT,-5.0_0040,-5.0,40.0,PRIMARY_GT10_40KM,4.30436516,1.0,0.0,15740.966491733334,87.25604057333334,0.0,,2700.0,NO_NATIVE_SAMPLE_WITHIN_TIME_TOLERANCE,,,,,,,,NATIVE_TIME_SAMPLE_UNAVAILABLE_FOR_TIMELINE,COARSE_LOW_CLOUD_NATIVE_TIME_UNMATCHED,OBSERVER_ENVIRONMENT_TIMELINE_ONLY_NO_PHYSICS_PROMOTION,False,False,False,False
2026-09-14 17:15:21.746064+08:00,2026-09-14 18:00:21.746064+08:00,-45,5,PRE_EVENT,PRE_CORE_EVENT_DIAGNOSTIC,OPENMETEO_ROUTE_LINEAR_INTERPOLATION_EXISTING_CONTRACT,-5.0_0050,-5.0,50.0,EXTENDED_GT40_100KM,8.512081146666667,1.0,0.0,15338.067016533334,88.25604057333334,0.0,,2700.0,NO_NATIVE_SAMPLE_WITHIN_TIME_TOLERANCE,,,,,,,,NATIVE_TIME_SAMPLE_UNAVAILABLE_FOR_TIMELINE,COARSE_LOW_CLOUD_NATIVE_TIME_UNMATCHED,OBSERVER_ENVIRONMENT_TIMELINE_ONLY_NO_PHYSICS_PROMOTION,False,False,False,False
2026-09-14 17:15:21.746064+08:00,2026-09-14 18:00:21.746064+08:00,-45,5,PRE_EVENT,PRE_CORE_EVENT_DIAGNOSTIC,OPENMETEO_ROUTE_LINEAR_INTERPOLATION_EXISTING_CONTRACT,-5.0_0060,-5.0,60.0,EXTENDED_GT40_100KM,15.975837706666667,0.7439594266666667,0.0,15106.375656,88.25604057333334,0.0,,2700.0,NO_NATIVE_SAMPLE_WITHIN_TIME_TOLERANCE,,,,,,,,NATIVE_TIME_SAMPLE_UNAVAILABLE_FOR_TIMELINE,COARSE_LOW_CLOUD_NATIVE_TIME_UNMATCHED,OBSERVER_ENVIRONMENT_TIMELINE_ONLY_NO_PHYSICS_PROMOTION,False,False,False,False
2026-09-14 17:15:21.746064+08:00,2026-09-14 18:00:21.746064+08:00,-45,5,PRE_EVENT,PRE_CORE_EVENT_DIAGNOSTIC,OPENMETEO_ROUTE_LINEAR_INTERPOLATION_EXISTING_CONTRACT,-5.0_0070,-5.0,70.0,EXTENDED_GT40_100KM,17.792284013333333,0.7439594266666667,0.0,14776.617278933334,87.25604057333334,0.0,,2700.0,NO_NATIVE_SAMPLE_WITHIN_TIME_TOLERANCE,,,,,,,,NATIVE_TIME_SAMPLE_UNAVAILABLE_FOR_TIMELINE,COARSE_LOW_CLOUD_NATIVE_TIME_UNMATCHED,OBSERVER_ENVIRONMENT_TIMELINE_ONLY_NO_PHYSICS_PROMOTION,False,False,False,False
2026-09-14 17:15:21.746064+08:00,2026-09-14 18:00:21.746064+08:00,-45,5,PRE_EVENT,PRE_CORE_EVENT_DIAGNOSTIC,OPENMETEO_ROUTE_LINEAR_INTERPOLATION_EXISTING_CONTRACT,-5.0_0080,-5.0,80.0,EXTENDED_GT40_100KM,43.135229106666664,0.7439594266666667,0.0,16539.220427733333,85.76812172,0.0,,2700.0,NO_NATIVE_SAMPLE_WITHIN_TIME_TOLERANCE,,,,,,,,NATIVE_TIME_SAMPLE_UNAVAILABLE_FOR_TIMELINE,COARSE_LOW_CLOUD_NATIVE_TIME_UNMATCHED,OBSERVER_ENVIRONMENT_TIMELINE_ONLY_NO_PHYSICS_PROMOTION,False,False,False,False
2026-09-14 17:15:21.746064+08:00,2026-09-14 18:00:21.746064+08:00,-45,5,PRE_EVENT,PRE_CORE_EVENT_DIAGNOSTIC,OPENMETEO_ROUTE_LINEAR_INTERPOLATION_EXISTING_CONTRACT,-5.0_0090,-5.0,90.0,EXTENDED_GT40_100KM,50.03857993333333,0.7439594266666667,0.0,16387.2407144,86.25604057333334,0.0,,2700.0,NO_NATIVE_SAMPLE_WITHIN_TIME_TOLERANCE,,,,,,,,NATIVE_TIME_SAMPLE_UNAVAILABLE_FOR_TIMELINE,COARSE_LOW_CLOUD_NATIVE_TIME_UNMATCHED,OBSERVER_ENVIRONMENT_TIMELINE_ONLY_NO_PHYSICS_PROMOTION,False,False,False,False
2026-09-14 17:15:21.746064+08:00,2026-09-14 18:00:21.746064+08:00,-45,5,PRE_EVENT,PRE_CORE_EVENT_DIAGNOSTIC,OPENMETEO_ROUTE_LINEAR_INTERPOLATION_EXISTING_CONTRACT,-5.0_0100,-5.0,100.0,EXTENDED_GT40_100KM,35.97583770666667,0.7439594266666667,0.0,15839.220427733333,85.25604057333334,0.0,,2700.0,NO_NATIVE_SAMPLE_WITHIN_TIME_TOLERANCE,,,,,,,,NATIVE_TIME_SAMPLE_UNAVAILABLE_FOR_TIMELINE,COARSE_LOW_CLOUD_NATIVE_TIME_UNMATCHED,OBSERVER_ENVIRONMENT_TIMELINE_ONLY_NO_PHYSICS_PROMOTION,False,False,False,False
2026-09-14 17:15:21.746064+08:00,2026-09-14 18:00:21.746064+08:00,-45,5,PRE_EVENT,PRE_CORE_EVENT_DIAGNOSTIC,OPENMETEO_ROUTE_LINEAR_INTERPOLATION_EXISTING_CONTRACT,+0.0_0005,0.0,5.0,NEAR_OBSERVER_0_10KM,2.0,1.2560405733333333,0.0,15545.027351733333,85.51208114666667,0.0,,2700.0,NO_NATIVE_SAMPLE_WITHIN_TIME_TOLERANCE,,,,,,,,NATIVE_TIME_SAMPLE_UNAVAILABLE_FOR_TIMELINE,COARSE_LOW_CLOUD_NATIVE_TIME_UNMATCHED,OBSERVER_ENVIRONMENT_TIMELINE_ONLY_NO_PHYSICS_PROMOTION,False,False,False,False
2026-09-14 17:15:21.746064+08:00,2026-09-14 18:00:21.746064+08:00,-45,5,PRE_EVENT,PRE_CORE_EVENT_DIAGNOSTIC,OPENMETEO_ROUTE_LINEAR_INTERPOLATION_EXISTING_CONTRACT,+0.0_0010,0.0,10.0,NEAR_OBSERVER_0_10KM,1.0,1.2560405733333333,0.0,17513.0476384,82.76812172,0.0,,2700.0,NO_NATIVE_SAMPLE_WITHIN_TIME_TOLERANCE,,,,,,,,NATIVE_TIME_SAMPLE_UNAVAILABLE_FOR_TIMELINE,COARSE_LOW_CLOUD_NATIVE_TIME_UNMATCHED,OBSERVER_ENVIRONMENT_TIMELINE_ONLY_NO_PHYSICS_PROMOTION,False,False,False,False
2026-09-14 17:15:21.746064+08:00,2026-09-14 18:00:21.746064+08:00,-45,5,PRE_EVENT,PRE_CORE_EVENT_DIAGNOSTIC,OPENMETEO_ROUTE_LINEAR_INTERPOLATION_EXISTING_CONTRACT,+0.0_0015,0.0,15.0,PRIMARY_GT10_40KM,2.0,0.7439594266666667,0.0,16254.879188533334,89.74395942666666,0.0,,2700.0,NO_NATIVE_SAMPLE_WITHIN_TIME_TOLERANCE,,,,,,,,NATIVE_TIME_SAMPLE_UNAVAILABLE_FOR_TIMELINE,COARSE_LOW_CLOUD_NATIVE_TIME_UNMATCHED,OBSERVER_ENVIRONMENT_TIMELINE_ONLY_NO_PHYSICS_PROMOTION,False,False,False,False
2026-09-14 17:15:21.746064+08:00,2026-09-14 18:00:21.746064+08:00,-45,5,PRE_EVENT,PRE_CORE_EVENT_DIAGNOSTIC,OPENMETEO_ROUTE_LINEAR_INTERPOLATION_EXISTING_CONTRACT,+0.0_0020,0.0,20.0,PRIMARY_GT10_40KM,4.743959426666667,1.0,0.0,16079.516754133334,87.74395942666666,0.0,,2700.0,NO_NATIVE_SAMPLE_WITHIN_TIME_TOLERANCE,,,,,,,,NATIVE_TIME_SAMPLE_UNAVAILABLE_FOR_TIMELINE,COARSE_LOW_CLOUD_NATIVE_TIME_UNMATCHED,OBSERVER_ENVIRONMENT_TIMELINE_ONLY_NO_PHYSICS_PROMOTION,False,False,False,False
2026-09-14 17:15:21.746064+08:00,2026-09-14 18:00:21.746064+08:00,-45,5,PRE_EVENT,PRE_CORE_EVENT_DIAGNOSTIC,OPENMETEO_ROUTE_LINEAR_INTERPOLATION_EXISTING_CONTRACT,+0.0_0025,0.0,25.0,PRIMARY_GT10_40KM,4.743959426666667,1.0,0.0,16079.516754133334,87.74395942666666,0.0,,2700.0,NO_NATIVE_SAMPLE_WITHIN_TIME_TOLERANCE,,,,,,,,NATIVE_TIME_SAMPLE_UNAVAILABLE_FOR_TIMELINE,COARSE_LOW_CLOUD_NATIVE_TIME_UNMATCHED,OBSERVER_ENVIRONMENT_TIMELINE_ONLY_NO_PHYSICS_PROMOTION,False,False,False,False
2026-09-14 17:15:21.746064+08:00,2026-09-14 18:00:21.746064+08:00,-45,5,PRE_EVENT,PRE_CORE_EVENT_DIAGNOSTIC,OPENMETEO_ROUTE_LINEAR_INTERPOLATION_EXISTING_CONTRACT,+0.0_0030,0.0,30.0,PRIMARY_GT10_40KM,5.0,1.0,0.0,15802.416229333334,88.0,0.0,,2700.0,NO_NATIVE_SAMPLE_WITHIN_TIME_TOLERANCE,,,,,,,,NATIVE_TIME_SAMPLE_UNAVAILABLE_FOR_TIMELINE,COARSE_LOW_CLOUD_NATIVE_TIME_UNMATCHED,OBSERVER_ENVIRONMENT_TIMELINE_ONLY_NO_PHYSICS_PROMOTION,False,False,False,False
2026-09-14 17:15:21.746064+08:00,2026-09-14 18:00:21.746064+08:00,-45,5,PRE_EVENT,PRE_CORE_EVENT_DIAGNOSTIC,OPENMETEO_ROUTE_LINEAR_INTERPOLATION_EXISTING_CONTRACT,+0.0_0035,0.0,35.0,PRIMARY_GT10_40KM,5.0,1.0,0.0,15802.416229333334,88.0,0.0,,2700.0,NO_NATIVE_SAMPLE_WITHIN_TIME_TOLERANCE,,,,,,,,NATIVE_TIME_SAMPLE_UNAVAILABLE_FOR_TIMELINE,COARSE_LOW_CLOUD_NATIVE_TIME_UNMATCHED,OBSERVER_ENVIRONMENT_TIMELINE_ONLY_NO_PHYSICS_PROMOTION,False,False,False,False
2026-09-14 17:15:21.746064+08:00,2026-09-14 18:00:21.746064+08:00,-45,5,PRE_EVENT,PRE_CORE_EVENT_DIAGNOSTIC,OPENMETEO_ROUTE_LINEAR_INTERPOLATION_EXISTING_CONTRACT,+0.0_0040,0.0,40.0,PRIMARY_GT10_40KM,2.76812172,1.0,0.0,15326.375656,88.0,0.0,,2700.0,NO_NATIVE_SAMPLE_WITHIN_TIME_TOLERANCE,,,,,,,,NATIVE_TIME_SAMPLE_UNAVAILABLE_FOR_TIMELINE,COARSE_LOW_CLOUD_NATIVE_TIME_UNMATCHED,OBSERVER_ENVIRONMENT_TIMELINE_ONLY_NO_PHYSICS_PROMOTION,False,False,False,False
2026-09-14 17:15:21.746064+08:00,2026-09-14 18:00:21.746064+08:00,-45,5,PRE_EVENT,PRE_CORE_EVENT_DIAGNOSTIC,OPENMETEO_ROUTE_LINEAR_INTERPOLATION_EXISTING_CONTRACT,+0.0_0050,0.0,50.0,EXTENDED_GT40_100KM,18.816446306666666,1.0,0.0,15041.059951466666,88.0,0.0,,2700.0,NO_NATIVE_SAMPLE_WITHIN_TIME_TOLERANCE,,,,,,,,NATIVE_TIME_SAMPLE_UNAVAILABLE_FOR_TIMELINE,COARSE_LOW_CLOUD_NATIVE_TIME_UNMATCHED,OBSERVER_ENVIRONMENT_TIMELINE_ONLY_NO_PHYSICS_PROMOTION,False,False,False,False
2026-09-14 17:15:21.746064+08:00,2026-09-14 18:00:21.746064+08:00,-45,5,PRE_EVENT,PRE_CORE_EVENT_DIAGNOSTIC,OPENMETEO_ROUTE_LINEAR_INTERPOLATION_EXISTING_CONTRACT,+0.0_0060,0.0,60.0,EXTENDED_GT40_100KM,30.719797133333334,0.7439594266666667,0.0,14745.2142712,86.51208114666667,0.0,,2700.0,NO_NATIVE_SAMPLE_WITHIN_TIME_TOLERANCE,,,,,,,,NATIVE_TIME_SAMPLE_UNAVAILABLE_FOR_TIMELINE,COARSE_LOW_CLOUD_NATIVE_TIME_UNMATCHED,OBSERVER_ENVIRONMENT_TIMELINE_ONLY_NO_PHYSICS_PROMOTION,False,False,False,False
2026-09-14 17:15:21.746064+08:00,2026-09-14 18:00:21.746064+08:00,-45,5,PRE_EVENT,PRE_CORE_EVENT_DIAGNOSTIC,OPENMETEO_ROUTE_LINEAR_INTERPOLATION_EXISTING_CONTRACT,+0.0_0070,0.0,70.0,EXTENDED_GT40_100KM,15.6812172,0.7439594266666667,0.0,16085.790976799999,86.51208114666667,0.0,,2700.0,NO_NATIVE_SAMPLE_WITHIN_TIME_TOLERANCE,,,,,,,,NATIVE_TIME_SAMPLE_UNAVAILABLE_FOR_TIMELINE,COARSE_LOW_CLOUD_NATIVE_TIME_UNMATCHED,OBSERVER_ENVIRONMENT_TIMELINE_ONLY_NO_PHYSICS_PROMOTION,False,False,False,False
2026-09-14 17:15:21.746064+08:00,2026-09-14 18:00:21.746064+08:00,-45,5,PRE_EVENT,PRE_CORE_EVENT_DIAGNOSTIC,OPENMETEO_ROUTE_LINEAR_INTERPOLATION_EXISTING_CONTRACT,+0.0_0080,0.0,80.0,EXTENDED_GT40_100KM,43.135229106666664,0.7439594266666667,0.0,16539.220427733333,85.76812172,0.0,,2700.0,NO_NATIVE_SAMPLE_WITHIN_TIME_TOLERANCE,,,,,,,,NATIVE_TIME_SAMPLE_UNAVAILABLE_FOR_TIMELINE,COARSE_LOW_CLOUD_NATIVE_TIME_UNMATCHED,OBSERVER_ENVIRONMENT_TIMELINE_ONLY_NO_PHYSICS_PROMOTION,False,False,False,False
2026-09-14 17:15:21.746064+08:00,2026-09-14 18:00:21.746064+08:00,-45,5,PRE_EVENT,PRE_CORE_EVENT_DIAGNOSTIC,OPENMETEO_ROUTE_LINEAR_INTERPOLATION_EXISTING_CONTRACT,+0.0_0090,0.0,90.0,EXTENDED_GT40_100KM,50.03857993333333,0.0,0.0,16395.066108,86.51208114666667,0.0,,2700.0,NO_NATIVE_SAMPLE_WITHIN_TIME_TOLERANCE,,,,,,,,NATIVE_TIME_SAMPLE_UNAVAILABLE_FOR_TIMELINE,COARSE_LOW_CLOUD_NATIVE_TIME_UNMATCHED,OBSERVER_ENVIRONMENT_TIMELINE_ONLY_NO_PHYSICS_PROMOTION,False,False,False,False
2026-09-14 17:15:21.746064+08:00,2026-09-14 18:00:21.746064+08:00,-45,5,PRE_EVENT,PRE_CORE_EVENT_DIAGNOSTIC,OPENMETEO_ROUTE_LINEAR_INTERPOLATION_EXISTING_CONTRACT,+0.0_0100,0.0,100.0,EXTENDED_GT40_100KM,42.78253936,0.0,0.0,16201.1534112,85.51208114666667,0.0,,2700.0,NO_NATIVE_SAMPLE_WITHIN_TIME_TOLERANCE,,,,,,,,NATIVE_TIME_SAMPLE_UNAVAILABLE_FOR_TIMELINE,COARSE_LOW_CLOUD_NATIVE_TIME_UNMATCHED,OBSERVER_ENVIRONMENT_TIMELINE_ONLY_NO_PHYSICS_PROMOTION,False,False,False,False
2026-09-14 17:15:21.746064+08:00,2026-09-14 18:00:21.746064+08:00,-45,5,PRE_EVENT,PRE_CORE_EVENT_DIAGNOSTIC,OPENMETEO_ROUTE_LINEAR_INTERPOLATION_EXISTING_CONTRACT,+5.0_0005,5.0,5.0,NEAR_OBSERVER_0_10KM,2.0,1.2560405733333333,0.0,15545.027351733333,85.51208114666667,0.0,,2700.0,NO_NATIVE_SAMPLE_WITHIN_TIME_TOLERANCE,,,,,,,,NATIVE_TIME_SAMPLE_UNAVAILABLE_FOR_TIMELINE,COARSE_LOW_CLOUD_NATIVE_TIME_UNMATCHED,OBSERVER_ENVIRONMENT_TIMELINE_ONLY_NO_PHYSICS_PROMOTION,False,False,False,False
2026-09-14 17:15:21.746064+08:00,2026-09-14 18:00:21.746064+08:00,-45,5,PRE_EVENT,PRE_CORE_EVENT_DIAGNOSTIC,OPENMETEO_ROUTE_LINEAR_INTERPOLATION_EXISTING_CONTRACT,+5.0_0010,5.0,10.0,NEAR_OBSERVER_0_10KM,2.0,1.2560405733333333,0.0,15545.027351733333,85.51208114666667,0.0,,2700.0,NO_NATIVE_SAMPLE_WITHIN_TIME_TOLERANCE,,,,,,,,NATIVE_TIME_SAMPLE_UNAVAILABLE_FOR_TIMELINE,COARSE_LOW_CLOUD_NATIVE_TIME_UNMATCHED,OBSERVER_ENVIRONMENT_TIMELINE_ONLY_NO_PHYSICS_PROMOTION,False,False,False,False
2026-09-14 17:15:21.746064+08:00,2026-09-14 18:00:21.746064+08:00,-45,5,PRE_EVENT,PRE_CORE_EVENT_DIAGNOSTIC,OPENMETEO_ROUTE_LINEAR_INTERPOLATION_EXISTING_CONTRACT,+5.0_0015,5.0,15.0,PRIMARY_GT10_40KM,2.0,0.7439594266666667,0.0,16254.879188533334,89.74395942666666,0.0,,2700.0,NO_NATIVE_SAMPLE_WITHIN_TIME_TOLERANCE,,,,,,,,NATIVE_TIME_SAMPLE_UNAVAILABLE_FOR_TIMELINE,COARSE_LOW_CLOUD_NATIVE_TIME_UNMATCHED,OBSERVER_ENVIRONMENT_TIMELINE_ONLY_NO_PHYSICS_PROMOTION,False,False,False,False
2026-09-14 17:15:21.746064+08:00,2026-09-14 18:00:21.746064+08:00,-45,5,PRE_EVENT,PRE_CORE_EVENT_DIAGNOSTIC,OPENMETEO_ROUTE_LINEAR_INTERPOLATION_EXISTING_CONTRACT,+5.0_0020,5.0,20.0,PRIMARY_GT10_40KM,4.743959426666667,1.0,0.0,16079.516754133334,87.74395942666666,0.0,,2700.0,NO_NATIVE_SAMPLE_WITHIN_TIME_TOLERANCE,,,,,,,,NATIVE_TIME_SAMPLE_UNAVAILABLE_FOR_TIMELINE,COARSE_LOW_CLOUD_NATIVE_TIME_UNMATCHED,OBSERVER_ENVIRONMENT_TIMELINE_ONLY_NO_PHYSICS_PROMOTION,False,False,False,False
2026-09-14 17:15:21.746064+08:00,2026-09-14 18:00:21.746064+08:00,-45,5,PRE_EVENT,PRE_CORE_EVENT_DIAGNOSTIC,OPENMETEO_ROUTE_LINEAR_INTERPOLATION_EXISTING_CONTRACT,+5.0_0025,5.0,25.0,PRIMARY_GT10_40KM,4.743959426666667,1.0,0.0,16079.516754133334,87.74395942666666,0.0,,2700.0,NO_NATIVE_SAMPLE_WITHIN_TIME_TOLERANCE,,,,,,,,NATIVE_TIME_SAMPLE_UNAVAILABLE_FOR_TIMELINE,COARSE_LOW_CLOUD_NATIVE_TIME_UNMATCHED,OBSERVER_ENVIRONMENT_TIMELINE_ONLY_NO_PHYSICS_PROMOTION,False,False,False,False
2026-09-14 17:15:21.746064+08:00,2026-09-14 18:00:21.746064+08:00,-45,5,PRE_EVENT,PRE_CORE_EVENT_DIAGNOSTIC,OPENMETEO_ROUTE_LINEAR_INTERPOLATION_EXISTING_CONTRACT,+5.0_0030,5.0,30.0,PRIMARY_GT10_40KM,5.0,1.0,0.0,15802.416229333334,88.0,0.0,,2700.0,NO_NATIVE_SAMPLE_WITHIN_TIME_TOLERANCE,,,,,,,,NATIVE_TIME_SAMPLE_UNAVAILABLE_FOR_TIMELINE,COARSE_LOW_CLOUD_NATIVE_TIME_UNMATCHED,OBSERVER_ENVIRONMENT_TIMELINE_ONLY_NO_PHYSICS_PROMOTION,False,False,False,False
2026-09-14 17:15:21.746064+08:00,2026-09-14 18:00:21.746064+08:00,-45,5,PRE_EVENT,PRE_CORE_EVENT_DIAGNOSTIC,OPENMETEO_ROUTE_LINEAR_INTERPOLATION_EXISTING_CONTRACT,+5.0_0035,5.0,35.0,PRIMARY_GT10_40KM,5.0,1.0,0.0,15802.416229333334,88.0,0.0,,2700.0,NO_NATIVE_SAMPLE_WITHIN_TIME_TOLERANCE,,,,,,,,NATIVE_TIME_SAMPLE_UNAVAILABLE_FOR_TIMELINE,COARSE_LOW_CLOUD_NATIVE_TIME_UNMATCHED,OBSERVER_ENVIRONMENT_TIMELINE_ONLY_NO_PHYSICS_PROMOTION,False,False,False,False
2026-09-14 17:15:21.746064+08:00,2026-09-14 18:00:21.746064+08:00,-45,5,PRE_EVENT,PRE_CORE_EVENT_DIAGNOSTIC,OPENMETEO_ROUTE_LINEAR_INTERPOLATION_EXISTING_CONTRACT,+5.0_0040,5.0,40.0,PRIMARY_GT10_40KM,2.76812172,1.0,0.0,15326.375656,88.0,0.0,,2700.0,NO_NATIVE_SAMPLE_WITHIN_TIME_TOLERANCE,,,,,,,,NATIVE_TIME_SAMPLE_UNAVAILABLE_FOR_TIMELINE,COARSE_LOW_CLOUD_NATIVE_TIME_UNMATCHED,OBSERVER_ENVIRONMENT_TIMELINE_ONLY_NO_PHYSICS_PROMOTION,False,False,False,False
2026-09-14 17:15:21.746064+08:00,2026-09-14 18:00:21.746064+08:00,-45,5,PRE_EVENT,PRE_CORE_EVENT_DIAGNOSTIC,OPENMETEO_ROUTE_LINEAR_INTERPOLATION_EXISTING_CONTRACT,+5.0_0050,5.0,50.0,EXTENDED_GT40_100KM,14.37685204,0.25604057333333335,0.0,14873.3280176,87.74395942666666,0.0,,2700.0,NO_NATIVE_SAMPLE_WITHIN_TIME_TOLERANCE,,,,,,,,NATIVE_TIME_SAMPLE_UNAVAILABLE_FOR_TIMELINE,COARSE_LOW_CLOUD_NATIVE_TIME_UNMATCHED,OBSERVER_ENVIRONMENT_TIMELINE_ONLY_NO_PHYSICS_PROMOTION,False,False,False,False
2026-09-14 17:15:21.746064+08:00,2026-09-14 18:00:21.746064+08:00,-45,5,PRE_EVENT,PRE_CORE_EVENT_DIAGNOSTIC,OPENMETEO_ROUTE_LINEAR_INTERPOLATION_EXISTING_CONTRACT,+5.0_0060,5.0,60.0,EXTENDED_GT40_100KM,27.657054906666666,0.25604057333333335,0.0,14473.3280176,86.25604057333334,0.0,,2700.0,NO_NATIVE_SAMPLE_WITHIN_TIME_TOLERANCE,,,,,,,,NATIVE_TIME_SAMPLE_UNAVAILABLE_FOR_TIMELINE,COARSE_LOW_CLOUD_NATIVE_TIME_UNMATCHED,OBSERVER_ENVIRONMENT_TIMELINE_ONLY_NO_PHYSICS_PROMOTION,False,False,False,False
2026-09-14 17:15:21.746064+08:00,2026-09-14 18:00:21.746064+08:00,-45,5,PRE_EVENT,PRE_CORE_EVENT_DIAGNOSTIC,OPENMETEO_ROUTE_LINEAR_INTERPOLATION_EXISTING_CONTRACT,+5.0_0070,5.0,70.0,EXTENDED_GT40_100KM,33.44933892,0.25604057333333335,0.0,14528.4020992,87.25604057333334,0.0,,2700.0,NO_NATIVE_SAMPLE_WITHIN_TIME_TOLERANCE,,,,,,,,NATIVE_TIME_SAMPLE_UNAVAILABLE_FOR_TIMELINE,COARSE_LOW_CLOUD_NATIVE_TIME_UNMATCHED,OBSERVER_ENVIRONMENT_TIMELINE_ONLY_NO_PHYSICS_PROMOTION,False,False,False,False
2026-09-14 17:15:21.746064+08:00,2026-09-14 18:00:21.746064+08:00,-45,5,PRE_EVENT,PRE_CORE_EVENT_DIAGNOSTIC,OPENMETEO_ROUTE_LINEAR_INTERPOLATION_EXISTING_CONTRACT,+5.0_0080,5.0,80.0,EXTENDED_GT40_100KM,32.81644630666667,0.0,0.0,16123.857993333333,86.51208114666667,0.0,,2700.0,NO_NATIVE_SAMPLE_WITHIN_TIME_TOLERANCE,,,,,,,,NATIVE_TIME_SAMPLE_UNAVAILABLE_FOR_TIMELINE,COARSE_LOW_CLOUD_NATIVE_TIME_UNMATCHED,OBSERVER_ENVIRONMENT_TIMELINE_ONLY_NO_PHYSICS_PROMOTION,False,False,False,False
2026-09-14 17:15:21.746064+08:00,2026-09-14 18:00:21.746064+08:00,-45,5,PRE_EVENT,PRE_CORE_EVENT_DIAGNOSTIC,OPENMETEO_ROUTE_LINEAR_INTERPOLATION_EXISTING_CONTRACT,+5.0_0090,5.0,90.0,EXTENDED_GT40_100KM,33.60873032,0.0,0.0,14183.4761808,86.51208114666667,0.0,,2700.0,NO_NATIVE_SAMPLE_WITHIN_TIME_TOLERANCE,,,,,,,,NATIVE_TIME_SAMPLE_UNAVAILABLE_FOR_TIMELINE,COARSE_LOW_CLOUD_NATIVE_TIME_UNMATCHED,OBSERVER_ENVIRONMENT_TIMELINE_ONLY_NO_PHYSICS_PROMOTION,False,False,False,False
2026-09-14 17:15:21.746064+08:00,2026-09-14 18:00:21.746064+08:00,-45,5,PRE_EVENT,PRE_CORE_EVENT_DIAGNOSTIC,OPENMETEO_ROUTE_LINEAR_INTERPOLATION_EXISTING_CONTRACT,+5.0_0100,5.0,100.0,EXTENDED_GT40_100KM,38.951675413333334,0.0,0.0,15764.824485066667,85.76812172,0.0,,2700.0,NO_NATIVE_SAMPLE_WITHIN_TIME_TOLERANCE,,,,,,,,NATIVE_TIME_SAMPLE_UNAVAILABLE_FOR_TIMELINE,COARSE_LOW_CLOUD_NATIVE_TIME_UNMATCHED,OBSERVER_ENVIRONMENT_TIMELINE_ONLY_NO_PHYSICS_PROMOTION,False,False,False,False
2026-09-14 17:20:21.746064+08:00,2026-09-14 18:00:21.746064+08:00,-40,5,PRE_EVENT,PRE_CORE_EVENT_DIAGNOSTIC,OPENMETEO_ROUTE_LINEAR_INTERPOLATION_EXISTING_CONTRACT,-5.0_0000,-5.0,0.0,NEAR_OBSERVER_0_10KM,2.0,1.3393739066666668,0.0,15683.360685066667,85.67874781333333,0.0,,2400.0,NO_NATIVE_SAMPLE_WITHIN_TIME_TOLERANCE,,,,,,,,NATIVE_TIME_SAMPLE_UNAVAILABLE_FOR_TIMELINE,COARSE_LOW_CLOUD_NATIVE_TIME_UNMATCHED,OBSERVER_ENVIRONMENT_TIMELINE_ONLY_NO_PHYSICS_PROMOTION,False,False,False,False
2026-09-14 17:20:21.746064+08:00,2026-09-14 18:00:21.746064+08:00,-40,5,PRE_EVENT,PRE_CORE_EVENT_DIAGNOSTIC,OPENMETEO_ROUTE_LINEAR_INTERPOLATION_EXISTING_CONTRACT,+0.0_0000,0.0,0.0,NEAR_OBSERVER_0_10KM,2.0,1.3393739066666668,0.0,15683.360685066667,85.67874781333333,0.0,,2400.0,NO_NATIVE_SAMPLE_WITHIN_TIME_TOLERANCE,,,,,,,,NATIVE_TIME_SAMPLE_UNAVAILABLE_FOR_TIMELINE,COARSE_LOW_CLOUD_NATIVE_TIME_UNMATCHED,OBSERVER_ENVIRONMENT_TIMELINE_ONLY_NO_PHYSICS_PROMOTION,False,False,False,False
2026-09-14 17:20:21.746064+08:00,2026-09-14 18:00:21.746064+08:00,-40,5,PRE_EVENT,PRE_CORE_EVENT_DIAGNOSTIC,OPENMETEO_ROUTE_LINEAR_INTERPOLATION_EXISTING_CONTRACT,+5.0_0000,5.0,0.0,NEAR_OBSERVER_0_10KM,2.0,1.3393739066666668,0.0,15683.360685066667,85.67874781333333,0.0,,2400.0,NO_NATIVE_SAMPLE_WITHIN_TIME_TOLERANCE,,,,,,,,NATIVE_TIME_SAMPLE_UNAVAILABLE_FOR_TIMELINE,COARSE_LOW_CLOUD_NATIVE_TIME_UNMATCHED,OBSERVER_ENVIRONMENT_TIMELINE_ONLY_NO_PHYSICS_PROMOTION,False,False,False,False
2026-09-14 17:20:21.746064+08:00,2026-09-14 18:00:21.746064+08:00,-40,5,PRE_EVENT,PRE_CORE_EVENT_DIAGNOSTIC,OPENMETEO_ROUTE_LINEAR_INTERPOLATION_EXISTING_CONTRACT,-5.0_0005,-5.0,5.0,NEAR_OBSERVER_0_10KM,2.0,1.3393739066666668,0.0,15683.360685066667,85.67874781333333,0.0,,2400.0,NO_NATIVE_SAMPLE_WITHIN_TIME_TOLERANCE,,,,,,,,NATIVE_TIME_SAMPLE_UNAVAILABLE_FOR_TIMELINE,COARSE_LOW_CLOUD_NATIVE_TIME_UNMATCHED,OBSERVER_ENVIRONMENT_TIMELINE_ONLY_NO_PHYSICS_PROMOTION,False,False,False,False
2026-09-14 17:20:21.746064+08:00,2026-09-14 18:00:21.746064+08:00,-40,5,PRE_EVENT,PRE_CORE_EVENT_DIAGNOSTIC,OPENMETEO_ROUTE_LINEAR_INTERPOLATION_EXISTING_CONTRACT,-5.0_0010,-5.0,10.0,NEAR_OBSERVER_0_10KM,1.0,1.3393739066666668,0.0,17693.0476384,83.01812172,0.0,,2400.0,NO_NATIVE_SAMPLE_WITHIN_TIME_TOLERANCE,,,,,,,,NATIVE_TIME_SAMPLE_UNAVAILABLE_FOR_TIMELINE,COARSE_LOW_CLOUD_NATIVE_TIME_UNMATCHED,OBSERVER_ENVIRONMENT_TIMELINE_ONLY_NO_PHYSICS_PROMOTION,False,False,False,False
2026-09-14 17:20:21.746064+08:00,2026-09-14 18:00:21.746064+08:00,-40,5,PRE_EVENT,PRE_CORE_EVENT_DIAGNOSTIC,OPENMETEO_ROUTE_LINEAR_INTERPOLATION_EXISTING_CONTRACT,-5.0_0015,-5.0,15.0,PRIMARY_GT10_40KM,1.0,1.3393739066666668,0.0,17693.0476384,83.01812172,0.0,,2400.0,NO_NATIVE_SAMPLE_WITHIN_TIME_TOLERANCE,,,,,,,,NATIVE_TIME_SAMPLE_UNAVAILABLE_FOR_TIMELINE,COARSE_LOW_CLOUD_NATIVE_TIME_UNMATCHED,OBSERVER_ENVIRONMENT_TIMELINE_ONLY_NO_PHYSICS_PROMOTION,False,False,False,False
2026-09-14 17:20:21.746064+08:00,2026-09-14 18:00:21.746064+08:00,-40,5,PRE_EVENT,PRE_CORE_EVENT_DIAGNOSTIC,OPENMETEO_ROUTE_LINEAR_INTERPOLATION_EXISTING_CONTRACT,-5.0_0020,-5.0,20.0,PRIMARY_GT10_40KM,1.3393739066666668,1.3212521866666667,0.0,16246.787478133334,90.66062609333333,0.0,,2400.0,NO_NATIVE_SAMPLE_WITHIN_TIME_TOLERANCE,,,,,,,,NATIVE_TIME_SAMPLE_UNAVAILABLE_FOR_TIMELINE,COARSE_LOW_CLOUD_NATIVE_TIME_UNMATCHED,OBSERVER_ENVIRONMENT_TIMELINE_ONLY_NO_PHYSICS_PROMOTION,False,False,False,False
2026-09-14 17:20:21.746064+08:00,2026-09-14 18:00:21.746064+08:00,-40,5,PRE_EVENT,PRE_CORE_EVENT_DIAGNOSTIC,OPENMETEO_ROUTE_LINEAR_INTERPOLATION_EXISTING_CONTRACT,-5.0_0025,-5.0,25.0,PRIMARY_GT10_40KM,4.339373906666666,1.6606260933333332,0.0,16126.425043733334,88.66062609333333,0.0,,2400.0,NO_NATIVE_SAMPLE_WITHIN_TIME_TOLERANCE,,,,,,,,NATIVE_TIME_SAMPLE_UNAVAILABLE_FOR_TIMELINE,COARSE_LOW_CLOUD_NATIVE_TIME_UNMATCHED,OBSERVER_ENVIRONMENT_TIMELINE_ONLY_NO_PHYSICS_PROMOTION,False,False,False,False
2026-09-14 17:20:21.746064+08:00,2026-09-14 18:00:21.746064+08:00,-40,5,PRE_EVENT,PRE_CORE_EVENT_DIAGNOSTIC,OPENMETEO_ROUTE_LINEAR_INTERPOLATION_EXISTING_CONTRACT,-5.0_0030,-5.0,30.0,PRIMARY_GT10_40KM,4.339373906666666,1.6606260933333332,0.0,16126.425043733334,88.66062609333333,0.0,,2400.0,NO_NATIVE_SAMPLE_WITHIN_TIME_TOLERANCE,,,,,,,,NATIVE_TIME_SAMPLE_UNAVAILABLE_FOR_TIMELINE,COARSE_LOW_CLOUD_NATIVE_TIME_UNMATCHED,OBSERVER_ENVIRONMENT_TIMELINE_ONLY_NO_PHYSICS_PROMOTION,False,False,False,False
2026-09-14 17:20:21.746064+08:00,2026-09-14 18:00:21.746064+08:00,-40,5,PRE_EVENT,PRE_CORE_EVENT_DIAGNOSTIC,OPENMETEO_ROUTE_LINEAR_INTERPOLATION_EXISTING_CONTRACT,-5.0_0035,-5.0,35.0,PRIMARY_GT10_40KM,5.05436516,1.0,0.0,15754.299825066666,87.33937390666667,0.0,,2400.0,NO_NATIVE_SAMPLE_WITHIN_TIME_TOLERANCE,,,,,,,,NATIVE_TIME_SAMPLE_UNAVAILABLE_FOR_TIMELINE,COARSE_LOW_CLOUD_NATIVE_TIME_UNMATCHED,OBSERVER_ENVIRONMENT_TIMELINE_ONLY_NO_PHYSICS_PROMOTION,False,False,False,False
2026-09-14 17:20:21.746064+08:00,2026-09-14 18:00:21.746064+08:00,-40,5,PRE_EVENT,PRE_CORE_EVENT_DIAGNOSTIC,OPENMETEO_ROUTE_LINEAR_INTERPOLATION_EXISTING_CONTRACT,-5.0_0040,-5.0,40.0,PRIMARY_GT10_40KM,5.05436516,1.0,0.0,15754.299825066666,87.33937390666667,0.0,,2400.0,NO_NATIVE_SAMPLE_WITHIN_TIME_TOLERANCE,,,,,,,,NATIVE_TIME_SAMPLE_UNAVAILABLE_FOR_TIMELINE,COARSE_LOW_CLOUD_NATIVE_TIME_UNMATCHED,OBSERVER_ENVIRONMENT_TIMELINE_ONLY_NO_PHYSICS_PROMOTION,False,False,False,False
2026-09-14 17:20:21.746064+08:00,2026-09-14 18:00:21.746064+08:00,-40,5,PRE_EVENT,PRE_CORE_EVENT_DIAGNOSTIC,OPENMETEO_ROUTE_LINEAR_INTERPOLATION_EXISTING_CONTRACT,-5.0_0050,-5.0,50.0,EXTENDED_GT40_100KM,8.678747813333333,1.0,0.0,15311.400349866666,88.33937390666667,0.0,,2400.0,NO_NATIVE_SAMPLE_WITHIN_TIME_TOLERANCE,,,,,,,,NATIVE_TIME_SAMPLE_UNAVAILABLE_FOR_TIMELINE,COARSE_LOW_CLOUD_NATIVE_TIME_UNMATCHED,OBSERVER_ENVIRONMENT_TIMELINE_ONLY_NO_PHYSICS_PROMOTION,False,False,False,False
2026-09-14 17:20:21.746064+08:00,2026-09-14 18:00:21.746064+08:00,-40,5,PRE_EVENT,PRE_CORE_EVENT_DIAGNOSTIC,OPENMETEO_ROUTE_LINEAR_INTERPOLATION_EXISTING_CONTRACT,-5.0_0060,-5.0,60.0,EXTENDED_GT40_100KM,15.642504373333333,0.6606260933333333,0.0,15056.375656,88.33937390666667,0.0,,2400.0,NO_NATIVE_SAMPLE_WITHIN_TIME_TOLERANCE,,,,,,,,NATIVE_TIME_SAMPLE_UNAVAILABLE_FOR_TIMELINE,COARSE_LOW_CLOUD_NATIVE_TIME_UNMATCHED,OBSERVER_ENVIRONMENT_TIMELINE_ONLY_NO_PHYSICS_PROMOTION,False,False,False,False
2026-09-14 17:20:21.746064+08:00,2026-09-14 18:00:21.746064+08:00,-40,5,PRE_EVENT,PRE_CORE_EVENT_DIAGNOSTIC,OPENMETEO_ROUTE_LINEAR_INTERPOLATION_EXISTING_CONTRACT,-5.0_0070,-5.0,70.0,EXTENDED_GT40_100KM,18.375617346666665,0.6606260933333333,0.0,14729.950612266666,87.33937390666667,0.0,,2400.0,NO_NATIVE_SAMPLE_WITHIN_TIME_TOLERANCE,,,,,,,,NATIVE_TIME_SAMPLE_UNAVAILABLE_FOR_TIMELINE,COARSE_LOW_CLOUD_NATIVE_TIME_UNMATCHED,OBSERVER_ENVIRONMENT_TIMELINE_ONLY_NO_PHYSICS_PROMOTION,False,False,False,False
2026-09-14 17:20:21.746064+08:00,2026-09-14 18:00:21.746064+08:00,-40,5,PRE_EVENT,PRE_CORE_EVENT_DIAGNOSTIC,OPENMETEO_ROUTE_LINEAR_INTERPOLATION_EXISTING_CONTRACT,-5.0_0080,-5.0,80.0,EXTENDED_GT40_100KM,41.551895773333335,0.6606260933333333,0.0,16252.553761066667,86.01812172,0.0,,2400.0,NO_NATIVE_SAMPLE_WITHIN_TIME_TOLERANCE,,,,,,,,NATIVE_TIME_SAMPLE_UNAVAILABLE_FOR_TIMELINE,COARSE_LOW_CLOUD_NATIVE_TIME_UNMATCHED,OBSERVER_ENVIRONMENT_TIMELINE_ONLY_NO_PHYSICS_PROMOTION,False,False,False,False
2026-09-14 17:20:21.746064+08:00,2026-09-14 18:00:21.746064+08:00,-40,5,PRE_EVENT,PRE_CORE_EVENT_DIAGNOSTIC,OPENMETEO_ROUTE_LINEAR_INTERPOLATION_EXISTING_CONTRACT,-5.0_0090,-5.0,90.0,EXTENDED_GT40_100KM,47.12191326666667,0.6606260933333333,0.0,16142.2407144,86.33937390666667,0.0,,2400.0,NO_NATIVE_SAMPLE_WITHIN_TIME_TOLERANCE,,,,,,,,NATIVE_TIME_SAMPLE_UNAVAILABLE_FOR_TIMELINE,COARSE_LOW_CLOUD_NATIVE_TIME_UNMATCHED,OBSERVER_ENVIRONMENT_TIMELINE_ONLY_NO_PHYSICS_PROMOTION,False,False,False,False
2026-09-14 17:20:21.746064+08:00,2026-09-14 18:00:21.746064+08:00,-40,5,PRE_EVENT,PRE_CORE_EVENT_DIAGNOSTIC,OPENMETEO_ROUTE_LINEAR_INTERPOLATION_EXISTING_CONTRACT,-5.0_0100,-5.0,100.0,EXTENDED_GT40_100KM,35.64250437333333,0.6606260933333333,0.0,15552.553761066667,85.33937390666667,0.0,,2400.0,NO_NATIVE_SAMPLE_WITHIN_TIME_TOLERANCE,,,,,,,,NATIVE_TIME_SAMPLE_UNAVAILABLE_FOR_TIMELINE,COARSE_LOW_CLOUD_NATIVE_TIME_UNMATCHED,OBSERVER_ENVIRONMENT_TIMELINE_ONLY_NO_PHYSICS_PROMOTION,False,False,False,False
2026-09-14 17:20:21.746064+08:00,2026-09-14 18:00:21.746064+08:00,-40,5,PRE_EVENT,PRE_CORE_EVENT_DIAGNOSTIC,OPENMETEO_ROUTE_LINEAR_INTERPOLATION_EXISTING_CONTRACT,+0.0_0005,0.0,5.0,NEAR_OBSERVER_0_10KM,2.0,1.3393739066666668,0.0,15683.360685066667,85.67874781333333,0.0,,2400.0,NO_NATIVE_SAMPLE_WITHIN_TIME_TOLERANCE,,,,,,,,NATIVE_TIME_SAMPLE_UNAVAILABLE_FOR_TIMELINE,COARSE_LOW_CLOUD_NATIVE_TIME_UNMATCHED,OBSERVER_ENVIRONMENT_TIMELINE_ONLY_NO_PHYSICS_PROMOTION,False,False,False,False
2026-09-14 17:20:21.746064+08:00,2026-09-14 18:00:21.746064+08:00,-40,5,PRE_EVENT,PRE_CORE_EVENT_DIAGNOSTIC,OPENMETEO_ROUTE_LINEAR_INTERPOLATION_EXISTING_CONTRACT,+0.0_0010,0.0,10.0,NEAR_OBSERVER_0_10KM,1.0,1.3393739066666668,0.0,17693.0476384,83.01812172,0.0,,2400.0,NO_NATIVE_SAMPLE_WITHIN_TIME_TOLERANCE,,,,,,,,NATIVE_TIME_SAMPLE_UNAVAILABLE_FOR_TIMELINE,COARSE_LOW_CLOUD_NATIVE_TIME_UNMATCHED,OBSERVER_ENVIRONMENT_TIMELINE_ONLY_NO_PHYSICS_PROMOTION,False,False,False,False
2026-09-14 17:20:21.746064+08:00,2026-09-14 18:00:21.746064+08:00,-40,5,PRE_EVENT,PRE_CORE_EVENT_DIAGNOSTIC,OPENMETEO_ROUTE_LINEAR_INTERPOLATION_EXISTING_CONTRACT,+0.0_0015,0.0,15.0,PRIMARY_GT10_40KM,2.0,0.6606260933333333,0.0,16253.212521866666,89.66062609333333,0.0,,2400.0,NO_NATIVE_SAMPLE_WITHIN_TIME_TOLERANCE,,,,,,,,NATIVE_TIME_SAMPLE_UNAVAILABLE_FOR_TIMELINE,COARSE_LOW_CLOUD_NATIVE_TIME_UNMATCHED,OBSERVER_ENVIRONMENT_TIMELINE_ONLY_NO_PHYSICS_PROMOTION,False,False,False,False
2026-09-14 17:20:21.746064+08:00,2026-09-14 18:00:21.746064+08:00,-40,5,PRE_EVENT,PRE_CORE_EVENT_DIAGNOSTIC,OPENMETEO_ROUTE_LINEAR_INTERPOLATION_EXISTING_CONTRACT,+0.0_0020,0.0,20.0,PRIMARY_GT10_40KM,4.660626093333334,1.0,0.0,16072.850087466666,87.66062609333333,0.0,,2400.0,NO_NATIVE_SAMPLE_WITHIN_TIME_TOLERANCE,,,,,,,,NATIVE_TIME_SAMPLE_UNAVAILABLE_FOR_TIMELINE,COARSE_LOW_CLOUD_NATIVE_TIME_UNMATCHED,OBSERVER_ENVIRONMENT_TIMELINE_ONLY_NO_PHYSICS_PROMOTION,False,False,False,False
2026-09-14 17:20:21.746064+08:00,2026-09-14 18:00:21.746064+08:00,-40,5,PRE_EVENT,PRE_CORE_EVENT_DIAGNOSTIC,OPENMETEO_ROUTE_LINEAR_INTERPOLATION_EXISTING_CONTRACT,+0.0_0025,0.0,25.0,PRIMARY_GT10_40KM,4.660626093333334,1.0,0.0,16072.850087466666,87.66062609333333,0.0,,2400.0,NO_NATIVE_SAMPLE_WITHIN_TIME_TOLERANCE,,,,,,,,NATIVE_TIME_SAMPLE_UNAVAILABLE_FOR_TIMELINE,COARSE_LOW_CLOUD_NATIVE_TIME_UNMATCHED,OBSERVER_ENVIRONMENT_TIMELINE_ONLY_NO_PHYSICS_PROMOTION,False,False,False,False
2026-09-14 17:20:21.746064+08:00,2026-09-14 18:00:21.746064+08:00,-40,5,PRE_EVENT,PRE_CORE_EVENT_DIAGNOSTIC,OPENMETEO_ROUTE_LINEAR_INTERPOLATION_EXISTING_CONTRACT,+0.0_0030,0.0,30.0,PRIMARY_GT10_40KM,5.0,1.0,0.0,15835.749562666666,88.0,0.0,,2400.0,NO_NATIVE_SAMPLE_WITHIN_TIME_TOLERANCE,,,,,,,,NATIVE_TIME_SAMPLE_UNAVAILABLE_FOR_TIMELINE,COARSE_LOW_CLOUD_NATIVE_TIME_UNMATCHED,OBSERVER_ENVIRONMENT_TIMELINE_ONLY_NO_PHYSICS_PROMOTION,False,False,False,False
2026-09-14 17:20:21.746064+08:00,2026-09-14 18:00:21.746064+08:00,-40,5,PRE_EVENT,PRE_CORE_EVENT_DIAGNOSTIC,OPENMETEO_ROUTE_LINEAR_INTERPOLATION_EXISTING_CONTRACT,+0.0_0035,0.0,35.0,PRIMARY_GT10_40KM,5.0,1.0,0.0,15835.749562666666,88.0,0.0,,2400.0,NO_NATIVE_SAMPLE_WITHIN_TIME_TOLERANCE,,,,,,,,NATIVE_TIME_SAMPLE_UNAVAILABLE_FOR_TIMELINE,COARSE_LOW_CLOUD_NATIVE_TIME_UNMATCHED,OBSERVER_ENVIRONMENT_TIMELINE_ONLY_NO_PHYSICS_PROMOTION,False,False,False,False
2026-09-14 17:20:21.746064+08:00,2026-09-14 18:00:21.746064+08:00,-40,5,PRE_EVENT,PRE_CORE_EVENT_DIAGNOSTIC,OPENMETEO_ROUTE_LINEAR_INTERPOLATION_EXISTING_CONTRACT,+0.0_0040,0.0,40.0,PRIMARY_GT10_40KM,3.01812172,1.0,0.0,15276.375656,88.0,0.0,,2400.0,NO_NATIVE_SAMPLE_WITHIN_TIME_TOLERANCE,,,,,,,,NATIVE_TIME_SAMPLE_UNAVAILABLE_FOR_TIMELINE,COARSE_LOW_CLOUD_NATIVE_TIME_UNMATCHED,OBSERVER_ENVIRONMENT_TIMELINE_ONLY_NO_PHYSICS_PROMOTION,False,False,False,False
2026-09-14 17:20:21.746064+08:00,2026-09-14 18:00:21.746064+08:00,-40,5,PRE_EVENT,PRE_CORE_EVENT_DIAGNOSTIC,OPENMETEO_ROUTE_LINEAR_INTERPOLATION_EXISTING_CONTRACT,+0.0_0050,0.0,50.0,EXTENDED_GT40_100KM,19.733112973333334,1.0,0.0,14917.726618133333,88.0,0.0,,2400.0,NO_NATIVE_SAMPLE_WITHIN_TIME_TOLERANCE,,,,,,,,NATIVE_TIME_SAMPLE_UNAVAILABLE_FOR_TIMELINE,COARSE_LOW_CLOUD_NATIVE_TIME_UNMATCHED,OBSERVER_ENVIRONMENT_TIMELINE_ONLY_NO_PHYSICS_PROMOTION,False,False,False,False
2026-09-14 17:20:21.746064+08:00,2026-09-14 18:00:21.746064+08:00,-40,5,PRE_EVENT,PRE_CORE_EVENT_DIAGNOSTIC,OPENMETEO_ROUTE_LINEAR_INTERPOLATION_EXISTING_CONTRACT,+0.0_0060,0.0,60.0,EXTENDED_GT40_100KM,30.303130466666666,0.6606260933333333,0.0,14610.2142712,86.67874781333333,0.0,,2400.0,NO_NATIVE_SAMPLE_WITHIN_TIME_TOLERANCE,,,,,,,,NATIVE_TIME_SAMPLE_UNAVAILABLE_FOR_TIMELINE,COARSE_LOW_CLOUD_NATIVE_TIME_UNMATCHED,OBSERVER_ENVIRONMENT_TIMELINE_ONLY_NO_PHYSICS_PROMOTION,False,False,False,False
2026-09-14 17:20:21.746064+08:00,2026-09-14 18:00:21.746064+08:00,-40,5,PRE_EVENT,PRE_CORE_EVENT_DIAGNOSTIC,OPENMETEO_ROUTE_LINEAR_INTERPOLATION_EXISTING_CONTRACT,+0.0_0070,0.0,70.0,EXTENDED_GT40_100KM,18.1812172,0.6606260933333333,0.0,15820.790976799999,86.67874781333333,0.0,,2400.0,NO_NATIVE_SAMPLE_WITHIN_TIME_TOLERANCE,,,,,,,,NATIVE_TIME_SAMPLE_UNAVAILABLE_FOR_TIMELINE,COARSE_LOW_CLOUD_NATIVE_TIME_UNMATCHED,OBSERVER_ENVIRONMENT_TIMELINE_ONLY_NO_PHYSICS_PROMOTION,False,False,False,False
2026-09-14 17:20:21.746064+08:00,2026-09-14 18:00:21.746064+08:00,-40,5,PRE_EVENT,PRE_CORE_EVENT_DIAGNOSTIC,OPENMETEO_ROUTE_LINEAR_INTERPOLATION_EXISTING_CONTRACT,+0.0_0080,0.0,80.0,EXTENDED_GT40_100KM,41.551895773333335,0.6606260933333333,0.0,16252.553761066667,86.01812172,0.0,,2400.0,NO_NATIVE_SAMPLE_WITHIN_TIME_TOLERANCE,,,,,,,,NATIVE_TIME_SAMPLE_UNAVAILABLE_FOR_TIMELINE,COARSE_LOW_CLOUD_NATIVE_TIME_UNMATCHED,OBSERVER_ENVIRONMENT_TIMELINE_ONLY_NO_PHYSICS_PROMOTION,False,False,False,False
2026-09-14 17:20:21.746064+08:00,2026-09-14 18:00:21.746064+08:00,-40,5,PRE_EVENT,PRE_CORE_EVENT_DIAGNOSTIC,OPENMETEO_ROUTE_LINEAR_INTERPOLATION_EXISTING_CONTRACT,+0.0_0090,0.0,90.0,EXTENDED_GT40_100KM,47.12191326666667,0.0,0.0,16120.066107999999,86.67874781333333,0.0,,2400.0,NO_NATIVE_SAMPLE_WITHIN_TIME_TOLERANCE,,,,,,,,NATIVE_TIME_SAMPLE_UNAVAILABLE_FOR_TIMELINE,COARSE_LOW_CLOUD_NATIVE_TIME_UNMATCHED,OBSERVER_ENVIRONMENT_TIMELINE_ONLY_NO_PHYSICS_PROMOTION,False,False,False,False
2026-09-14 17:20:21.746064+08:00,2026-09-14 18:00:21.746064+08:00,-40,5,PRE_EVENT,PRE_CORE_EVENT_DIAGNOSTIC,OPENMETEO_ROUTE_LINEAR_INTERPOLATION_EXISTING_CONTRACT,+0.0_0100,0.0,100.0,EXTENDED_GT40_100KM,39.78253936,0.0,0.0,15941.1534112,85.67874781333333,0.0,,2400.0,NO_NATIVE_SAMPLE_WITHIN_TIME_TOLERANCE,,,,,,,,NATIVE_TIME_SAMPLE_UNAVAILABLE_FOR_TIMELINE,COARSE_LOW_CLOUD_NATIVE_TIME_UNMATCHED,OBSERVER_ENVIRONMENT_TIMELINE_ONLY_NO_PHYSICS_PROMOTION,False,False,False,False
2026-09-14 17:20:21.746064+08:00,2026-09-14 18:00:21.746064+08:00,-40,5,PRE_EVENT,PRE_CORE_EVENT_DIAGNOSTIC,OPENMETEO_ROUTE_LINEAR_INTERPOLATION_EXISTING_CONTRACT,+5.0_0005,5.0,5.0,NEAR_OBSERVER_0_10KM,2.0,1.3393739066666668,0.0,15683.360685066667,85.67874781333333,0.0,,2400.0,NO_NATIVE_SAMPLE_WITHIN_TIME_TOLERANCE,,,,,,,,NATIVE_TIME_SAMPLE_UNAVAILABLE_FOR_TIMELINE,COARSE_LOW_CLOUD_NATIVE_TIME_UNMATCHED,OBSERVER_ENVIRONMENT_TIMELINE_ONLY_NO_PHYSICS_PROMOTION,False,False,False,False
2026-09-14 17:20:21.746064+08:00,2026-09-14 18:00:21.746064+08:00,-40,5,PRE_EVENT,PRE_CORE_EVENT_DIAGNOSTIC,OPENMETEO_ROUTE_LINEAR_INTERPOLATION_EXISTING_CONTRACT,+5.0_0010,5.0,10.0,NEAR_OBSERVER_0_10KM,2.0,1.3393739066666668,0.0,15683.360685066667,85.67874781333333,0.0,,2400.0,NO_NATIVE_SAMPLE_WITHIN_TIME_TOLERANCE,,,,,,,,NATIVE_TIME_SAMPLE_UNAVAILABLE_FOR_TIMELINE,COARSE_LOW_CLOUD_NATIVE_TIME_UNMATCHED,OBSERVER_ENVIRONMENT_TIMELINE_ONLY_NO_PHYSICS_PROMOTION,False,False,False,False
2026-09-14 17:20:21.746064+08:00,2026-09-14 18:00:21.746064+08:00,-40,5,PRE_EVENT,PRE_CORE_EVENT_DIAGNOSTIC,OPENMETEO_ROUTE_LINEAR_INTERPOLATION_EXISTING_CONTRACT,+5.0_0015,5.0,15.0,PRIMARY_GT10_40KM,2.0,0.6606260933333333,0.0,16253.212521866666,89.66062609333333,0.0,,2400.0,NO_NATIVE_SAMPLE_WITHIN_TIME_TOLERANCE,,,,,,,,NATIVE_TIME_SAMPLE_UNAVAILABLE_FOR_TIMELINE,COARSE_LOW_CLOUD_NATIVE_TIME_UNMATCHED,OBSERVER_ENVIRONMENT_TIMELINE_ONLY_NO_PHYSICS_PROMOTION,False,False,False,False
2026-09-14 17:20:21.746064+08:00,2026-09-14 18:00:21.746064+08:00,-40,5,PRE_EVENT,PRE_CORE_EVENT_DIAGNOSTIC,OPENMETEO_ROUTE_LINEAR_INTERPOLATION_EXISTING_CONTRACT,+5.0_0020,5.0,20.0,PRIMARY_GT10_40KM,4.660626093333334,1.0,0.0,16072.850087466666,87.66062609333333,0.0,,2400.0,NO_NATIVE_SAMPLE_WITHIN_TIME_TOLERANCE,,,,,,,,NATIVE_TIME_SAMPLE_UNAVAILABLE_FOR_TIMELINE,COARSE_LOW_CLOUD_NATIVE_TIME_UNMATCHED,OBSERVER_ENVIRONMENT_TIMELINE_ONLY_NO_PHYSICS_PROMOTION,False,False,False,False
2026-09-14 17:20:21.746064+08:00,2026-09-14 18:00:21.746064+08:00,-40,5,PRE_EVENT,PRE_CORE_EVENT_DIAGNOSTIC,OPENMETEO_ROUTE_LINEAR_INTERPOLATION_EXISTING_CONTRACT,+5.0_0025,5.0,25.0,PRIMARY_GT10_40KM,4.660626093333334,1.0,0.0,16072.850087466666,87.66062609333333,0.0,,2400.0,NO_NATIVE_SAMPLE_WITHIN_TIME_TOLERANCE,,,,,,,,NATIVE_TIME_SAMPLE_UNAVAILABLE_FOR_TIMELINE,COARSE_LOW_CLOUD_NATIVE_TIME_UNMATCHED,OBSERVER_ENVIRONMENT_TIMELINE_ONLY_NO_PHYSICS_PROMOTION,False,False,False,False
2026-09-14 17:20:21.746064+08:00,2026-09-14 18:00:21.746064+08:00,-40,5,PRE_EVENT,PRE_CORE_EVENT_DIAGNOSTIC,OPENMETEO_ROUTE_LINEAR_INTERPOLATION_EXISTING_CONTRACT,+5.0_0030,5.0,30.0,PRIMARY_GT10_40KM,5.0,1.0,0.0,15835.749562666666,88.0,0.0,,2400.0,NO_NATIVE_SAMPLE_WITHIN_TIME_TOLERANCE,,,,,,,,NATIVE_TIME_SAMPLE_UNAVAILABLE_FOR_TIMELINE,COARSE_LOW_CLOUD_NATIVE_TIME_UNMATCHED,OBSERVER_ENVIRONMENT_TIMELINE_ONLY_NO_PHYSICS_PROMOTION,False,False,False,False
2026-09-14 17:20:21.746064+08:00,2026-09-14 18:00:21.746064+08:00,-40,5,PRE_EVENT,PRE_CORE_EVENT_DIAGNOSTIC,OPENMETEO_ROUTE_LINEAR_INTERPOLATION_EXISTING_CONTRACT,+5.0_0035,5.0,35.0,PRIMARY_GT10_40KM,5.0,1.0,0.0,15835.749562666666,88.0,0.0,,2400.0,NO_NATIVE_SAMPLE_WITHIN_TIME_TOLERANCE,,,,,,,,NATIVE_TIME_SAMPLE_UNAVAILABLE_FOR_TIMELINE,COARSE_LOW_CLOUD_NATIVE_TIME_UNMATCHED,OBSERVER_ENVIRONMENT_TIMELINE_ONLY_NO_PHYSICS_PROMOTION,False,False,False,False
2026-09-14 17:20:21.746064+08:00,2026-09-14 18:00:21.746064+08:00,-40,5,PRE_EVENT,PRE_CORE_EVENT_DIAGNOSTIC,OPENMETEO_ROUTE_LINEAR_INTERPOLATION_EXISTING_CONTRACT,+5.0_0040,5.0,40.0,PRIMARY_GT10_40KM,3.01812172,1.0,0.0,15276.375656,88.0,0.0,,2400.0,NO_NATIVE_SAMPLE_WITHIN_TIME_TOLERANCE,,,,,,,,NATIVE_TIME_SAMPLE_UNAVAILABLE_FOR_TIMELINE,COARSE_LOW_CLOUD_NATIVE_TIME_UNMATCHED,OBSERVER_ENVIRONMENT_TIMELINE_ONLY_NO_PHYSICS_PROMOTION,False,False,False,False
2026-09-14 17:20:21.746064+08:00,2026-09-14 18:00:21.746064+08:00,-40,5,PRE_EVENT,PRE_CORE_EVENT_DIAGNOSTIC,OPENMETEO_ROUTE_LINEAR_INTERPOLATION_EXISTING_CONTRACT,+5.0_0050,5.0,50.0,EXTENDED_GT40_100KM,16.12685204,0.33937390666666667,0.0,14643.3280176,87.66062609333333,0.0,,2400.0,NO_NATIVE_SAMPLE_WITHIN_TIME_TOLERANCE,,,,,,,,NATIVE_TIME_SAMPLE_UNAVAILABLE_FOR_TIMELINE,COARSE_LOW_CLOUD_NATIVE_TIME_UNMATCHED,OBSERVER_ENVIRONMENT_TIMELINE_ONLY_NO_PHYSICS_PROMOTION,False,False,False,False
2026-09-14 17:20:21.746064+08:00,2026-09-14 18:00:21.746064+08:00,-40,5,PRE_EVENT,PRE_CORE_EVENT_DIAGNOSTIC,OPENMETEO_ROUTE_LINEAR_INTERPOLATION_EXISTING_CONTRACT,+5.0_0060,5.0,60.0,EXTENDED_GT40_100KM,29.823721573333334,0.33937390666666667,0.0,14243.3280176,86.33937390666667,0.0,,2400.0,NO_NATIVE_SAMPLE_WITHIN_TIME_TOLERANCE,,,,,,,,NATIVE_TIME_SAMPLE_UNAVAILABLE_FOR_TIMELINE,COARSE_LOW_CLOUD_NATIVE_TIME_UNMATCHED,OBSERVER_ENVIRONMENT_TIMELINE_ONLY_NO_PHYSICS_PROMOTION,False,False,False,False
2026-09-14 17:20:21.746064+08:00,2026-09-14 18:00:21.746064+08:00,-40,5,PRE_EVENT,PRE_CORE_EVENT_DIAGNOSTIC,OPENMETEO_ROUTE_LINEAR_INTERPOLATION_EXISTING_CONTRACT,+5.0_0070,5.0,70.0,EXTENDED_GT40_100KM,36.19933892,0.33937390666666667,0.0,14368.4020992,87.33937390666667,0.0,,2400.0,NO_NATIVE_SAMPLE_WITHIN_TIME_TOLERANCE,,,,,,,,NATIVE_TIME_SAMPLE_UNAVAILABLE_FOR_TIMELINE,COARSE_LOW_CLOUD_NATIVE_TIME_UNMATCHED,OBSERVER_ENVIRONMENT_TIMELINE_ONLY_NO_PHYSICS_PROMOTION,False,False,False,False
2026-09-14 17:20:21.746064+08:00,2026-09-14 18:00:21.746064+08:00,-40,5,PRE_EVENT,PRE_CORE_EVENT_DIAGNOSTIC,OPENMETEO_ROUTE_LINEAR_INTERPOLATION_EXISTING_CONTRACT,+5.0_0080,5.0,80.0,EXTENDED_GT40_100KM,33.733112973333334,0.0,0.0,15832.191326666667,86.67874781333333,0.0,,2400.0,NO_NATIVE_SAMPLE_WITHIN_TIME_TOLERANCE,,,,,,,,NATIVE_TIME_SAMPLE_UNAVAILABLE_FOR_TIMELINE,COARSE_LOW_CLOUD_NATIVE_TIME_UNMATCHED,OBSERVER_ENVIRONMENT_TIMELINE_ONLY_NO_PHYSICS_PROMOTION,False,False,False,False
2026-09-14 17:20:21.746064+08:00,2026-09-14 18:00:21.746064+08:00,-40,5,PRE_EVENT,PRE_CORE_EVENT_DIAGNOSTIC,OPENMETEO_ROUTE_LINEAR_INTERPOLATION_EXISTING_CONTRACT,+5.0_0090,5.0,90.0,EXTENDED_GT40_100KM,35.10873032,0.0,0.0,14093.4761808,86.67874781333333,0.0,,2400.0,NO_NATIVE_SAMPLE_WITHIN_TIME_TOLERANCE,,,,,,,,NATIVE_TIME_SAMPLE_UNAVAILABLE_FOR_TIMELINE,COARSE_LOW_CLOUD_NATIVE_TIME_UNMATCHED,OBSERVER_ENVIRONMENT_TIMELINE_ONLY_NO_PHYSICS_PROMOTION,False,False,False,False
2026-09-14 17:20:21.746064+08:00,2026-09-14 18:00:21.746064+08:00,-40,5,PRE_EVENT,PRE_CORE_EVENT_DIAGNOSTIC,OPENMETEO_ROUTE_LINEAR_INTERPOLATION_EXISTING_CONTRACT,+5.0_0100,5.0,100.0,EXTENDED_GT40_100KM,38.28500874666667,0.0,0.0,15486.491151733333,86.01812172,0.0,,2400.0,NO_NATIVE_SAMPLE_WITHIN_TIME_TOLERANCE,,,,,,,,NATIVE_TIME_SAMPLE_UNAVAILABLE_FOR_TIMELINE,COARSE_LOW_CLOUD_NATIVE_TIME_UNMATCHED,OBSERVER_ENVIRONMENT_TIMELINE_ONLY_NO_PHYSICS_PROMOTION,False,False,False,False
2026-09-14 17:25:21.746064+08:00,2026-09-14 18:00:21.746064+08:00,-35,5,PRE_EVENT,PRE_CORE_EVENT_DIAGNOSTIC,OPENMETEO_ROUTE_LINEAR_INTERPOLATION_EXISTING_CONTRACT,-5.0_0000,-5.0,0.0,NEAR_OBSERVER_0_10KM,2.0,1.42270724,0.0,15821.6940184,85.84541448,0.0,,2100.0,NO_NATIVE_SAMPLE_WITHIN_TIME_TOLERANCE,,,,,,,,NATIVE_TIME_SAMPLE_UNAVAILABLE_FOR_TIMELINE,COARSE_LOW_CLOUD_NATIVE_TIME_UNMATCHED,OBSERVER_ENVIRONMENT_TIMELINE_ONLY_NO_PHYSICS_PROMOTION,False,False,False,False
2026-09-14 17:25:21.746064+08:00,2026-09-14 18:00:21.746064+08:00,-35,5,PRE_EVENT,PRE_CORE_EVENT_DIAGNOSTIC,OPENMETEO_ROUTE_LINEAR_INTERPOLATION_EXISTING_CONTRACT,+0.0_0000,0.0,0.0,NEAR_OBSERVER_0_10KM,2.0,1.42270724,0.0,15821.6940184,85.84541448,0.0,,2100.0,NO_NATIVE_SAMPLE_WITHIN_TIME_TOLERANCE,,,,,,,,NATIVE_TIME_SAMPLE_UNAVAILABLE_FOR_TIMELINE,COARSE_LOW_CLOUD_NATIVE_TIME_UNMATCHED,OBSERVER_ENVIRONMENT_TIMELINE_ONLY_NO_PHYSICS_PROMOTION,False,False,False,False
2026-09-14 17:25:21.746064+08:00,2026-09-14 18:00:21.746064+08:00,-35,5,PRE_EVENT,PRE_CORE_EVENT_DIAGNOSTIC,OPENMETEO_ROUTE_LINEAR_INTERPOLATION_EXISTING_CONTRACT,+5.0_0000,5.0,0.0,NEAR_OBSERVER_0_10KM,2.0,1.42270724,0.0,15821.6940184,85.84541448,0.0,,2100.0,NO_NATIVE_SAMPLE_WITHIN_TIME_TOLERANCE,,,,,,,,NATIVE_TIME_SAMPLE_UNAVAILABLE_FOR_TIMELINE,COARSE_LOW_CLOUD_NATIVE_TIME_UNMATCHED,OBSERVER_ENVIRONMENT_TIMELINE_ONLY_NO_PHYSICS_PROMOTION,False,False,False,False
2026-09-14 17:25:21.746064+08:00,2026-09-14 18:00:21.746064+08:00,-35,5,PRE_EVENT,PRE_CORE_EVENT_DIAGNOSTIC,OPENMETEO_ROUTE_LINEAR_INTERPOLATION_EXISTING_CONTRACT,-5.0_0005,-5.0,5.0,NEAR_OBSERVER_0_10KM,2.0,1.42270724,0.0,15821.6940184,85.84541448,0.0,,2100.0,NO_NATIVE_SAMPLE_WITHIN_TIME_TOLERANCE,,,,,,,,NATIVE_TIME_SAMPLE_UNAVAILABLE_FOR_TIMELINE,COARSE_LOW_CLOUD_NATIVE_TIME_UNMATCHED,OBSERVER_ENVIRONMENT_TIMELINE_ONLY_NO_PHYSICS_PROMOTION,False,False,False,False
2026-09-14 17:25:21.746064+08:00,2026-09-14 18:00:21.746064+08:00,-35,5,PRE_EVENT,PRE_CORE_EVENT_DIAGNOSTIC,OPENMETEO_ROUTE_LINEAR_INTERPOLATION_EXISTING_CONTRACT,-5.0_0010,-5.0,10.0,NEAR_OBSERVER_0_10KM,1.0,1.42270724,0.0,17873.0476384,83.26812172,0.0,,2100.0,NO_NATIVE_SAMPLE_WITHIN_TIME_TOLERANCE,,,,,,,,NATIVE_TIME_SAMPLE_UNAVAILABLE_FOR_TIMELINE,COARSE_LOW_CLOUD_NATIVE_TIME_UNMATCHED,OBSERVER_ENVIRONMENT_TIMELINE_ONLY_NO_PHYSICS_PROMOTION,False,False,False,False
2026-09-14 17:25:21.746064+08:00,2026-09-14 18:00:21.746064+08:00,-35,5,PRE_EVENT,PRE_CORE_EVENT_DIAGNOSTIC,OPENMETEO_ROUTE_LINEAR_INTERPOLATION_EXISTING_CONTRACT,-5.0_0015,-5.0,15.0,PRIMARY_GT10_40KM,1.0,1.42270724,0.0,17873.0476384,83.26812172,0.0,,2100.0,NO_NATIVE_SAMPLE_WITHIN_TIME_TOLERANCE,,,,,,,,NATIVE_TIME_SAMPLE_UNAVAILABLE_FOR_TIMELINE,COARSE_LOW_CLOUD_NATIVE_TIME_UNMATCHED,OBSERVER_ENVIRONMENT_TIMELINE_ONLY_NO_PHYSICS_PROMOTION,False,False,False,False
2026-09-14 17:25:21.746064+08:00,2026-09-14 18:00:21.746064+08:00,-35,5,PRE_EVENT,PRE_CORE_EVENT_DIAGNOSTIC,OPENMETEO_ROUTE_LINEAR_INTERPOLATION_EXISTING_CONTRACT,-5.0_0020,-5.0,20.0,PRIMARY_GT10_40KM,1.42270724,1.15458552,0.0,16248.4541448,90.57729276,0.0,,2100.0,NO_NATIVE_SAMPLE_WITHIN_TIME_TOLERANCE,,,,,,,,NATIVE_TIME_SAMPLE_UNAVAILABLE_FOR_TIMELINE,COARSE_LOW_CLOUD_NATIVE_TIME_UNMATCHED,OBSERVER_ENVIRONMENT_TIMELINE_ONLY_NO_PHYSICS_PROMOTION,False,False,False,False
2026-09-14 17:25:21.746064+08:00,2026-09-14 18:00:21.746064+08:00,-35,5,PRE_EVENT,PRE_CORE_EVENT_DIAGNOSTIC,OPENMETEO_ROUTE_LINEAR_INTERPOLATION_EXISTING_CONTRACT,-5.0_0025,-5.0,25.0,PRIMARY_GT10_40KM,4.42270724,1.57729276,0.0,16123.0917104,88.57729276,0.0,,2100.0,NO_NATIVE_SAMPLE_WITHIN_TIME_TOLERANCE,,,,,,,,NATIVE_TIME_SAMPLE_UNAVAILABLE_FOR_TIMELINE,COARSE_LOW_CLOUD_NATIVE_TIME_UNMATCHED,OBSERVER_ENVIRONMENT_TIMELINE_ONLY_NO_PHYSICS_PROMOTION,False,False,False,False
2026-09-14 17:25:21.746064+08:00,2026-09-14 18:00:21.746064+08:00,-35,5,PRE_EVENT,PRE_CORE_EVENT_DIAGNOSTIC,OPENMETEO_ROUTE_LINEAR_INTERPOLATION_EXISTING_CONTRACT,-5.0_0030,-5.0,30.0,PRIMARY_GT10_40KM,4.42270724,1.57729276,0.0,16123.0917104,88.57729276,0.0,,2100.0,NO_NATIVE_SAMPLE_WITHIN_TIME_TOLERANCE,,,,,,,,NATIVE_TIME_SAMPLE_UNAVAILABLE_FOR_TIMELINE,COARSE_LOW_CLOUD_NATIVE_TIME_UNMATCHED,OBSERVER_ENVIRONMENT_TIMELINE_ONLY_NO_PHYSICS_PROMOTION,False,False,False,False
2026-09-14 17:25:21.746064+08:00,2026-09-14 18:00:21.746064+08:00,-35,5,PRE_EVENT,PRE_CORE_EVENT_DIAGNOSTIC,OPENMETEO_ROUTE_LINEAR_INTERPOLATION_EXISTING_CONTRACT,-5.0_0035,-5.0,35.0,PRIMARY_GT10_40KM,5.80436516,1.0,0.0,15767.6331584,87.42270724,0.0,,2100.0,NO_NATIVE_SAMPLE_WITHIN_TIME_TOLERANCE,,,,,,,,NATIVE_TIME_SAMPLE_UNAVAILABLE_FOR_TIMELINE,COARSE_LOW_CLOUD_NATIVE_TIME_UNMATCHED,OBSERVER_ENVIRONMENT_TIMELINE_ONLY_NO_PHYSICS_PROMOTION,False,False,False,False
2026-09-14 17:25:21.746064+08:00,2026-09-14 18:00:21.746064+08:00,-35,5,PRE_EVENT,PRE_CORE_EVENT_DIAGNOSTIC,OPENMETEO_ROUTE_LINEAR_INTERPOLATION_EXISTING_CONTRACT,-5.0_0040,-5.0,40.0,PRIMARY_GT10_40KM,5.80436516,1.0,0.0,15767.6331584,87.42270724,0.0,,2100.0,NO_NATIVE_SAMPLE_WITHIN_TIME_TOLERANCE,,,,,,,,NATIVE_TIME_SAMPLE_UNAVAILABLE_FOR_TIMELINE,COARSE_LOW_CLOUD_NATIVE_TIME_UNMATCHED,OBSERVER_ENVIRONMENT_TIMELINE_ONLY_NO_PHYSICS_PROMOTION,False,False,False,False
2026-09-14 17:25:21.746064+08:00,2026-09-14 18:00:21.746064+08:00,-35,5,PRE_EVENT,PRE_CORE_EVENT_DIAGNOSTIC,OPENMETEO_ROUTE_LINEAR_INTERPOLATION_EXISTING_CONTRACT,-5.0_0050,-5.0,50.0,EXTENDED_GT40_100KM,8.84541448,1.0,0.0,15284.7336832,88.42270724,0.0,,2100.0,NO_NATIVE_SAMPLE_WITHIN_TIME_TOLERANCE,,,,,,,,NATIVE_TIME_SAMPLE_UNAVAILABLE_FOR_TIMELINE,COARSE_LOW_CLOUD_NATIVE_TIME_UNMATCHED,OBSERVER_ENVIRONMENT_TIMELINE_ONLY_NO_PHYSICS_PROMOTION,False,False,False,False
2026-09-14 17:25:21.746064+08:00,2026-09-14 18:00:21.746064+08:00,-35,5,PRE_EVENT,PRE_CORE_EVENT_DIAGNOSTIC,OPENMETEO_ROUTE_LINEAR_INTERPOLATION_EXISTING_CONTRACT,-5.0_0060,-5.0,60.0,EXTENDED_GT40_100KM,15.30917104,0.57729276,0.0,15006.375656,88.42270724,0.0,,2100.0,NO_NATIVE_SAMPLE_WITHIN_TIME_TOLERANCE,,,,,,,,NATIVE_TIME_SAMPLE_UNAVAILABLE_FOR_TIMELINE,COARSE_LOW_CLOUD_NATIVE_TIME_UNMATCHED,OBSERVER_ENVIRONMENT_TIMELINE_ONLY_NO_PHYSICS_PROMOTION,False,False,False,False
2026-09-14 17:25:21.746064+08:00,2026-09-14 18:00:21.746064+08:00,-35,5,PRE_EVENT,PRE_CORE_EVENT_DIAGNOSTIC,OPENMETEO_ROUTE_LINEAR_INTERPOLATION_EXISTING_CONTRACT,-5.0_0070,-5.0,70.0,EXTENDED_GT40_100KM,18.95895068,0.57729276,0.0,14683.2839456,87.42270724,0.0,,2100.0,NO_NATIVE_SAMPLE_WITHIN_TIME_TOLERANCE,,,,,,,,NATIVE_TIME_SAMPLE_UNAVAILABLE_FOR_TIMELINE,COARSE_LOW_CLOUD_NATIVE_TIME_UNMATCHED,OBSERVER_ENVIRONMENT_TIMELINE_ONLY_NO_PHYSICS_PROMOTION,False,False,False,False
2026-09-14 17:25:21.746064+08:00,2026-09-14 18:00:21.746064+08:00,-35,5,PRE_EVENT,PRE_CORE_EVENT_DIAGNOSTIC,OPENMETEO_ROUTE_LINEAR_INTERPOLATION_EXISTING_CONTRACT,-5.0_0080,-5.0,80.0,EXTENDED_GT40_100KM,39.96856244,0.57729276,0.0,15965.887094400001,86.26812172,0.0,,2100.0,NO_NATIVE_SAMPLE_WITHIN_TIME_TOLERANCE,,,,,,,,NATIVE_TIME_SAMPLE_UNAVAILABLE_FOR_TIMELINE,COARSE_LOW_CLOUD_NATIVE_TIME_UNMATCHED,OBSERVER_ENVIRONMENT_TIMELINE_ONLY_NO_PHYSICS_PROMOTION,False,False,False,False
2026-09-14 17:25:21.746064+08:00,2026-09-14 18:00:21.746064+08:00,-35,5,PRE_EVENT,PRE_CORE_EVENT_DIAGNOSTIC,OPENMETEO_ROUTE_LINEAR_INTERPOLATION_EXISTING_CONTRACT,-5.0_0090,-5.0,90.0,EXTENDED_GT40_100KM,44.2052466,0.57729276,0.0,15897.2407144,86.42270724,0.0,,2100.0,NO_NATIVE_SAMPLE_WITHIN_TIME_TOLERANCE,,,,,,,,NATIVE_TIME_SAMPLE_UNAVAILABLE_FOR_TIMELINE,COARSE_LOW_CLOUD_NATIVE_TIME_UNMATCHED,OBSERVER_ENVIRONMENT_TIMELINE_ONLY_NO_PHYSICS_PROMOTION,False,False,False,False
2026-09-14 17:25:21.746064+08:00,2026-09-14 18:00:21.746064+08:00,-35,5,PRE_EVENT,PRE_CORE_EVENT_DIAGNOSTIC,OPENMETEO_ROUTE_LINEAR_INTERPOLATION_EXISTING_CONTRACT,-5.0_0100,-5.0,100.0,EXTENDED_GT40_100KM,35.30917104,0.57729276,0.0,15265.887094400001,85.42270724,0.0,,2100.0,NO_NATIVE_SAMPLE_WITHIN_TIME_TOLERANCE,,,,,,,,NATIVE_TIME_SAMPLE_UNAVAILABLE_FOR_TIMELINE,COARSE_LOW_CLOUD_NATIVE_TIME_UNMATCHED,OBSERVER_ENVIRONMENT_TIMELINE_ONLY_NO_PHYSICS_PROMOTION,False,False,False,False
2026-09-14 17:25:21.746064+08:00,2026-09-14 18:00:21.746064+08:00,-35,5,PRE_EVENT,PRE_CORE_EVENT_DIAGNOSTIC,OPENMETEO_ROUTE_LINEAR_INTERPOLATION_EXISTING_CONTRACT,+0.0_0005,0.0,5.0,NEAR_OBSERVER_0_10KM,2.0,1.42270724,0.0,15821.6940184,85.84541448,0.0,,2100.0,NO_NATIVE_SAMPLE_WITHIN_TIME_TOLERANCE,,,,,,,,NATIVE_TIME_SAMPLE_UNAVAILABLE_FOR_TIMELINE,COARSE_LOW_CLOUD_NATIVE_TIME_UNMATCHED,OBSERVER_ENVIRONMENT_TIMELINE_ONLY_NO_PHYSICS_PROMOTION,False,False,False,False
2026-09-14 17:25:21.746064+08:00,2026-09-14 18:00:21.746064+08:00,-35,5,PRE_EVENT,PRE_CORE_EVENT_DIAGNOSTIC,OPENMETEO_ROUTE_LINEAR_INTERPOLATION_EXISTING_CONTRACT,+0.0_0010,0.0,10.0,NEAR_OBSERVER_0_10KM,1.0,1.42270724,0.0,17873.0476384,83.26812172,0.0,,2100.0,NO_NATIVE_SAMPLE_WITHIN_TIME_TOLERANCE,,,,,,,,NATIVE_TIME_SAMPLE_UNAVAILABLE_FOR_TIMELINE,COARSE_LOW_CLOUD_NATIVE_TIME_UNMATCHED,OBSERVER_ENVIRONMENT_TIMELINE_ONLY_NO_PHYSICS_PROMOTION,False,False,False,False
2026-09-14 17:25:21.746064+08:00,2026-09-14 18:00:21.746064+08:00,-35,5,PRE_EVENT,PRE_CORE_EVENT_DIAGNOSTIC,OPENMETEO_ROUTE_LINEAR_INTERPOLATION_EXISTING_CONTRACT,+0.0_0015,0.0,15.0,PRIMARY_GT10_40KM,2.0,0.57729276,0.0,16251.5458552,89.57729276,0.0,,2100.0,NO_NATIVE_SAMPLE_WITHIN_TIME_TOLERANCE,,,,,,,,NATIVE_TIME_SAMPLE_UNAVAILABLE_FOR_TIMELINE,COARSE_LOW_CLOUD_NATIVE_TIME_UNMATCHED,OBSERVER_ENVIRONMENT_TIMELINE_ONLY_NO_PHYSICS_PROMOTION,False,False,False,False
2026-09-14 17:25:21.746064+08:00,2026-09-14 18:00:21.746064+08:00,-35,5,PRE_EVENT,PRE_CORE_EVENT_DIAGNOSTIC,OPENMETEO_ROUTE_LINEAR_INTERPOLATION_EXISTING_CONTRACT,+0.0_0020,0.0,20.0,PRIMARY_GT10_40KM,4.57729276,1.0,0.0,16066.1834208,87.57729276,0.0,,2100.0,NO_NATIVE_SAMPLE_WITHIN_TIME_TOLERANCE,,,,,,,,NATIVE_TIME_SAMPLE_UNAVAILABLE_FOR_TIMELINE,COARSE_LOW_CLOUD_NATIVE_TIME_UNMATCHED,OBSERVER_ENVIRONMENT_TIMELINE_ONLY_NO_PHYSICS_PROMOTION,False,False,False,False
2026-09-14 17:25:21.746064+08:00,2026-09-14 18:00:21.746064+08:00,-35,5,PRE_EVENT,PRE_CORE_EVENT_DIAGNOSTIC,OPENMETEO_ROUTE_LINEAR_INTERPOLATION_EXISTING_CONTRACT,+0.0_0025,0.0,25.0,PRIMARY_GT10_40KM,4.57729276,1.0,0.0,16066.1834208,87.57729276,0.0,,2100.0,NO_NATIVE_SAMPLE_WITHIN_TIME_TOLERANCE,,,,,,,,NATIVE_TIME_SAMPLE_UNAVAILABLE_FOR_TIMELINE,COARSE_LOW_CLOUD_NATIVE_TIME_UNMATCHED,OBSERVER_ENVIRONMENT_TIMELINE_ONLY_NO_PHYSICS_PROMOTION,False,False,False,False
2026-09-14 17:25:21.746064+08:00,2026-09-14 18:00:21.746064+08:00,-35,5,PRE_EVENT,PRE_CORE_EVENT_DIAGNOSTIC,OPENMETEO_ROUTE_LINEAR_INTERPOLATION_EXISTING_CONTRACT,+0.0_0030,0.0,30.0,PRIMARY_GT10_40KM,5.0,1.0,0.0,15869.082896,88.0,0.0,,2100.0,NO_NATIVE_SAMPLE_WITHIN_TIME_TOLERANCE,,,,,,,,NATIVE_TIME_SAMPLE_UNAVAILABLE_FOR_TIMELINE,COARSE_LOW_CLOUD_NATIVE_TIME_UNMATCHED,OBSERVER_ENVIRONMENT_TIMELINE_ONLY_NO_PHYSICS_PROMOTION,False,False,False,False
2026-09-14 17:25:21.746064+08:00,2026-09-14 18:00:21.746064+08:00,-35,5,PRE_EVENT,PRE_CORE_EVENT_DIAGNOSTIC,OPENMETEO_ROUTE_LINEAR_INTERPOLATION_EXISTING_CONTRACT,+0.0_0035,0.0,35.0,PRIMARY_GT10_40KM,5.0,1.0,0.0,15869.082896,88.0,0.0,,2100.0,NO_NATIVE_SAMPLE_WITHIN_TIME_TOLERANCE,,,,,,,,NATIVE_TIME_SAMPLE_UNAVAILABLE_FOR_TIMELINE,COARSE_LOW_CLOUD_NATIVE_TIME_UNMATCHED,OBSERVER_ENVIRONMENT_TIMELINE_ONLY_NO_PHYSICS_PROMOTION,False,False,False,False
2026-09-14 17:25:21.746064+08:00,2026-09-14 18:00:21.746064+08:00,-35,5,PRE_EVENT,PRE_CORE_EVENT_DIAGNOSTIC,OPENMETEO_ROUTE_LINEAR_INTERPOLATION_EXISTING_CONTRACT,+0.0_0040,0.0,40.0,PRIMARY_GT10_40KM,3.26812172,1.0,0.0,15226.375656,88.0,0.0,,2100.0,NO_NATIVE_SAMPLE_WITHIN_TIME_TOLERANCE,,,,,,,,NATIVE_TIME_SAMPLE_UNAVAILABLE_FOR_TIMELINE,COARSE_LOW_CLOUD_NATIVE_TIME_UNMATCHED,OBSERVER_ENVIRONMENT_TIMELINE_ONLY_NO_PHYSICS_PROMOTION,False,False,False,False
2026-09-14 17:25:21.746064+08:00,2026-09-14 18:00:21.746064+08:00,-35,5,PRE_EVENT,PRE_CORE_EVENT_DIAGNOSTIC,OPENMETEO_ROUTE_LINEAR_INTERPOLATION_EXISTING_CONTRACT,+0.0_0050,0.0,50.0,EXTENDED_GT40_100KM,20.64977964,1.0,0.0,14794.3932848,88.0,0.0,,2100.0,NO_NATIVE_SAMPLE_WITHIN_TIME_TOLERANCE,,,,,,,,NATIVE_TIME_SAMPLE_UNAVAILABLE_FOR_TIMELINE,COARSE_LOW_CLOUD_NATIVE_TIME_UNMATCHED,OBSERVER_ENVIRONMENT_TIMELINE_ONLY_NO_PHYSICS_PROMOTION,False,False,False,False
2026-09-14 17:25:21.746064+08:00,2026-09-14 18:00:21.746064+08:00,-35,5,PRE_EVENT,PRE_CORE_EVENT_DIAGNOSTIC,OPENMETEO_ROUTE_LINEAR_INTERPOLATION_EXISTING_CONTRACT,+0.0_0060,0.0,60.0,EXTENDED_GT40_100KM,29.8864638,0.57729276,0.0,14475.2142712,86.84541448,0.0,,2100.0,NO_NATIVE_SAMPLE_WITHIN_TIME_TOLERANCE,,,,,,,,NATIVE_TIME_SAMPLE_UNAVAILABLE_FOR_TIMELINE,COARSE_LOW_CLOUD_NATIVE_TIME_UNMATCHED,OBSERVER_ENVIRONMENT_TIMELINE_ONLY_NO_PHYSICS_PROMOTION,False,False,False,False
2026-09-14 17:25:21.746064+08:00,2026-09-14 18:00:21.746064+08:00,-35,5,PRE_EVENT,PRE_CORE_EVENT_DIAGNOSTIC,OPENMETEO_ROUTE_LINEAR_INTERPOLATION_EXISTING_CONTRACT,+0.0_0070,0.0,70.0,EXTENDED_GT40_100KM,20.6812172,0.57729276,0.0,15555.790976799999,86.84541448,0.0,,2100.0,NO_NATIVE_SAMPLE_WITHIN_TIME_TOLERANCE,,,,,,,,NATIVE_TIME_SAMPLE_UNAVAILABLE_FOR_TIMELINE,COARSE_LOW_CLOUD_NATIVE_TIME_UNMATCHED,OBSERVER_ENVIRONMENT_TIMELINE_ONLY_NO_PHYSICS_PROMOTION,False,False,False,False
2026-09-14 17:25:21.746064+08:00,2026-09-14 18:00:21.746064+08:00,-35,5,PRE_EVENT,PRE_CORE_EVENT_DIAGNOSTIC,OPENMETEO_ROUTE_LINEAR_INTERPOLATION_EXISTING_CONTRACT,+0.0_0080,0.0,80.0,EXTENDED_GT40_100KM,39.96856244,0.57729276,0.0,15965.887094400001,86.26812172,0.0,,2100.0,NO_NATIVE_SAMPLE_WITHIN_TIME_TOLERANCE,,,,,,,,NATIVE_TIME_SAMPLE_UNAVAILABLE_FOR_TIMELINE,COARSE_LOW_CLOUD_NATIVE_TIME_UNMATCHED,OBSERVER_ENVIRONMENT_TIMELINE_ONLY_NO_PHYSICS_PROMOTION,False,False,False,False
2026-09-14 17:25:21.746064+08:00,2026-09-14 18:00:21.746064+08:00,-35,5,PRE_EVENT,PRE_CORE_EVENT_DIAGNOSTIC,OPENMETEO_ROUTE_LINEAR_INTERPOLATION_EXISTING_CONTRACT,+0.0_0090,0.0,90.0,EXTENDED_GT40_100KM,44.2052466,0.0,0.0,15845.066107999999,86.84541448,0.0,,2100.0,NO_NATIVE_SAMPLE_WITHIN_TIME_TOLERANCE,,,,,,,,NATIVE_TIME_SAMPLE_UNAVAILABLE_FOR_TIMELINE,COARSE_LOW_CLOUD_NATIVE_TIME_UNMATCHED,OBSERVER_ENVIRONMENT_TIMELINE_ONLY_NO_PHYSICS_PROMOTION,False,False,False,False
2026-09-14 17:25:21.746064+08:00,2026-09-14 18:00:21.746064+08:00,-35,5,PRE_EVENT,PRE_CORE_EVENT_DIAGNOSTIC,OPENMETEO_ROUTE_LINEAR_INTERPOLATION_EXISTING_CONTRACT,+0.0_0100,0.0,100.0,EXTENDED_GT40_100KM,36.78253936,0.0,0.0,15681.1534112,85.84541448,0.0,,2100.0,NO_NATIVE_SAMPLE_WITHIN_TIME_TOLERANCE,,,,,,,,NATIVE_TIME_SAMPLE_UNAVAILABLE_FOR_TIMELINE,COARSE_LOW_CLOUD_NATIVE_TIME_UNMATCHED,OBSERVER_ENVIRONMENT_TIMELINE_ONLY_NO_PHYSICS_PROMOTION,False,False,False,False
2026-09-14 17:25:21.746064+08:00,2026-09-14 18:00:21.746064+08:00,-35,5,PRE_EVENT,PRE_CORE_EVENT_DIAGNOSTIC,OPENMETEO_ROUTE_LINEAR_INTERPOLATION_EXISTING_CONTRACT,+5.0_0005,5.0,5.0,NEAR_OBSERVER_0_10KM,2.0,1.42270724,0.0,15821.6940184,85.84541448,0.0,,2100.0,NO_NATIVE_SAMPLE_WITHIN_TIME_TOLERANCE,,,,,,,,NATIVE_TIME_SAMPLE_UNAVAILABLE_FOR_TIMELINE,COARSE_LOW_CLOUD_NATIVE_TIME_UNMATCHED,OBSERVER_ENVIRONMENT_TIMELINE_ONLY_NO_PHYSICS_PROMOTION,False,False,False,False
2026-09-14 17:25:21.746064+08:00,2026-09-14 18:00:21.746064+08:00,-35,5,PRE_EVENT,PRE_CORE_EVENT_DIAGNOSTIC,OPENMETEO_ROUTE_LINEAR_INTERPOLATION_EXISTING_CONTRACT,+5.0_0010,5.0,10.0,NEAR_OBSERVER_0_10KM,2.0,1.42270724,0.0,15821.6940184,85.84541448,0.0,,2100.0,NO_NATIVE_SAMPLE_WITHIN_TIME_TOLERANCE,,,,,,,,NATIVE_TIME_SAMPLE_UNAVAILABLE_FOR_TIMELINE,COARSE_LOW_CLOUD_NATIVE_TIME_UNMATCHED,OBSERVER_ENVIRONMENT_TIMELINE_ONLY_NO_PHYSICS_PROMOTION,False,False,False,False
2026-09-14 17:25:21.746064+08:00,2026-09-14 18:00:21.746064+08:00,-35,5,PRE_EVENT,PRE_CORE_EVENT_DIAGNOSTIC,OPENMETEO_ROUTE_LINEAR_INTERPOLATION_EXISTING_CONTRACT,+5.0_0015,5.0,15.0,PRIMARY_GT10_40KM,2.0,0.57729276,0.0,16251.5458552,89.57729276,0.0,,2100.0,NO_NATIVE_SAMPLE_WITHIN_TIME_TOLERANCE,,,,,,,,NATIVE_TIME_SAMPLE_UNAVAILABLE_FOR_TIMELINE,COARSE_LOW_CLOUD_NATIVE_TIME_UNMATCHED,OBSERVER_ENVIRONMENT_TIMELINE_ONLY_NO_PHYSICS_PROMOTION,False,False,False,False
2026-09-14 17:25:21.746064+08:00,2026-09-14 18:00:21.746064+08:00,-35,5,PRE_EVENT,PRE_CORE_EVENT_DIAGNOSTIC,OPENMETEO_ROUTE_LINEAR_INTERPOLATION_EXISTING_CONTRACT,+5.0_0020,5.0,20.0,PRIMARY_GT10_40KM,4.57729276,1.0,0.0,16066.1834208,87.57729276,0.0,,2100.0,NO_NATIVE_SAMPLE_WITHIN_TIME_TOLERANCE,,,,,,,,NATIVE_TIME_SAMPLE_UNAVAILABLE_FOR_TIMELINE,COARSE_LOW_CLOUD_NATIVE_TIME_UNMATCHED,OBSERVER_ENVIRONMENT_TIMELINE_ONLY_NO_PHYSICS_PROMOTION,False,False,False,False
2026-09-14 17:25:21.746064+08:00,2026-09-14 18:00:21.746064+08:00,-35,5,PRE_EVENT,PRE_CORE_EVENT_DIAGNOSTIC,OPENMETEO_ROUTE_LINEAR_INTERPOLATION_EXISTING_CONTRACT,+5.0_0025,5.0,25.0,PRIMARY_GT10_40KM,4.57729276,1.0,0.0,16066.1834208,87.57729276,0.0,,2100.0,NO_NATIVE_SAMPLE_WITHIN_TIME_TOLERANCE,,,,,,,,NATIVE_TIME_SAMPLE_UNAVAILABLE_FOR_TIMELINE,COARSE_LOW_CLOUD_NATIVE_TIME_UNMATCHED,OBSERVER_ENVIRONMENT_TIMELINE_ONLY_NO_PHYSICS_PROMOTION,False,False,False,False
2026-09-14 17:25:21.746064+08:00,2026-09-14 18:00:21.746064+08:00,-35,5,PRE_EVENT,PRE_CORE_EVENT_DIAGNOSTIC,OPENMETEO_ROUTE_LINEAR_INTERPOLATION_EXISTING_CONTRACT,+5.0_0030,5.0,30.0,PRIMARY_GT10_40KM,5.0,1.0,0.0,15869.082896,88.0,0.0,,2100.0,NO_NATIVE_SAMPLE_WITHIN_TIME_TOLERANCE,,,,,,,,NATIVE_TIME_SAMPLE_UNAVAILABLE_FOR_TIMELINE,COARSE_LOW_CLOUD_NATIVE_TIME_UNMATCHED,OBSERVER_ENVIRONMENT_TIMELINE_ONLY_NO_PHYSICS_PROMOTION,False,False,False,False
2026-09-14 17:25:21.746064+08:00,2026-09-14 18:00:21.746064+08:00,-35,5,PRE_EVENT,PRE_CORE_EVENT_DIAGNOSTIC,OPENMETEO_ROUTE_LINEAR_INTERPOLATION_EXISTING_CONTRACT,+5.0_0035,5.0,35.0,PRIMARY_GT10_40KM,5.0,1.0,0.0,15869.082896,88.0,0.0,,2100.0,NO_NATIVE_SAMPLE_WITHIN_TIME_TOLERANCE,,,,,,,,NATIVE_TIME_SAMPLE_UNAVAILABLE_FOR_TIMELINE,COARSE_LOW_CLOUD_NATIVE_TIME_UNMATCHED,OBSERVER_ENVIRONMENT_TIMELINE_ONLY_NO_PHYSICS_PROMOTION,False,False,False,False
2026-09-14 17:25:21.746064+08:00,2026-09-14 18:00:21.746064+08:00,-35,5,PRE_EVENT,PRE_CORE_EVENT_DIAGNOSTIC,OPENMETEO_ROUTE_LINEAR_INTERPOLATION_EXISTING_CONTRACT,+5.0_0040,5.0,40.0,PRIMARY_GT10_40KM,3.26812172,1.0,0.0,15226.375656,88.0,0.0,,2100.0,NO_NATIVE_SAMPLE_WITHIN_TIME_TOLERANCE,,,,,,,,NATIVE_TIME_SAMPLE_UNAVAILABLE_FOR_TIMELINE,COARSE_LOW_CLOUD_NATIVE_TIME_UNMATCHED,OBSERVER_ENVIRONMENT_TIMELINE_ONLY_NO_PHYSICS_PROMOTION,False,False,False,False
2026-09-14 17:25:21.746064+08:00,2026-09-14 18:00:21.746064+08:00,-35,5,PRE_EVENT,PRE_CORE_EVENT_DIAGNOSTIC,OPENMETEO_ROUTE_LINEAR_INTERPOLATION_EXISTING_CONTRACT,+5.0_0050,5.0,50.0,EXTENDED_GT40_100KM,17.87685204,0.42270724,0.0,14413.3280176,87.57729276,0.0,,2100.0,NO_NATIVE_SAMPLE_WITHIN_TIME_TOLERANCE,,,,,,,,NATIVE_TIME_SAMPLE_UNAVAILABLE_FOR_TIMELINE,COARSE_LOW_CLOUD_NATIVE_TIME_UNMATCHED,OBSERVER_ENVIRONMENT_TIMELINE_ONLY_NO_PHYSICS_PROMOTION,False,False,False,False
2026-09-14 17:25:21.746064+08:00,2026-09-14 18:00:21.746064+08:00,-35,5,PRE_EVENT,PRE_CORE_EVENT_DIAGNOSTIC,OPENMETEO_ROUTE_LINEAR_INTERPOLATION_EXISTING_CONTRACT,+5.0_0060,5.0,60.0,EXTENDED_GT40_100KM,31.99038824,0.42270724,0.0,14013.3280176,86.42270724,0.0,,2100.0,NO_NATIVE_SAMPLE_WITHIN_TIME_TOLERANCE,,,,,,,,NATIVE_TIME_SAMPLE_UNAVAILABLE_FOR_TIMELINE,COARSE_LOW_CLOUD_NATIVE_TIME_UNMATCHED,OBSERVER_ENVIRONMENT_TIMELINE_ONLY_NO_PHYSICS_PROMOTION,False,False,False,False
2026-09-14 17:25:21.746064+08:00,2026-09-14 18:00:21.746064+08:00,-35,5,PRE_EVENT,PRE_CORE_EVENT_DIAGNOSTIC,OPENMETEO_ROUTE_LINEAR_INTERPOLATION_EXISTING_CONTRACT,+5.0_0070,5.0,70.0,EXTENDED_GT40_100KM,38.94933892,0.42270724,0.0,14208.4020992,87.42270724,0.0,,2100.0,NO_NATIVE_SAMPLE_WITHIN_TIME_TOLERANCE,,,,,,,,NATIVE_TIME_SAMPLE_UNAVAILABLE_FOR_TIMELINE,COARSE_LOW_CLOUD_NATIVE_TIME_UNMATCHED,OBSERVER_ENVIRONMENT_TIMELINE_ONLY_NO_PHYSICS_PROMOTION,False,False,False,False
2026-09-14 17:25:21.746064+08:00,2026-09-14 18:00:21.746064+08:00,-35,5,PRE_EVENT,PRE_CORE_EVENT_DIAGNOSTIC,OPENMETEO_ROUTE_LINEAR_INTERPOLATION_EXISTING_CONTRACT,+5.0_0080,5.0,80.0,EXTENDED_GT40_100KM,34.64977964,0.0,0.0,15540.52466,86.84541448,0.0,,2100.0,NO_NATIVE_SAMPLE_WITHIN_TIME_TOLERANCE,,,,,,,,NATIVE_TIME_SAMPLE_UNAVAILABLE_FOR_TIMELINE,COARSE_LOW_CLOUD_NATIVE_TIME_UNMATCHED,OBSERVER_ENVIRONMENT_TIMELINE_ONLY_NO_PHYSICS_PROMOTION,False,False,False,False
2026-09-14 17:25:21.746064+08:00,2026-09-14 18:00:21.746064+08:00,-35,5,PRE_EVENT,PRE_CORE_EVENT_DIAGNOSTIC,OPENMETEO_ROUTE_LINEAR_INTERPOLATION_EXISTING_CONTRACT,+5.0_0090,5.0,90.0,EXTENDED_GT40_100KM,36.60873032,0.0,0.0,14003.4761808,86.84541448,0.0,,2100.0,NO_NATIVE_SAMPLE_WITHIN_TIME_TOLERANCE,,,,,,,,NATIVE_TIME_SAMPLE_UNAVAILABLE_FOR_TIMELINE,COARSE_LOW_CLOUD_NATIVE_TIME_UNMATCHED,OBSERVER_ENVIRONMENT_TIMELINE_ONLY_NO_PHYSICS_PROMOTION,False,False,False,False
2026-09-14 17:25:21.746064+08:00,2026-09-14 18:00:21.746064+08:00,-35,5,PRE_EVENT,PRE_CORE_EVENT_DIAGNOSTIC,OPENMETEO_ROUTE_LINEAR_INTERPOLATION_EXISTING_CONTRACT,+5.0_0100,5.0,100.0,EXTENDED_GT40_100KM,37.61834208,0.0,0.0,15208.157818399999,86.26812172,0.0,,2100.0,NO_NATIVE_SAMPLE_WITHIN_TIME_TOLERANCE,,,,,,,,NATIVE_TIME_SAMPLE_UNAVAILABLE_FOR_TIMELINE,COARSE_LOW_CLOUD_NATIVE_TIME_UNMATCHED,OBSERVER_ENVIRONMENT_TIMELINE_ONLY_NO_PHYSICS_PROMOTION,False,False,False,False
2026-09-14 17:30:21.746064+08:00,2026-09-14 18:00:21.746064+08:00,-30,5,PRE_EVENT,PRE_CORE_EVENT_DIAGNOSTIC,OPENMETEO_ROUTE_LINEAR_INTERPOLATION_EXISTING_CONTRACT,-5.0_0000,-5.0,0.0,NEAR_OBSERVER_0_10KM,2.0,1.5060405733333333,0.0,15960.027351733333,86.01208114666667,0.0,,1800.0,NO_NATIVE_SAMPLE_WITHIN_TIME_TOLERANCE,,,,,,,,NATIVE_TIME_SAMPLE_UNAVAILABLE_FOR_TIMELINE,COARSE_LOW_CLOUD_NATIVE_TIME_UNMATCHED,OBSERVER_ENVIRONMENT_TIMELINE_ONLY_NO_PHYSICS_PROMOTION,False,False,False,False
2026-09-14 17:30:21.746064+08:00,2026-09-14 18:00:21.746064+08:00,-30,5,PRE_EVENT,PRE_CORE_EVENT_DIAGNOSTIC,OPENMETEO_ROUTE_LINEAR_INTERPOLATION_EXISTING_CONTRACT,+0.0_0000,0.0,0.0,NEAR_OBSERVER_0_10KM,2.0,1.5060405733333333,0.0,15960.027351733333,86.01208114666667,0.0,,1800.0,NO_NATIVE_SAMPLE_WITHIN_TIME_TOLERANCE,,,,,,,,NATIVE_TIME_SAMPLE_UNAVAILABLE_FOR_TIMELINE,COARSE_LOW_CLOUD_NATIVE_TIME_UNMATCHED,OBSERVER_ENVIRONMENT_TIMELINE_ONLY_NO_PHYSICS_PROMOTION,False,False,False,False
2026-09-14 17:30:21.746064+08:00,2026-09-14 18:00:21.746064+08:00,-30,5,PRE_EVENT,PRE_CORE_EVENT_DIAGNOSTIC,OPENMETEO_ROUTE_LINEAR_INTERPOLATION_EXISTING_CONTRACT,+5.0_0000,5.0,0.0,NEAR_OBSERVER_0_10KM,2.0,1.5060405733333333,0.0,15960.027351733333,86.01208114666667,0.0,,1800.0,NO_NATIVE_SAMPLE_WITHIN_TIME_TOLERANCE,,,,,,,,NATIVE_TIME_SAMPLE_UNAVAILABLE_FOR_TIMELINE,COARSE_LOW_CLOUD_NATIVE_TIME_UNMATCHED,OBSERVER_ENVIRONMENT_TIMELINE_ONLY_NO_PHYSICS_PROMOTION,False,False,False,False
2026-09-14 17:30:21.746064+08:00,2026-09-14 18:00:21.746064+08:00,-30,5,PRE_EVENT,PRE_CORE_EVENT_DIAGNOSTIC,OPENMETEO_ROUTE_LINEAR_INTERPOLATION_EXISTING_CONTRACT,-5.0_0005,-5.0,5.0,NEAR_OBSERVER_0_10KM,2.0,1.5060405733333333,0.0,15960.027351733333,86.01208114666667,0.0,,1800.0,NO_NATIVE_SAMPLE_WITHIN_TIME_TOLERANCE,,,,,,,,NATIVE_TIME_SAMPLE_UNAVAILABLE_FOR_TIMELINE,COARSE_LOW_CLOUD_NATIVE_TIME_UNMATCHED,OBSERVER_ENVIRONMENT_TIMELINE_ONLY_NO_PHYSICS_PROMOTION,False,False,False,False
2026-09-14 17:30:21.746064+08:00,2026-09-14 18:00:21.746064+08:00,-30,5,PRE_EVENT,PRE_CORE_EVENT_DIAGNOSTIC,OPENMETEO_ROUTE_LINEAR_INTERPOLATION_EXISTING_CONTRACT,-5.0_0010,-5.0,10.0,NEAR_OBSERVER_0_10KM,1.0,1.5060405733333333,0.0,18053.0476384,83.51812172,0.0,,1800.0,NO_NATIVE_SAMPLE_WITHIN_TIME_TOLERANCE,,,,,,,,NATIVE_TIME_SAMPLE_UNAVAILABLE_FOR_TIMELINE,COARSE_LOW_CLOUD_NATIVE_TIME_UNMATCHED,OBSERVER_ENVIRONMENT_TIMELINE_ONLY_NO_PHYSICS_PROMOTION,False,False,False,False
2026-09-14 17:30:21.746064+08:00,2026-09-14 18:00:21.746064+08:00,-30,5,PRE_EVENT,PRE_CORE_EVENT_DIAGNOSTIC,OPENMETEO_ROUTE_LINEAR_INTERPOLATION_EXISTING_CONTRACT,-5.0_0015,-5.0,15.0,PRIMARY_GT10_40KM,1.0,1.5060405733333333,0.0,18053.0476384,83.51812172,0.0,,1800.0,NO_NATIVE_SAMPLE_WITHIN_TIME_TOLERANCE,,,,,,,,NATIVE_TIME_SAMPLE_UNAVAILABLE_FOR_TIMELINE,COARSE_LOW_CLOUD_NATIVE_TIME_UNMATCHED,OBSERVER_ENVIRONMENT_TIMELINE_ONLY_NO_PHYSICS_PROMOTION,False,False,False,False
2026-09-14 17:30:21.746064+08:00,2026-09-14 18:00:21.746064+08:00,-30,5,PRE_EVENT,PRE_CORE_EVENT_DIAGNOSTIC,OPENMETEO_ROUTE_LINEAR_INTERPOLATION_EXISTING_CONTRACT,-5.0_0020,-5.0,20.0,PRIMARY_GT10_40KM,1.5060405733333333,0.9879188533333334,0.0,16250.120811466666,90.49395942666666,0.0,,1800.0,NO_NATIVE_SAMPLE_WITHIN_TIME_TOLERANCE,,,,,,,,NATIVE_TIME_SAMPLE_UNAVAILABLE_FOR_TIMELINE,COARSE_LOW_CLOUD_NATIVE_TIME_UNMATCHED,OBSERVER_ENVIRONMENT_TIMELINE_ONLY_NO_PHYSICS_PROMOTION,False,False,False,False
2026-09-14 17:30:21.746064+08:00,2026-09-14 18:00:21.746064+08:00,-30,5,PRE_EVENT,PRE_CORE_EVENT_DIAGNOSTIC,OPENMETEO_ROUTE_LINEAR_INTERPOLATION_EXISTING_CONTRACT,-5.0_0025,-5.0,25.0,PRIMARY_GT10_40KM,4.506040573333333,1.4939594266666667,0.0,16119.758377066666,88.49395942666666,0.0,,1800.0,NO_NATIVE_SAMPLE_WITHIN_TIME_TOLERANCE,,,,,,,,NATIVE_TIME_SAMPLE_UNAVAILABLE_FOR_TIMELINE,COARSE_LOW_CLOUD_NATIVE_TIME_UNMATCHED,OBSERVER_ENVIRONMENT_TIMELINE_ONLY_NO_PHYSICS_PROMOTION,False,False,False,False
2026-09-14 17:30:21.746064+08:00,2026-09-14 18:00:21.746064+08:00,-30,5,PRE_EVENT,PRE_CORE_EVENT_DIAGNOSTIC,OPENMETEO_ROUTE_LINEAR_INTERPOLATION_EXISTING_CONTRACT,-5.0_0030,-5.0,30.0,PRIMARY_GT10_40KM,4.506040573333333,1.4939594266666667,0.0,16119.758377066666,88.49395942666666,0.0,,1800.0,NO_NATIVE_SAMPLE_WITHIN_TIME_TOLERANCE,,,,,,,,NATIVE_TIME_SAMPLE_UNAVAILABLE_FOR_TIMELINE,COARSE_LOW_CLOUD_NATIVE_TIME_UNMATCHED,OBSERVER_ENVIRONMENT_TIMELINE_ONLY_NO_PHYSICS_PROMOTION,False,False,False,False
2026-09-14 17:30:21.746064+08:00,2026-09-14 18:00:21.746064+08:00,-30,5,PRE_EVENT,PRE_CORE_EVENT_DIAGNOSTIC,OPENMETEO_ROUTE_LINEAR_INTERPOLATION_EXISTING_CONTRACT,-5.0_0035,-5.0,35.0,PRIMARY_GT10_40KM,6.55436516,1.0,0.0,15780.966491733334,87.50604057333334,0.0,,1800.0,NO_NATIVE_SAMPLE_WITHIN_TIME_TOLERANCE,,,,,,,,NATIVE_TIME_SAMPLE_UNAVAILABLE_FOR_TIMELINE,COARSE_LOW_CLOUD_NATIVE_TIME_UNMATCHED,OBSERVER_ENVIRONMENT_TIMELINE_ONLY_NO_PHYSICS_PROMOTION,False,False,False,False
2026-09-14 17:30:21.746064+08:00,2026-09-14 18:00:21.746064+08:00,-30,5,PRE_EVENT,PRE_CORE_EVENT_DIAGNOSTIC,OPENMETEO_ROUTE_LINEAR_INTERPOLATION_EXISTING_CONTRACT,-5.0_0040,-5.0,40.0,PRIMARY_GT10_40KM,6.55436516,1.0,0.0,15780.966491733334,87.50604057333334,0.0,,1800.0,NO_NATIVE_SAMPLE_WITHIN_TIME_TOLERANCE,,,,,,,,NATIVE_TIME_SAMPLE_UNAVAILABLE_FOR_TIMELINE,COARSE_LOW_CLOUD_NATIVE_TIME_UNMATCHED,OBSERVER_ENVIRONMENT_TIMELINE_ONLY_NO_PHYSICS_PROMOTION,False,False,False,False
2026-09-14 17:30:21.746064+08:00,2026-09-14 18:00:21.746064+08:00,-30,5,PRE_EVENT,PRE_CORE_EVENT_DIAGNOSTIC,OPENMETEO_ROUTE_LINEAR_INTERPOLATION_EXISTING_CONTRACT,-5.0_0050,-5.0,50.0,EXTENDED_GT40_100KM,9.012081146666667,1.0,0.0,15258.067016533334,88.50604057333334,0.0,,1800.0,NO_NATIVE_SAMPLE_WITHIN_TIME_TOLERANCE,,,,,,,,NATIVE_TIME_SAMPLE_UNAVAILABLE_FOR_TIMELINE,COARSE_LOW_CLOUD_NATIVE_TIME_UNMATCHED,OBSERVER_ENVIRONMENT_TIMELINE_ONLY_NO_PHYSICS_PROMOTION,False,False,False,False
2026-09-14 17:30:21.746064+08:00,2026-09-14 18:00:21.746064+08:00,-30,5,PRE_EVENT,PRE_CORE_EVENT_DIAGNOSTIC,OPENMETEO_ROUTE_LINEAR_INTERPOLATION_EXISTING_CONTRACT,-5.0_0060,-5.0,60.0,EXTENDED_GT40_100KM,14.975837706666667,0.4939594266666667,0.0,14956.375656,88.50604057333334,0.0,,1800.0,NO_NATIVE_SAMPLE_WITHIN_TIME_TOLERANCE,,,,,,,,NATIVE_TIME_SAMPLE_UNAVAILABLE_FOR_TIMELINE,COARSE_LOW_CLOUD_NATIVE_TIME_UNMATCHED,OBSERVER_ENVIRONMENT_TIMELINE_ONLY_NO_PHYSICS_PROMOTION,False,False,False,False
2026-09-14 17:30:21.746064+08:00,2026-09-14 18:00:21.746064+08:00,-30,5,PRE_EVENT,PRE_CORE_EVENT_DIAGNOSTIC,OPENMETEO_ROUTE_LINEAR_INTERPOLATION_EXISTING_CONTRACT,-5.0_0070,-5.0,70.0,EXTENDED_GT40_100KM,19.542284013333333,0.4939594266666667,0.0,14636.617278933334,87.50604057333334,0.0,,1800.0,NO_NATIVE_SAMPLE_WITHIN_TIME_TOLERANCE,,,,,,,,NATIVE_TIME_SAMPLE_UNAVAILABLE_FOR_TIMELINE,COARSE_LOW_CLOUD_NATIVE_TIME_UNMATCHED,OBSERVER_ENVIRONMENT_TIMELINE_ONLY_NO_PHYSICS_PROMOTION,False,False,False,False
2026-09-14 17:30:21.746064+08:00,2026-09-14 18:00:21.746064+08:00,-30,5,PRE_EVENT,PRE_CORE_EVENT_DIAGNOSTIC,OPENMETEO_ROUTE_LINEAR_INTERPOLATION_EXISTING_CONTRACT,-5.0_0080,-5.0,80.0,EXTENDED_GT40_100KM,38.38522910666667,0.4939594266666667,0.0,15679.220427733333,86.51812172,0.0,,1800.0,NO_NATIVE_SAMPLE_WITHIN_TIME_TOLERANCE,,,,,,,,NATIVE_TIME_SAMPLE_UNAVAILABLE_FOR_TIMELINE,COARSE_LOW_CLOUD_NATIVE_TIME_UNMATCHED,OBSERVER_ENVIRONMENT_TIMELINE_ONLY_NO_PHYSICS_PROMOTION,False,False,False,False
2026-09-14 17:30:21.746064+08:00,2026-09-14 18:00:21.746064+08:00,-30,5,PRE_EVENT,PRE_CORE_EVENT_DIAGNOSTIC,OPENMETEO_ROUTE_LINEAR_INTERPOLATION_EXISTING_CONTRACT,-5.0_0090,-5.0,90.0,EXTENDED_GT40_100KM,41.28857993333334,0.4939594266666667,0.0,15652.2407144,86.50604057333334,0.0,,1800.0,NO_NATIVE_SAMPLE_WITHIN_TIME_TOLERANCE,,,,,,,,NATIVE_TIME_SAMPLE_UNAVAILABLE_FOR_TIMELINE,COARSE_LOW_CLOUD_NATIVE_TIME_UNMATCHED,OBSERVER_ENVIRONMENT_TIMELINE_ONLY_NO_PHYSICS_PROMOTION,False,False,False,False
2026-09-14 17:30:21.746064+08:00,2026-09-14 18:00:21.746064+08:00,-30,5,PRE_EVENT,PRE_CORE_EVENT_DIAGNOSTIC,OPENMETEO_ROUTE_LINEAR_INTERPOLATION_EXISTING_CONTRACT,-5.0_0100,-5.0,100.0,EXTENDED_GT40_100KM,34.97583770666667,0.4939594266666667,0.0,14979.220427733333,85.50604057333334,0.0,,1800.0,NO_NATIVE_SAMPLE_WITHIN_TIME_TOLERANCE,,,,,,,,NATIVE_TIME_SAMPLE_UNAVAILABLE_FOR_TIMELINE,COARSE_LOW_CLOUD_NATIVE_TIME_UNMATCHED,OBSERVER_ENVIRONMENT_TIMELINE_ONLY_NO_PHYSICS_PROMOTION,False,False,False,False
2026-09-14 17:30:21.746064+08:00,2026-09-14 18:00:21.746064+08:00,-30,5,PRE_EVENT,PRE_CORE_EVENT_DIAGNOSTIC,OPENMETEO_ROUTE_LINEAR_INTERPOLATION_EXISTING_CONTRACT,+0.0_0005,0.0,5.0,NEAR_OBSERVER_0_10KM,2.0,1.5060405733333333,0.0,15960.027351733333,86.01208114666667,0.0,,1800.0,NO_NATIVE_SAMPLE_WITHIN_TIME_TOLERANCE,,,,,,,,NATIVE_TIME_SAMPLE_UNAVAILABLE_FOR_TIMELINE,COARSE_LOW_CLOUD_NATIVE_TIME_UNMATCHED,OBSERVER_ENVIRONMENT_TIMELINE_ONLY_NO_PHYSICS_PROMOTION,False,False,False,False
2026-09-14 17:30:21.746064+08:00,2026-09-14 18:00:21.746064+08:00,-30,5,PRE_EVENT,PRE_CORE_EVENT_DIAGNOSTIC,OPENMETEO_ROUTE_LINEAR_INTERPOLATION_EXISTING_CONTRACT,+0.0_0010,0.0,10.0,NEAR_OBSERVER_0_10KM,1.0,1.5060405733333333,0.0,18053.0476384,83.51812172,0.0,,1800.0,NO_NATIVE_SAMPLE_WITHIN_TIME_TOLERANCE,,,,,,,,NATIVE_TIME_SAMPLE_UNAVAILABLE_FOR_TIMELINE,COARSE_LOW_CLOUD_NATIVE_TIME_UNMATCHED,OBSERVER_ENVIRONMENT_TIMELINE_ONLY_NO_PHYSICS_PROMOTION,False,False,False,False
2026-09-14 17:30:21.746064+08:00,2026-09-14 18:00:21.746064+08:00,-30,5,PRE_EVENT,PRE_CORE_EVENT_DIAGNOSTIC,OPENMETEO_ROUTE_LINEAR_INTERPOLATION_EXISTING_CONTRACT,+0.0_0015,0.0,15.0,PRIMARY_GT10_40KM,2.0,0.4939594266666667,0.0,16249.879188533334,89.49395942666666,0.0,,1800.0,NO_NATIVE_SAMPLE_WITHIN_TIME_TOLERANCE,,,,,,,,NATIVE_TIME_SAMPLE_UNAVAILABLE_FOR_TIMELINE,COARSE_LOW_CLOUD_NATIVE_TIME_UNMATCHED,OBSERVER_ENVIRONMENT_TIMELINE_ONLY_NO_PHYSICS_PROMOTION,False,False,False,False
2026-09-14 17:30:21.746064+08:00,2026-09-14 18:00:21.746064+08:00,-30,5,PRE_EVENT,PRE_CORE_EVENT_DIAGNOSTIC,OPENMETEO_ROUTE_LINEAR_INTERPOLATION_EXISTING_CONTRACT,+0.0_0020,0.0,20.0,PRIMARY_GT10_40KM,4.493959426666667,1.0,0.0,16059.516754133334,87.49395942666666,0.0,,1800.0,NO_NATIVE_SAMPLE_WITHIN_TIME_TOLERANCE,,,,,,,,NATIVE_TIME_SAMPLE_UNAVAILABLE_FOR_TIMELINE,COARSE_LOW_CLOUD_NATIVE_TIME_UNMATCHED,OBSERVER_ENVIRONMENT_TIMELINE_ONLY_NO_PHYSICS_PROMOTION,False,False,False,False
2026-09-14 17:30:21.746064+08:00,2026-09-14 18:00:21.746064+08:00,-30,5,PRE_EVENT,PRE_CORE_EVENT_DIAGNOSTIC,OPENMETEO_ROUTE_LINEAR_INTERPOLATION_EXISTING_CONTRACT,+0.0_0025,0.0,25.0,PRIMARY_GT10_40KM,4.493959426666667,1.0,0.0,16059.516754133334,87.49395942666666,0.0,,1800.0,NO_NATIVE_SAMPLE_WITHIN_TIME_TOLERANCE,,,,,,,,NATIVE_TIME_SAMPLE_UNAVAILABLE_FOR_TIMELINE,COARSE_LOW_CLOUD_NATIVE_TIME_UNMATCHED,OBSERVER_ENVIRONMENT_TIMELINE_ONLY_NO_PHYSICS_PROMOTION,False,False,False,False
2026-09-14 17:30:21.746064+08:00,2026-09-14 18:00:21.746064+08:00,-30,5,PRE_EVENT,PRE_CORE_EVENT_DIAGNOSTIC,OPENMETEO_ROUTE_LINEAR_INTERPOLATION_EXISTING_CONTRACT,+0.0_0030,0.0,30.0,PRIMARY_GT10_40KM,5.0,1.0,0.0,15902.416229333334,88.0,0.0,,1800.0,NO_NATIVE_SAMPLE_WITHIN_TIME_TOLERANCE,,,,,,,,NATIVE_TIME_SAMPLE_UNAVAILABLE_FOR_TIMELINE,COARSE_LOW_CLOUD_NATIVE_TIME_UNMATCHED,OBSERVER_ENVIRONMENT_TIMELINE_ONLY_NO_PHYSICS_PROMOTION,False,False,False,False
2026-09-14 17:30:21.746064+08:00,2026-09-14 18:00:21.746064+08:00,-30,5,PRE_EVENT,PRE_CORE_EVENT_DIAGNOSTIC,OPENMETEO_ROUTE_LINEAR_INTERPOLATION_EXISTING_CONTRACT,+0.0_0035,0.0,35.0,PRIMARY_GT10_40KM,5.0,1.0,0.0,15902.416229333334,88.0,0.0,,1800.0,NO_NATIVE_SAMPLE_WITHIN_TIME_TOLERANCE,,,,,,,,NATIVE_TIME_SAMPLE_UNAVAILABLE_FOR_TIMELINE,COARSE_LOW_CLOUD_NATIVE_TIME_UNMATCHED,OBSERVER_ENVIRONMENT_TIMELINE_ONLY_NO_PHYSICS_PROMOTION,False,False,False,False
2026-09-14 17:30:21.746064+08:00,2026-09-14 18:00:21.746064+08:00,-30,5,PRE_EVENT,PRE_CORE_EVENT_DIAGNOSTIC,OPENMETEO_ROUTE_LINEAR_INTERPOLATION_EXISTING_CONTRACT,+0.0_0040,0.0,40.0,PRIMARY_GT10_40KM,3.51812172,1.0,0.0,15176.375656,88.0,0.0,,1800.0,NO_NATIVE_SAMPLE_WITHIN_TIME_TOLERANCE,,,,,,,,NATIVE_TIME_SAMPLE_UNAVAILABLE_FOR_TIMELINE,COARSE_LOW_CLOUD_NATIVE_TIME_UNMATCHED,OBSERVER_ENVIRONMENT_TIMELINE_ONLY_NO_PHYSICS_PROMOTION,False,False,False,False
2026-09-14 17:30:21.746064+08:00,2026-09-14 18:00:21.746064+08:00,-30,5,PRE_EVENT,PRE_CORE_EVENT_DIAGNOSTIC,OPENMETEO_ROUTE_LINEAR_INTERPOLATION_EXISTING_CONTRACT,+0.0_0050,0.0,50.0,EXTENDED_GT40_100KM,21.566446306666666,1.0,0.0,14671.059951466666,88.0,0.0,,1800.0,NO_NATIVE_SAMPLE_WITHIN_TIME_TOLERANCE,,,,,,,,NATIVE_TIME_SAMPLE_UNAVAILABLE_FOR_TIMELINE,COARSE_LOW_CLOUD_NATIVE_TIME_UNMATCHED,OBSERVER_ENVIRONMENT_TIMELINE_ONLY_NO_PHYSICS_PROMOTION,False,False,False,False
2026-09-14 17:30:21.746064+08:00,2026-09-14 18:00:21.746064+08:00,-30,5,PRE_EVENT,PRE_CORE_EVENT_DIAGNOSTIC,OPENMETEO_ROUTE_LINEAR_INTERPOLATION_EXISTING_CONTRACT,+0.0_0060,0.0,60.0,EXTENDED_GT40_100KM,29.469797133333334,0.4939594266666667,0.0,14340.2142712,87.01208114666667,0.0,,1800.0,NO_NATIVE_SAMPLE_WITHIN_TIME_TOLERANCE,,,,,,,,NATIVE_TIME_SAMPLE_UNAVAILABLE_FOR_TIMELINE,COARSE_LOW_CLOUD_NATIVE_TIME_UNMATCHED,OBSERVER_ENVIRONMENT_TIMELINE_ONLY_NO_PHYSICS_PROMOTION,False,False,False,False
2026-09-14 17:30:21.746064+08:00,2026-09-14 18:00:21.746064+08:00,-30,5,PRE_EVENT,PRE_CORE_EVENT_DIAGNOSTIC,OPENMETEO_ROUTE_LINEAR_INTERPOLATION_EXISTING_CONTRACT,+0.0_0070,0.0,70.0,EXTENDED_GT40_100KM,23.1812172,0.4939594266666667,0.0,15290.7909768,87.01208114666667,0.0,,1800.0,NO_NATIVE_SAMPLE_WITHIN_TIME_TOLERANCE,,,,,,,,NATIVE_TIME_SAMPLE_UNAVAILABLE_FOR_TIMELINE,COARSE_LOW_CLOUD_NATIVE_TIME_UNMATCHED,OBSERVER_ENVIRONMENT_TIMELINE_ONLY_NO_PHYSICS_PROMOTION,False,False,False,False
2026-09-14 17:30:21.746064+08:00,2026-09-14 18:00:21.746064+08:00,-30,5,PRE_EVENT,PRE_CORE_EVENT_DIAGNOSTIC,OPENMETEO_ROUTE_LINEAR_INTERPOLATION_EXISTING_CONTRACT,+0.0_0080,0.0,80.0,EXTENDED_GT40_100KM,38.38522910666667,0.4939594266666667,0.0,15679.220427733333,86.51812172,0.0,,1800.0,NO_NATIVE_SAMPLE_WITHIN_TIME_TOLERANCE,,,,,,,,NATIVE_TIME_SAMPLE_UNAVAILABLE_FOR_TIMELINE,COARSE_LOW_CLOUD_NATIVE_TIME_UNMATCHED,OBSERVER_ENVIRONMENT_TIMELINE_ONLY_NO_PHYSICS_PROMOTION,False,False,False,False
2026-09-14 17:30:21.746064+08:00,2026-09-14 18:00:21.746064+08:00,-30,5,PRE_EVENT,PRE_CORE_EVENT_DIAGNOSTIC,OPENMETEO_ROUTE_LINEAR_INTERPOLATION_EXISTING_CONTRACT,+0.0_0090,0.0,90.0,EXTENDED_GT40_100KM,41.28857993333334,0.0,0.0,15570.066108,87.01208114666667,0.0,,1800.0,NO_NATIVE_SAMPLE_WITHIN_TIME_TOLERANCE,,,,,,,,NATIVE_TIME_SAMPLE_UNAVAILABLE_FOR_TIMELINE,COARSE_LOW_CLOUD_NATIVE_TIME_UNMATCHED,OBSERVER_ENVIRONMENT_TIMELINE_ONLY_NO_PHYSICS_PROMOTION,False,False,False,False
2026-09-14 17:30:21.746064+08:00,2026-09-14 18:00:21.746064+08:00,-30,5,PRE_EVENT,PRE_CORE_EVENT_DIAGNOSTIC,OPENMETEO_ROUTE_LINEAR_INTERPOLATION_EXISTING_CONTRACT,+0.0_0100,0.0,100.0,EXTENDED_GT40_100KM,33.78253936,0.0,0.0,15421.1534112,86.01208114666667,0.0,,1800.0,NO_NATIVE_SAMPLE_WITHIN_TIME_TOLERANCE,,,,,,,,NATIVE_TIME_SAMPLE_UNAVAILABLE_FOR_TIMELINE,COARSE_LOW_CLOUD_NATIVE_TIME_UNMATCHED,OBSERVER_ENVIRONMENT_TIMELINE_ONLY_NO_PHYSICS_PROMOTION,False,False,False,False
2026-09-14 17:30:21.746064+08:00,2026-09-14 18:00:21.746064+08:00,-30,5,PRE_EVENT,PRE_CORE_EVENT_DIAGNOSTIC,OPENMETEO_ROUTE_LINEAR_INTERPOLATION_EXISTING_CONTRACT,+5.0_0005,5.0,5.0,NEAR_OBSERVER_0_10KM,2.0,1.5060405733333333,0.0,15960.027351733333,86.01208114666667,0.0,,1800.0,NO_NATIVE_SAMPLE_WITHIN_TIME_TOLERANCE,,,,,,,,NATIVE_TIME_SAMPLE_UNAVAILABLE_FOR_TIMELINE,COARSE_LOW_CLOUD_NATIVE_TIME_UNMATCHED,OBSERVER_ENVIRONMENT_TIMELINE_ONLY_NO_PHYSICS_PROMOTION,False,False,False,False
2026-09-14 17:30:21.746064+08:00,2026-09-14 18:00:21.746064+08:00,-30,5,PRE_EVENT,PRE_CORE_EVENT_DIAGNOSTIC,OPENMETEO_ROUTE_LINEAR_INTERPOLATION_EXISTING_CONTRACT,+5.0_0010,5.0,10.0,NEAR_OBSERVER_0_10KM,2.0,1.5060405733333333,0.0,15960.027351733333,86.01208114666667,0.0,,1800.0,NO_NATIVE_SAMPLE_WITHIN_TIME_TOLERANCE,,,,,,,,NATIVE_TIME_SAMPLE_UNAVAILABLE_FOR_TIMELINE,COARSE_LOW_CLOUD_NATIVE_TIME_UNMATCHED,OBSERVER_ENVIRONMENT_TIMELINE_ONLY_NO_PHYSICS_PROMOTION,False,False,False,False
2026-09-14 17:30:21.746064+08:00,2026-09-14 18:00:21.746064+08:00,-30,5,PRE_EVENT,PRE_CORE_EVENT_DIAGNOSTIC,OPENMETEO_ROUTE_LINEAR_INTERPOLATION_EXISTING_CONTRACT,+5.0_0015,5.0,15.0,PRIMARY_GT10_40KM,2.0,0.4939594266666667,0.0,16249.879188533334,89.49395942666666,0.0,,1800.0,NO_NATIVE_SAMPLE_WITHIN_TIME_TOLERANCE,,,,,,,,NATIVE_TIME_SAMPLE_UNAVAILABLE_FOR_TIMELINE,COARSE_LOW_CLOUD_NATIVE_TIME_UNMATCHED,OBSERVER_ENVIRONMENT_TIMELINE_ONLY_NO_PHYSICS_PROMOTION,False,False,False,False
2026-09-14 17:30:21.746064+08:00,2026-09-14 18:00:21.746064+08:00,-30,5,PRE_EVENT,PRE_CORE_EVENT_DIAGNOSTIC,OPENMETEO_ROUTE_LINEAR_INTERPOLATION_EXISTING_CONTRACT,+5.0_0020,5.0,20.0,PRIMARY_GT10_40KM,4.493959426666667,1.0,0.0,16059.516754133334,87.49395942666666,0.0,,1800.0,NO_NATIVE_SAMPLE_WITHIN_TIME_TOLERANCE,,,,,,,,NATIVE_TIME_SAMPLE_UNAVAILABLE_FOR_TIMELINE,COARSE_LOW_CLOUD_NATIVE_TIME_UNMATCHED,OBSERVER_ENVIRONMENT_TIMELINE_ONLY_NO_PHYSICS_PROMOTION,False,False,False,False
2026-09-14 17:30:21.746064+08:00,2026-09-14 18:00:21.746064+08:00,-30,5,PRE_EVENT,PRE_CORE_EVENT_DIAGNOSTIC,OPENMETEO_ROUTE_LINEAR_INTERPOLATION_EXISTING_CONTRACT,+5.0_0025,5.0,25.0,PRIMARY_GT10_40KM,4.493959426666667,1.0,0.0,16059.516754133334,87.49395942666666,0.0,,1800.0,NO_NATIVE_SAMPLE_WITHIN_TIME_TOLERANCE,,,,,,,,NATIVE_TIME_SAMPLE_UNAVAILABLE_FOR_TIMELINE,COARSE_LOW_CLOUD_NATIVE_TIME_UNMATCHED,OBSERVER_ENVIRONMENT_TIMELINE_ONLY_NO_PHYSICS_PROMOTION,False,False,False,False
2026-09-14 17:30:21.746064+08:00,2026-09-14 18:00:21.746064+08:00,-30,5,PRE_EVENT,PRE_CORE_EVENT_DIAGNOSTIC,OPENMETEO_ROUTE_LINEAR_INTERPOLATION_EXISTING_CONTRACT,+5.0_0030,5.0,30.0,PRIMARY_GT10_40KM,5.0,1.0,0.0,15902.416229333334,88.0,0.0,,1800.0,NO_NATIVE_SAMPLE_WITHIN_TIME_TOLERANCE,,,,,,,,NATIVE_TIME_SAMPLE_UNAVAILABLE_FOR_TIMELINE,COARSE_LOW_CLOUD_NATIVE_TIME_UNMATCHED,OBSERVER_ENVIRONMENT_TIMELINE_ONLY_NO_PHYSICS_PROMOTION,False,False,False,False
2026-09-14 17:30:21.746064+08:00,2026-09-14 18:00:21.746064+08:00,-30,5,PRE_EVENT,PRE_CORE_EVENT_DIAGNOSTIC,OPENMETEO_ROUTE_LINEAR_INTERPOLATION_EXISTING_CONTRACT,+5.0_0035,5.0,35.0,PRIMARY_GT10_40KM,5.0,1.0,0.0,15902.416229333334,88.0,0.0,,1800.0,NO_NATIVE_SAMPLE_WITHIN_TIME_TOLERANCE,,,,,,,,NATIVE_TIME_SAMPLE_UNAVAILABLE_FOR_TIMELINE,COARSE_LOW_CLOUD_NATIVE_TIME_UNMATCHED,OBSERVER_ENVIRONMENT_TIMELINE_ONLY_NO_PHYSICS_PROMOTION,False,False,False,False
2026-09-14 17:30:21.746064+08:00,2026-09-14 18:00:21.746064+08:00,-30,5,PRE_EVENT,PRE_CORE_EVENT_DIAGNOSTIC,OPENMETEO_ROUTE_LINEAR_INTERPOLATION_EXISTING_CONTRACT,+5.0_0040,5.0,40.0,PRIMARY_GT10_40KM,3.51812172,1.0,0.0,15176.375656,88.0,0.0,,1800.0,NO_NATIVE_SAMPLE_WITHIN_TIME_TOLERANCE,,,,,,,,NATIVE_TIME_SAMPLE_UNAVAILABLE_FOR_TIMELINE,COARSE_LOW_CLOUD_NATIVE_TIME_UNMATCHED,OBSERVER_ENVIRONMENT_TIMELINE_ONLY_NO_PHYSICS_PROMOTION,False,False,False,False
2026-09-14 17:30:21.746064+08:00,2026-09-14 18:00:21.746064+08:00,-30,5,PRE_EVENT,PRE_CORE_EVENT_DIAGNOSTIC,OPENMETEO_ROUTE_LINEAR_INTERPOLATION_EXISTING_CONTRACT,+5.0_0050,5.0,50.0,EXTENDED_GT40_100KM,19.62685204,0.5060405733333333,0.0,14183.3280176,87.49395942666666,0.0,,1800.0,NO_NATIVE_SAMPLE_WITHIN_TIME_TOLERANCE,,,,,,,,NATIVE_TIME_SAMPLE_UNAVAILABLE_FOR_TIMELINE,COARSE_LOW_CLOUD_NATIVE_TIME_UNMATCHED,OBSERVER_ENVIRONMENT_TIMELINE_ONLY_NO_PHYSICS_PROMOTION,False,False,False,False
2026-09-14 17:30:21.746064+08:00,2026-09-14 18:00:21.746064+08:00,-30,5,PRE_EVENT,PRE_CORE_EVENT_DIAGNOSTIC,OPENMETEO_ROUTE_LINEAR_INTERPOLATION_EXISTING_CONTRACT,+5.0_0060,5.0,60.0,EXTENDED_GT40_100KM,34.157054906666666,0.5060405733333333,0.0,13783.3280176,86.50604057333334,0.0,,1800.0,NO_NATIVE_SAMPLE_WITHIN_TIME_TOLERANCE,,,,,,,,NATIVE_TIME_SAMPLE_UNAVAILABLE_FOR_TIMELINE,COARSE_LOW_CLOUD_NATIVE_TIME_UNMATCHED,OBSERVER_ENVIRONMENT_TIMELINE_ONLY_NO_PHYSICS_PROMOTION,False,False,False,False
2026-09-14 17:30:21.746064+08:00,2026-09-14 18:00:21.746064+08:00,-30,5,PRE_EVENT,PRE_CORE_EVENT_DIAGNOSTIC,OPENMETEO_ROUTE_LINEAR_INTERPOLATION_EXISTING_CONTRACT,+5.0_0070,5.0,70.0,EXTENDED_GT40_100KM,41.69933892,0.5060405733333333,0.0,14048.4020992,87.50604057333334,0.0,,1800.0,NO_NATIVE_SAMPLE_WITHIN_TIME_TOLERANCE,,,,,,,,NATIVE_TIME_SAMPLE_UNAVAILABLE_FOR_TIMELINE,COARSE_LOW_CLOUD_NATIVE_TIME_UNMATCHED,OBSERVER_ENVIRONMENT_TIMELINE_ONLY_NO_PHYSICS_PROMOTION,False,False,False,False
2026-09-14 17:30:21.746064+08:00,2026-09-14 18:00:21.746064+08:00,-30,5,PRE_EVENT,PRE_CORE_EVENT_DIAGNOSTIC,OPENMETEO_ROUTE_LINEAR_INTERPOLATION_EXISTING_CONTRACT,+5.0_0080,5.0,80.0,EXTENDED_GT40_100KM,35.56644630666666,0.0,0.0,15248.857993333333,87.01208114666667,0.0,,1800.0,NO_NATIVE_SAMPLE_WITHIN_TIME_TOLERANCE,,,,,,,,NATIVE_TIME_SAMPLE_UNAVAILABLE_FOR_TIMELINE,COARSE_LOW_CLOUD_NATIVE_TIME_UNMATCHED,OBSERVER_ENVIRONMENT_TIMELINE_ONLY_NO_PHYSICS_PROMOTION,False,False,False,False
2026-09-14 17:30:21.746064+08:00,2026-09-14 18:00:21.746064+08:00,-30,5,PRE_EVENT,PRE_CORE_EVENT_DIAGNOSTIC,OPENMETEO_ROUTE_LINEAR_INTERPOLATION_EXISTING_CONTRACT,+5.0_0090,5.0,90.0,EXTENDED_GT40_100KM,38.10873032,0.0,0.0,13913.4761808,87.01208114666667,0.0,,1800.0,NO_NATIVE_SAMPLE_WITHIN_TIME_TOLERANCE,,,,,,,,NATIVE_TIME_SAMPLE_UNAVAILABLE_FOR_TIMELINE,COARSE_LOW_CLOUD_NATIVE_TIME_UNMATCHED,OBSERVER_ENVIRONMENT_TIMELINE_ONLY_NO_PHYSICS_PROMOTION,False,False,False,False
2026-09-14 17:30:21.746064+08:00,2026-09-14 18:00:21.746064+08:00,-30,5,PRE_EVENT,PRE_CORE_EVENT_DIAGNOSTIC,OPENMETEO_ROUTE_LINEAR_INTERPOLATION_EXISTING_CONTRACT,+5.0_0100,5.0,100.0,EXTENDED_GT40_100KM,36.951675413333334,0.0,0.0,14929.824485066667,86.51812172,0.0,,1800.0,NO_NATIVE_SAMPLE_WITHIN_TIME_TOLERANCE,,,,,,,,NATIVE_TIME_SAMPLE_UNAVAILABLE_FOR_TIMELINE,COARSE_LOW_CLOUD_NATIVE_TIME_UNMATCHED,OBSERVER_ENVIRONMENT_TIMELINE_ONLY_NO_PHYSICS_PROMOTION,False,False,False,False
2026-09-14 17:35:21.746064+08:00,2026-09-14 18:00:21.746064+08:00,-25,5,PRE_EVENT,PRE_CORE_EVENT_DIAGNOSTIC,OPENMETEO_ROUTE_LINEAR_INTERPOLATION_EXISTING_CONTRACT,-5.0_0000,-5.0,0.0,NEAR_OBSERVER_0_10KM,2.0,1.5893739066666668,0.0,16098.360685066667,86.17874781333333,0.0,,1500.0,NO_NATIVE_SAMPLE_WITHIN_TIME_TOLERANCE,,,,,,,,NATIVE_TIME_SAMPLE_UNAVAILABLE_FOR_TIMELINE,COARSE_LOW_CLOUD_NATIVE_TIME_UNMATCHED,OBSERVER_ENVIRONMENT_TIMELINE_ONLY_NO_PHYSICS_PROMOTION,False,False,False,False
2026-09-14 17:35:21.746064+08:00,2026-09-14 18:00:21.746064+08:00,-25,5,PRE_EVENT,PRE_CORE_EVENT_DIAGNOSTIC,OPENMETEO_ROUTE_LINEAR_INTERPOLATION_EXISTING_CONTRACT,+0.0_0000,0.0,0.0,NEAR_OBSERVER_0_10KM,2.0,1.5893739066666668,0.0,16098.360685066667,86.17874781333333,0.0,,1500.0,NO_NATIVE_SAMPLE_WITHIN_TIME_TOLERANCE,,,,,,,,NATIVE_TIME_SAMPLE_UNAVAILABLE_FOR_TIMELINE,COARSE_LOW_CLOUD_NATIVE_TIME_UNMATCHED,OBSERVER_ENVIRONMENT_TIMELINE_ONLY_NO_PHYSICS_PROMOTION,False,False,False,False
2026-09-14 17:35:21.746064+08:00,2026-09-14 18:00:21.746064+08:00,-25,5,PRE_EVENT,PRE_CORE_EVENT_DIAGNOSTIC,OPENMETEO_ROUTE_LINEAR_INTERPOLATION_EXISTING_CONTRACT,+5.0_0000,5.0,0.0,NEAR_OBSERVER_0_10KM,2.0,1.5893739066666668,0.0,16098.360685066667,86.17874781333333,0.0,,1500.0,NO_NATIVE_SAMPLE_WITHIN_TIME_TOLERANCE,,,,,,,,NATIVE_TIME_SAMPLE_UNAVAILABLE_FOR_TIMELINE,COARSE_LOW_CLOUD_NATIVE_TIME_UNMATCHED,OBSERVER_ENVIRONMENT_TIMELINE_ONLY_NO_PHYSICS_PROMOTION,False,False,False,False
2026-09-14 17:35:21.746064+08:00,2026-09-14 18:00:21.746064+08:00,-25,5,PRE_EVENT,PRE_CORE_EVENT_DIAGNOSTIC,OPENMETEO_ROUTE_LINEAR_INTERPOLATION_EXISTING_CONTRACT,-5.0_0005,-5.0,5.0,NEAR_OBSERVER_0_10KM,2.0,1.5893739066666668,0.0,16098.360685066667,86.17874781333333,0.0,,1500.0,NO_NATIVE_SAMPLE_WITHIN_TIME_TOLERANCE,,,,,,,,NATIVE_TIME_SAMPLE_UNAVAILABLE_FOR_TIMELINE,COARSE_LOW_CLOUD_NATIVE_TIME_UNMATCHED,OBSERVER_ENVIRONMENT_TIMELINE_ONLY_NO_PHYSICS_PROMOTION,False,False,False,False
2026-09-14 17:35:21.746064+08:00,2026-09-14 18:00:21.746064+08:00,-25,5,PRE_EVENT,PRE_CORE_EVENT_DIAGNOSTIC,OPENMETEO_ROUTE_LINEAR_INTERPOLATION_EXISTING_CONTRACT,-5.0_0010,-5.0,10.0,NEAR_OBSERVER_0_10KM,1.0,1.5893739066666668,0.0,18233.0476384,83.76812172,0.0,,1500.0,NO_NATIVE_SAMPLE_WITHIN_TIME_TOLERANCE,,,,,,,,NATIVE_TIME_SAMPLE_UNAVAILABLE_FOR_TIMELINE,COARSE_LOW_CLOUD_NATIVE_TIME_UNMATCHED,OBSERVER_ENVIRONMENT_TIMELINE_ONLY_NO_PHYSICS_PROMOTION,False,False,False,False
2026-09-14 17:35:21.746064+08:00,2026-09-14 18:00:21.746064+08:00,-25,5,PRE_EVENT,PRE_CORE_EVENT_DIAGNOSTIC,OPENMETEO_ROUTE_LINEAR_INTERPOLATION_EXISTING_CONTRACT,-5.0_0015,-5.0,15.0,PRIMARY_GT10_40KM,1.0,1.5893739066666668,0.0,18233.0476384,83.76812172,0.0,,1500.0,NO_NATIVE_SAMPLE_WITHIN_TIME_TOLERANCE,,,,,,,,NATIVE_TIME_SAMPLE_UNAVAILABLE_FOR_TIMELINE,COARSE_LOW_CLOUD_NATIVE_TIME_UNMATCHED,OBSERVER_ENVIRONMENT_TIMELINE_ONLY_NO_PHYSICS_PROMOTION,False,False,False,False
2026-09-14 17:35:21.746064+08:00,2026-09-14 18:00:21.746064+08:00,-25,5,PRE_EVENT,PRE_CORE_EVENT_DIAGNOSTIC,OPENMETEO_ROUTE_LINEAR_INTERPOLATION_EXISTING_CONTRACT,-5.0_0020,-5.0,20.0,PRIMARY_GT10_40KM,1.5893739066666668,0.8212521866666667,0.0,16251.787478133334,90.41062609333333,0.0,,1500.0,NO_NATIVE_SAMPLE_WITHIN_TIME_TOLERANCE,,,,,,,,NATIVE_TIME_SAMPLE_UNAVAILABLE_FOR_TIMELINE,COARSE_LOW_CLOUD_NATIVE_TIME_UNMATCHED,OBSERVER_ENVIRONMENT_TIMELINE_ONLY_NO_PHYSICS_PROMOTION,False,False,False,False
2026-09-14 17:35:21.746064+08:00,2026-09-14 18:00:21.746064+08:00,-25,5,PRE_EVENT,PRE_CORE_EVENT_DIAGNOSTIC,OPENMETEO_ROUTE_LINEAR_INTERPOLATION_EXISTING_CONTRACT,-5.0_0025,-5.0,25.0,PRIMARY_GT10_40KM,4.589373906666666,1.4106260933333332,0.0,16116.425043733334,88.41062609333333,0.0,,1500.0,NO_NATIVE_SAMPLE_WITHIN_TIME_TOLERANCE,,,,,,,,NATIVE_TIME_SAMPLE_UNAVAILABLE_FOR_TIMELINE,COARSE_LOW_CLOUD_NATIVE_TIME_UNMATCHED,OBSERVER_ENVIRONMENT_TIMELINE_ONLY_NO_PHYSICS_PROMOTION,False,False,False,False
2026-09-14 17:35:21.746064+08:00,2026-09-14 18:00:21.746064+08:00,-25,5,PRE_EVENT,PRE_CORE_EVENT_DIAGNOSTIC,OPENMETEO_ROUTE_LINEAR_INTERPOLATION_EXISTING_CONTRACT,-5.0_0030,-5.0,30.0,PRIMARY_GT10_40KM,4.589373906666666,1.4106260933333332,0.0,16116.425043733334,88.41062609333333,0.0,,1500.0,NO_NATIVE_SAMPLE_WITHIN_TIME_TOLERANCE,,,,,,,,NATIVE_TIME_SAMPLE_UNAVAILABLE_FOR_TIMELINE,COARSE_LOW_CLOUD_NATIVE_TIME_UNMATCHED,OBSERVER_ENVIRONMENT_TIMELINE_ONLY_NO_PHYSICS_PROMOTION,False,False,False,False
2026-09-14 17:35:21.746064+08:00,2026-09-14 18:00:21.746064+08:00,-25,5,PRE_EVENT,PRE_CORE_EVENT_DIAGNOSTIC,OPENMETEO_ROUTE_LINEAR_INTERPOLATION_EXISTING_CONTRACT,-5.0_0035,-5.0,35.0,PRIMARY_GT10_40KM,7.30436516,1.0,0.0,15794.299825066666,87.58937390666667,0.0,,1500.0,NO_NATIVE_SAMPLE_WITHIN_TIME_TOLERANCE,,,,,,,,NATIVE_TIME_SAMPLE_UNAVAILABLE_FOR_TIMELINE,COARSE_LOW_CLOUD_NATIVE_TIME_UNMATCHED,OBSERVER_ENVIRONMENT_TIMELINE_ONLY_NO_PHYSICS_PROMOTION,False,False,False,False
2026-09-14 17:35:21.746064+08:00,2026-09-14 18:00:21.746064+08:00,-25,5,PRE_EVENT,PRE_CORE_EVENT_DIAGNOSTIC,OPENMETEO_ROUTE_LINEAR_INTERPOLATION_EXISTING_CONTRACT,-5.0_0040,-5.0,40.0,PRIMARY_GT10_40KM,7.30436516,1.0,0.0,15794.299825066666,87.58937390666667,0.0,,1500.0,NO_NATIVE_SAMPLE_WITHIN_TIME_TOLERANCE,,,,,,,,NATIVE_TIME_SAMPLE_UNAVAILABLE_FOR_TIMELINE,COARSE_LOW_CLOUD_NATIVE_TIME_UNMATCHED,OBSERVER_ENVIRONMENT_TIMELINE_ONLY_NO_PHYSICS_PROMOTION,False,False,False,False
2026-09-14 17:35:21.746064+08:00,2026-09-14 18:00:21.746064+08:00,-25,5,PRE_EVENT,PRE_CORE_EVENT_DIAGNOSTIC,OPENMETEO_ROUTE_LINEAR_INTERPOLATION_EXISTING_CONTRACT,-5.0_0050,-5.0,50.0,EXTENDED_GT40_100KM,9.178747813333333,1.0,0.0,15231.400349866666,88.58937390666667,0.0,,1500.0,NO_NATIVE_SAMPLE_WITHIN_TIME_TOLERANCE,,,,,,,,NATIVE_TIME_SAMPLE_UNAVAILABLE_FOR_TIMELINE,COARSE_LOW_CLOUD_NATIVE_TIME_UNMATCHED,OBSERVER_ENVIRONMENT_TIMELINE_ONLY_NO_PHYSICS_PROMOTION,False,False,False,False
2026-09-14 17:35:21.746064+08:00,2026-09-14 18:00:21.746064+08:00,-25,5,PRE_EVENT,PRE_CORE_EVENT_DIAGNOSTIC,OPENMETEO_ROUTE_LINEAR_INTERPOLATION_EXISTING_CONTRACT,-5.0_0060,-5.0,60.0,EXTENDED_GT40_100KM,14.642504373333333,0.41062609333333333,0.0,14906.375656,88.58937390666667,0.0,,1500.0,NO_NATIVE_SAMPLE_WITHIN_TIME_TOLERANCE,,,,,,,,NATIVE_TIME_SAMPLE_UNAVAILABLE_FOR_TIMELINE,COARSE_LOW_CLOUD_NATIVE_TIME_UNMATCHED,OBSERVER_ENVIRONMENT_TIMELINE_ONLY_NO_PHYSICS_PROMOTION,False,False,False,False
2026-09-14 17:35:21.746064+08:00,2026-09-14 18:00:21.746064+08:00,-25,5,PRE_EVENT,PRE_CORE_EVENT_DIAGNOSTIC,OPENMETEO_ROUTE_LINEAR_INTERPOLATION_EXISTING_CONTRACT,-5.0_0070,-5.0,70.0,EXTENDED_GT40_100KM,20.125617346666665,0.41062609333333333,0.0,14589.950612266666,87.58937390666667,0.0,,1500.0,NO_NATIVE_SAMPLE_WITHIN_TIME_TOLERANCE,,,,,,,,NATIVE_TIME_SAMPLE_UNAVAILABLE_FOR_TIMELINE,COARSE_LOW_CLOUD_NATIVE_TIME_UNMATCHED,OBSERVER_ENVIRONMENT_TIMELINE_ONLY_NO_PHYSICS_PROMOTION,False,False,False,False
2026-09-14 17:35:21.746064+08:00,2026-09-14 18:00:21.746064+08:00,-25,5,PRE_EVENT,PRE_CORE_EVENT_DIAGNOSTIC,OPENMETEO_ROUTE_LINEAR_INTERPOLATION_EXISTING_CONTRACT,-5.0_0080,-5.0,80.0,EXTENDED_GT40_100KM,36.801895773333335,0.41062609333333333,0.0,15392.553761066667,86.76812172,0.0,,1500.0,NO_NATIVE_SAMPLE_WITHIN_TIME_TOLERANCE,,,,,,,,NATIVE_TIME_SAMPLE_UNAVAILABLE_FOR_TIMELINE,COARSE_LOW_CLOUD_NATIVE_TIME_UNMATCHED,OBSERVER_ENVIRONMENT_TIMELINE_ONLY_NO_PHYSICS_PROMOTION,False,False,False,False
2026-09-14 17:35:21.746064+08:00,2026-09-14 18:00:21.746064+08:00,-25,5,PRE_EVENT,PRE_CORE_EVENT_DIAGNOSTIC,OPENMETEO_ROUTE_LINEAR_INTERPOLATION_EXISTING_CONTRACT,-5.0_0090,-5.0,90.0,EXTENDED_GT40_100KM,38.37191326666667,0.41062609333333333,0.0,15407.240714399999,86.58937390666667,0.0,,1500.0,NO_NATIVE_SAMPLE_WITHIN_TIME_TOLERANCE,,,,,,,,NATIVE_TIME_SAMPLE_UNAVAILABLE_FOR_TIMELINE,COARSE_LOW_CLOUD_NATIVE_TIME_UNMATCHED,OBSERVER_ENVIRONMENT_TIMELINE_ONLY_NO_PHYSICS_PROMOTION,False,False,False,False
2026-09-14 17:35:21.746064+08:00,2026-09-14 18:00:21.746064+08:00,-25,5,PRE_EVENT,PRE_CORE_EVENT_DIAGNOSTIC,OPENMETEO_ROUTE_LINEAR_INTERPOLATION_EXISTING_CONTRACT,-5.0_0100,-5.0,100.0,EXTENDED_GT40_100KM,34.64250437333333,0.41062609333333333,0.0,14692.553761066667,85.58937390666667,0.0,,1500.0,NO_NATIVE_SAMPLE_WITHIN_TIME_TOLERANCE,,,,,,,,NATIVE_TIME_SAMPLE_UNAVAILABLE_FOR_TIMELINE,COARSE_LOW_CLOUD_NATIVE_TIME_UNMATCHED,OBSERVER_ENVIRONMENT_TIMELINE_ONLY_NO_PHYSICS_PROMOTION,False,False,False,False
2026-09-14 17:35:21.746064+08:00,2026-09-14 18:00:21.746064+08:00,-25,5,PRE_EVENT,PRE_CORE_EVENT_DIAGNOSTIC,OPENMETEO_ROUTE_LINEAR_INTERPOLATION_EXISTING_CONTRACT,+0.0_0005,0.0,5.0,NEAR_OBSERVER_0_10KM,2.0,1.5893739066666668,0.0,16098.360685066667,86.17874781333333,0.0,,1500.0,NO_NATIVE_SAMPLE_WITHIN_TIME_TOLERANCE,,,,,,,,NATIVE_TIME_SAMPLE_UNAVAILABLE_FOR_TIMELINE,COARSE_LOW_CLOUD_NATIVE_TIME_UNMATCHED,OBSERVER_ENVIRONMENT_TIMELINE_ONLY_NO_PHYSICS_PROMOTION,False,False,False,False
2026-09-14 17:35:21.746064+08:00,2026-09-14 18:00:21.746064+08:00,-25,5,PRE_EVENT,PRE_CORE_EVENT_DIAGNOSTIC,OPENMETEO_ROUTE_LINEAR_INTERPOLATION_EXISTING_CONTRACT,+0.0_0010,0.0,10.0,NEAR_OBSERVER_0_10KM,1.0,1.5893739066666668,0.0,18233.0476384,83.76812172,0.0,,1500.0,NO_NATIVE_SAMPLE_WITHIN_TIME_TOLERANCE,,,,,,,,NATIVE_TIME_SAMPLE_UNAVAILABLE_FOR_TIMELINE,COARSE_LOW_CLOUD_NATIVE_TIME_UNMATCHED,OBSERVER_ENVIRONMENT_TIMELINE_ONLY_NO_PHYSICS_PROMOTION,False,False,False,False
2026-09-14 17:35:21.746064+08:00,2026-09-14 18:00:21.746064+08:00,-25,5,PRE_EVENT,PRE_CORE_EVENT_DIAGNOSTIC,OPENMETEO_ROUTE_LINEAR_INTERPOLATION_EXISTING_CONTRACT,+0.0_0015,0.0,15.0,PRIMARY_GT10_40KM,2.0,0.41062609333333333,0.0,16248.212521866666,89.41062609333333,0.0,,1500.0,NO_NATIVE_SAMPLE_WITHIN_TIME_TOLERANCE,,,,,,,,NATIVE_TIME_SAMPLE_UNAVAILABLE_FOR_TIMELINE,COARSE_LOW_CLOUD_NATIVE_TIME_UNMATCHED,OBSERVER_ENVIRONMENT_TIMELINE_ONLY_NO_PHYSICS_PROMOTION,False,False,False,False
2026-09-14 17:35:21.746064+08:00,2026-09-14 18:00:21.746064+08:00,-25,5,PRE_EVENT,PRE_CORE_EVENT_DIAGNOSTIC,OPENMETEO_ROUTE_LINEAR_INTERPOLATION_EXISTING_CONTRACT,+0.0_0020,0.0,20.0,PRIMARY_GT10_40KM,4.410626093333334,1.0,0.0,16052.850087466666,87.41062609333333,0.0,,1500.0,NO_NATIVE_SAMPLE_WITHIN_TIME_TOLERANCE,,,,,,,,NATIVE_TIME_SAMPLE_UNAVAILABLE_FOR_TIMELINE,COARSE_LOW_CLOUD_NATIVE_TIME_UNMATCHED,OBSERVER_ENVIRONMENT_TIMELINE_ONLY_NO_PHYSICS_PROMOTION,False,False,False,False
2026-09-14 17:35:21.746064+08:00,2026-09-14 18:00:21.746064+08:00,-25,5,PRE_EVENT,PRE_CORE_EVENT_DIAGNOSTIC,OPENMETEO_ROUTE_LINEAR_INTERPOLATION_EXISTING_CONTRACT,+0.0_0025,0.0,25.0,PRIMARY_GT10_40KM,4.410626093333334,1.0,0.0,16052.850087466666,87.41062609333333,0.0,,1500.0,NO_NATIVE_SAMPLE_WITHIN_TIME_TOLERANCE,,,,,,,,NATIVE_TIME_SAMPLE_UNAVAILABLE_FOR_TIMELINE,COARSE_LOW_CLOUD_NATIVE_TIME_UNMATCHED,OBSERVER_ENVIRONMENT_TIMELINE_ONLY_NO_PHYSICS_PROMOTION,False,False,False,False
2026-09-14 17:35:21.746064+08:00,2026-09-14 18:00:21.746064+08:00,-25,5,PRE_EVENT,PRE_CORE_EVENT_DIAGNOSTIC,OPENMETEO_ROUTE_LINEAR_INTERPOLATION_EXISTING_CONTRACT,+0.0_0030,0.0,30.0,PRIMARY_GT10_40KM,5.0,1.0,0.0,15935.749562666666,88.0,0.0,,1500.0,NO_NATIVE_SAMPLE_WITHIN_TIME_TOLERANCE,,,,,,,,NATIVE_TIME_SAMPLE_UNAVAILABLE_FOR_TIMELINE,COARSE_LOW_CLOUD_NATIVE_TIME_UNMATCHED,OBSERVER_ENVIRONMENT_TIMELINE_ONLY_NO_PHYSICS_PROMOTION,False,False,False,False
2026-09-14 17:35:21.746064+08:00,2026-09-14 18:00:21.746064+08:00,-25,5,PRE_EVENT,PRE_CORE_EVENT_DIAGNOSTIC,OPENMETEO_ROUTE_LINEAR_INTERPOLATION_EXISTING_CONTRACT,+0.0_0035,0.0,35.0,PRIMARY_GT10_40KM,5.0,1.0,0.0,15935.749562666666,88.0,0.0,,1500.0,NO_NATIVE_SAMPLE_WITHIN_TIME_TOLERANCE,,,,,,,,NATIVE_TIME_SAMPLE_UNAVAILABLE_FOR_TIMELINE,COARSE_LOW_CLOUD_NATIVE_TIME_UNMATCHED,OBSERVER_ENVIRONMENT_TIMELINE_ONLY_NO_PHYSICS_PROMOTION,False,False,False,False
2026-09-14 17:35:21.746064+08:00,2026-09-14 18:00:21.746064+08:00,-25,5,PRE_EVENT,PRE_CORE_EVENT_DIAGNOSTIC,OPENMETEO_ROUTE_LINEAR_INTERPOLATION_EXISTING_CONTRACT,+0.0_0040,0.0,40.0,PRIMARY_GT10_40KM,3.76812172,1.0,0.0,15126.375656,88.0,0.0,,1500.0,NO_NATIVE_SAMPLE_WITHIN_TIME_TOLERANCE,,,,,,,,NATIVE_TIME_SAMPLE_UNAVAILABLE_FOR_TIMELINE,COARSE_LOW_CLOUD_NATIVE_TIME_UNMATCHED,OBSERVER_ENVIRONMENT_TIMELINE_ONLY_NO_PHYSICS_PROMOTION,False,False,False,False
2026-09-14 17:35:21.746064+08:00,2026-09-14 18:00:21.746064+08:00,-25,5,PRE_EVENT,PRE_CORE_EVENT_DIAGNOSTIC,OPENMETEO_ROUTE_LINEAR_INTERPOLATION_EXISTING_CONTRACT,+0.0_0050,0.0,50.0,EXTENDED_GT40_100KM,22.483112973333334,1.0,0.0,14547.726618133333,88.0,0.0,,1500.0,NO_NATIVE_SAMPLE_WITHIN_TIME_TOLERANCE,,,,,,,,NATIVE_TIME_SAMPLE_UNAVAILABLE_FOR_TIMELINE,COARSE_LOW_CLOUD_NATIVE_TIME_UNMATCHED,OBSERVER_ENVIRONMENT_TIMELINE_ONLY_NO_PHYSICS_PROMOTION,False,False,False,False
2026-09-14 17:35:21.746064+08:00,2026-09-14 18:00:21.746064+08:00,-25,5,PRE_EVENT,PRE_CORE_EVENT_DIAGNOSTIC,OPENMETEO_ROUTE_LINEAR_INTERPOLATION_EXISTING_CONTRACT,+0.0_0060,0.0,60.0,EXTENDED_GT40_100KM,29.053130466666666,0.41062609333333333,0.0,14205.2142712,87.17874781333333,0.0,,1500.0,NO_NATIVE_SAMPLE_WITHIN_TIME_TOLERANCE,,,,,,,,NATIVE_TIME_SAMPLE_UNAVAILABLE_FOR_TIMELINE,COARSE_LOW_CLOUD_NATIVE_TIME_UNMATCHED,OBSERVER_ENVIRONMENT_TIMELINE_ONLY_NO_PHYSICS_PROMOTION,False,False,False,False
2026-09-14 17:35:21.746064+08:00,2026-09-14 18:00:21.746064+08:00,-25,5,PRE_EVENT,PRE_CORE_EVENT_DIAGNOSTIC,OPENMETEO_ROUTE_LINEAR_INTERPOLATION_EXISTING_CONTRACT,+0.0_0070,0.0,70.0,EXTENDED_GT40_100KM,25.6812172,0.41062609333333333,0.0,15025.790976799999,87.17874781333333,0.0,,1500.0,NO_NATIVE_SAMPLE_WITHIN_TIME_TOLERANCE,,,,,,,,NATIVE_TIME_SAMPLE_UNAVAILABLE_FOR_TIMELINE,COARSE_LOW_CLOUD_NATIVE_TIME_UNMATCHED,OBSERVER_ENVIRONMENT_TIMELINE_ONLY_NO_PHYSICS_PROMOTION,False,False,False,False
2026-09-14 17:35:21.746064+08:00,2026-09-14 18:00:21.746064+08:00,-25,5,PRE_EVENT,PRE_CORE_EVENT_DIAGNOSTIC,OPENMETEO_ROUTE_LINEAR_INTERPOLATION_EXISTING_CONTRACT,+0.0_0080,0.0,80.0,EXTENDED_GT40_100KM,36.801895773333335,0.41062609333333333,0.0,15392.553761066667,86.76812172,0.0,,1500.0,NO_NATIVE_SAMPLE_WITHIN_TIME_TOLERANCE,,,,,,,,NATIVE_TIME_SAMPLE_UNAVAILABLE_FOR_TIMELINE,COARSE_LOW_CLOUD_NATIVE_TIME_UNMATCHED,OBSERVER_ENVIRONMENT_TIMELINE_ONLY_NO_PHYSICS_PROMOTION,False,False,False,False
2026-09-14 17:35:21.746064+08:00,2026-09-14 18:00:21.746064+08:00,-25,5,PRE_EVENT,PRE_CORE_EVENT_DIAGNOSTIC,OPENMETEO_ROUTE_LINEAR_INTERPOLATION_EXISTING_CONTRACT,+0.0_0090,0.0,90.0,EXTENDED_GT40_100KM,38.37191326666667,0.0,0.0,15295.066107999999,87.17874781333333,0.0,,1500.0,NO_NATIVE_SAMPLE_WITHIN_TIME_TOLERANCE,,,,,,,,NATIVE_TIME_SAMPLE_UNAVAILABLE_FOR_TIMELINE,COARSE_LOW_CLOUD_NATIVE_TIME_UNMATCHED,OBSERVER_ENVIRONMENT_TIMELINE_ONLY_NO_PHYSICS_PROMOTION,False,False,False,False
2026-09-14 17:35:21.746064+08:00,2026-09-14 18:00:21.746064+08:00,-25,5,PRE_EVENT,PRE_CORE_EVENT_DIAGNOSTIC,OPENMETEO_ROUTE_LINEAR_INTERPOLATION_EXISTING_CONTRACT,+0.0_0100,0.0,100.0,EXTENDED_GT40_100KM,30.78253936,0.0,0.0,15161.1534112,86.17874781333333,0.0,,1500.0,NO_NATIVE_SAMPLE_WITHIN_TIME_TOLERANCE,,,,,,,,NATIVE_TIME_SAMPLE_UNAVAILABLE_FOR_TIMELINE,COARSE_LOW_CLOUD_NATIVE_TIME_UNMATCHED,OBSERVER_ENVIRONMENT_TIMELINE_ONLY_NO_PHYSICS_PROMOTION,False,False,False,False
2026-09-14 17:35:21.746064+08:00,2026-09-14 18:00:21.746064+08:00,-25,5,PRE_EVENT,PRE_CORE_EVENT_DIAGNOSTIC,OPENMETEO_ROUTE_LINEAR_INTERPOLATION_EXISTING_CONTRACT,+5.0_0005,5.0,5.0,NEAR_OBSERVER_0_10KM,2.0,1.5893739066666668,0.0,16098.360685066667,86.17874781333333,0.0,,1500.0,NO_NATIVE_SAMPLE_WITHIN_TIME_TOLERANCE,,,,,,,,NATIVE_TIME_SAMPLE_UNAVAILABLE_FOR_TIMELINE,COARSE_LOW_CLOUD_NATIVE_TIME_UNMATCHED,OBSERVER_ENVIRONMENT_TIMELINE_ONLY_NO_PHYSICS_PROMOTION,False,False,False,False
2026-09-14 17:35:21.746064+08:00,2026-09-14 18:00:21.746064+08:00,-25,5,PRE_EVENT,PRE_CORE_EVENT_DIAGNOSTIC,OPENMETEO_ROUTE_LINEAR_INTERPOLATION_EXISTING_CONTRACT,+5.0_0010,5.0,10.0,NEAR_OBSERVER_0_10KM,2.0,1.5893739066666668,0.0,16098.360685066667,86.17874781333333,0.0,,1500.0,NO_NATIVE_SAMPLE_WITHIN_TIME_TOLERANCE,,,,,,,,NATIVE_TIME_SAMPLE_UNAVAILABLE_FOR_TIMELINE,COARSE_LOW_CLOUD_NATIVE_TIME_UNMATCHED,OBSERVER_ENVIRONMENT_TIMELINE_ONLY_NO_PHYSICS_PROMOTION,False,False,False,False
2026-09-14 17:35:21.746064+08:00,2026-09-14 18:00:21.746064+08:00,-25,5,PRE_EVENT,PRE_CORE_EVENT_DIAGNOSTIC,OPENMETEO_ROUTE_LINEAR_INTERPOLATION_EXISTING_CONTRACT,+5.0_0015,5.0,15.0,PRIMARY_GT10_40KM,2.0,0.41062609333333333,0.0,16248.212521866666,89.41062609333333,0.0,,1500.0,NO_NATIVE_SAMPLE_WITHIN_TIME_TOLERANCE,,,,,,,,NATIVE_TIME_SAMPLE_UNAVAILABLE_FOR_TIMELINE,COARSE_LOW_CLOUD_NATIVE_TIME_UNMATCHED,OBSERVER_ENVIRONMENT_TIMELINE_ONLY_NO_PHYSICS_PROMOTION,False,False,False,False
2026-09-14 17:35:21.746064+08:00,2026-09-14 18:00:21.746064+08:00,-25,5,PRE_EVENT,PRE_CORE_EVENT_DIAGNOSTIC,OPENMETEO_ROUTE_LINEAR_INTERPOLATION_EXISTING_CONTRACT,+5.0_0020,5.0,20.0,PRIMARY_GT10_40KM,4.410626093333334,1.0,0.0,16052.850087466666,87.41062609333333,0.0,,1500.0,NO_NATIVE_SAMPLE_WITHIN_TIME_TOLERANCE,,,,,,,,NATIVE_TIME_SAMPLE_UNAVAILABLE_FOR_TIMELINE,COARSE_LOW_CLOUD_NATIVE_TIME_UNMATCHED,OBSERVER_ENVIRONMENT_TIMELINE_ONLY_NO_PHYSICS_PROMOTION,False,False,False,False
2026-09-14 17:35:21.746064+08:00,2026-09-14 18:00:21.746064+08:00,-25,5,PRE_EVENT,PRE_CORE_EVENT_DIAGNOSTIC,OPENMETEO_ROUTE_LINEAR_INTERPOLATION_EXISTING_CONTRACT,+5.0_0025,5.0,25.0,PRIMARY_GT10_40KM,4.410626093333334,1.0,0.0,16052.850087466666,87.41062609333333,0.0,,1500.0,NO_NATIVE_SAMPLE_WITHIN_TIME_TOLERANCE,,,,,,,,NATIVE_TIME_SAMPLE_UNAVAILABLE_FOR_TIMELINE,COARSE_LOW_CLOUD_NATIVE_TIME_UNMATCHED,OBSERVER_ENVIRONMENT_TIMELINE_ONLY_NO_PHYSICS_PROMOTION,False,False,False,False
2026-09-14 17:35:21.746064+08:00,2026-09-14 18:00:21.746064+08:00,-25,5,PRE_EVENT,PRE_CORE_EVENT_DIAGNOSTIC,OPENMETEO_ROUTE_LINEAR_INTERPOLATION_EXISTING_CONTRACT,+5.0_0030,5.0,30.0,PRIMARY_GT10_40KM,5.0,1.0,0.0,15935.749562666666,88.0,0.0,,1500.0,NO_NATIVE_SAMPLE_WITHIN_TIME_TOLERANCE,,,,,,,,NATIVE_TIME_SAMPLE_UNAVAILABLE_FOR_TIMELINE,COARSE_LOW_CLOUD_NATIVE_TIME_UNMATCHED,OBSERVER_ENVIRONMENT_TIMELINE_ONLY_NO_PHYSICS_PROMOTION,False,False,False,False
2026-09-14 17:35:21.746064+08:00,2026-09-14 18:00:21.746064+08:00,-25,5,PRE_EVENT,PRE_CORE_EVENT_DIAGNOSTIC,OPENMETEO_ROUTE_LINEAR_INTERPOLATION_EXISTING_CONTRACT,+5.0_0035,5.0,35.0,PRIMARY_GT10_40KM,5.0,1.0,0.0,15935.749562666666,88.0,0.0,,1500.0,NO_NATIVE_SAMPLE_WITHIN_TIME_TOLERANCE,,,,,,,,NATIVE_TIME_SAMPLE_UNAVAILABLE_FOR_TIMELINE,COARSE_LOW_CLOUD_NATIVE_TIME_UNMATCHED,OBSERVER_ENVIRONMENT_TIMELINE_ONLY_NO_PHYSICS_PROMOTION,False,False,False,False
2026-09-14 17:35:21.746064+08:00,2026-09-14 18:00:21.746064+08:00,-25,5,PRE_EVENT,PRE_CORE_EVENT_DIAGNOSTIC,OPENMETEO_ROUTE_LINEAR_INTERPOLATION_EXISTING_CONTRACT,+5.0_0040,5.0,40.0,PRIMARY_GT10_40KM,3.76812172,1.0,0.0,15126.375656,88.0,0.0,,1500.0,NO_NATIVE_SAMPLE_WITHIN_TIME_TOLERANCE,,,,,,,,NATIVE_TIME_SAMPLE_UNAVAILABLE_FOR_TIMELINE,COARSE_LOW_CLOUD_NATIVE_TIME_UNMATCHED,OBSERVER_ENVIRONMENT_TIMELINE_ONLY_NO_PHYSICS_PROMOTION,False,False,False,False
2026-09-14 17:35:21.746064+08:00,2026-09-14 18:00:21.746064+08:00,-25,5,PRE_EVENT,PRE_CORE_EVENT_DIAGNOSTIC,OPENMETEO_ROUTE_LINEAR_INTERPOLATION_EXISTING_CONTRACT,+5.0_0050,5.0,50.0,EXTENDED_GT40_100KM,21.37685204,0.5893739066666667,0.0,13953.3280176,87.41062609333333,0.0,,1500.0,NO_NATIVE_SAMPLE_WITHIN_TIME_TOLERANCE,,,,,,,,NATIVE_TIME_SAMPLE_UNAVAILABLE_FOR_TIMELINE,COARSE_LOW_CLOUD_NATIVE_TIME_UNMATCHED,OBSERVER_ENVIRONMENT_TIMELINE_ONLY_NO_PHYSICS_PROMOTION,False,False,False,False
2026-09-14 17:35:21.746064+08:00,2026-09-14 18:00:21.746064+08:00,-25,5,PRE_EVENT,PRE_CORE_EVENT_DIAGNOSTIC,OPENMETEO_ROUTE_LINEAR_INTERPOLATION_EXISTING_CONTRACT,+5.0_0060,5.0,60.0,EXTENDED_GT40_100KM,36.32372157333333,0.5893739066666667,0.0,13553.3280176,86.58937390666667,0.0,,1500.0,NO_NATIVE_SAMPLE_WITHIN_TIME_TOLERANCE,,,,,,,,NATIVE_TIME_SAMPLE_UNAVAILABLE_FOR_TIMELINE,COARSE_LOW_CLOUD_NATIVE_TIME_UNMATCHED,OBSERVER_ENVIRONMENT_TIMELINE_ONLY_NO_PHYSICS_PROMOTION,False,False,False,False
2026-09-14 17:35:21.746064+08:00,2026-09-14 18:00:21.746064+08:00,-25,5,PRE_EVENT,PRE_CORE_EVENT_DIAGNOSTIC,OPENMETEO_ROUTE_LINEAR_INTERPOLATION_EXISTING_CONTRACT,+5.0_0070,5.0,70.0,EXTENDED_GT40_100KM,44.44933892,0.5893739066666667,0.0,13888.4020992,87.58937390666667,0.0,,1500.0,NO_NATIVE_SAMPLE_WITHIN_TIME_TOLERANCE,,,,,,,,NATIVE_TIME_SAMPLE_UNAVAILABLE_FOR_TIMELINE,COARSE_LOW_CLOUD_NATIVE_TIME_UNMATCHED,OBSERVER_ENVIRONMENT_TIMELINE_ONLY_NO_PHYSICS_PROMOTION,False,False,False,False
2026-09-14 17:35:21.746064+08:00,2026-09-14 18:00:21.746064+08:00,-25,5,PRE_EVENT,PRE_CORE_EVENT_DIAGNOSTIC,OPENMETEO_ROUTE_LINEAR_INTERPOLATION_EXISTING_CONTRACT,+5.0_0080,5.0,80.0,EXTENDED_GT40_100KM,36.483112973333334,0.0,0.0,14957.191326666667,87.17874781333333,0.0,,1500.0,NO_NATIVE_SAMPLE_WITHIN_TIME_TOLERANCE,,,,,,,,NATIVE_TIME_SAMPLE_UNAVAILABLE_FOR_TIMELINE,COARSE_LOW_CLOUD_NATIVE_TIME_UNMATCHED,OBSERVER_ENVIRONMENT_TIMELINE_ONLY_NO_PHYSICS_PROMOTION,False,False,False,False
2026-09-14 17:35:21.746064+08:00,2026-09-14 18:00:21.746064+08:00,-25,5,PRE_EVENT,PRE_CORE_EVENT_DIAGNOSTIC,OPENMETEO_ROUTE_LINEAR_INTERPOLATION_EXISTING_CONTRACT,+5.0_0090,5.0,90.0,EXTENDED_GT40_100KM,39.60873032,0.0,0.0,13823.4761808,87.17874781333333,0.0,,1500.0,NO_NATIVE_SAMPLE_WITHIN_TIME_TOLERANCE,,,,,,,,NATIVE_TIME_SAMPLE_UNAVAILABLE_FOR_TIMELINE,COARSE_LOW_CLOUD_NATIVE_TIME_UNMATCHED,OBSERVER_ENVIRONMENT_TIMELINE_ONLY_NO_PHYSICS_PROMOTION,False,False,False,False
2026-09-14 17:35:21.746064+08:00,2026-09-14 18:00:21.746064+08:00,-25,5,PRE_EVENT,PRE_CORE_EVENT_DIAGNOSTIC,OPENMETEO_ROUTE_LINEAR_INTERPOLATION_EXISTING_CONTRACT,+5.0_0100,5.0,100.0,EXTENDED_GT40_100KM,36.28500874666667,0.0,0.0,14651.491151733333,86.76812172,0.0,,1500.0,NO_NATIVE_SAMPLE_WITHIN_TIME_TOLERANCE,,,,,,,,NATIVE_TIME_SAMPLE_UNAVAILABLE_FOR_TIMELINE,COARSE_LOW_CLOUD_NATIVE_TIME_UNMATCHED,OBSERVER_ENVIRONMENT_TIMELINE_ONLY_NO_PHYSICS_PROMOTION,False,False,False,False
2026-09-14 17:40:21.746064+08:00,2026-09-14 18:00:21.746064+08:00,-20,5,PRE_EVENT,PRE_CORE_EVENT_DIAGNOSTIC,OPENMETEO_ROUTE_LINEAR_INTERPOLATION_EXISTING_CONTRACT,-5.0_0000,-5.0,0.0,NEAR_OBSERVER_0_10KM,2.0,1.6727072399999998,0.0,16236.6940184,86.34541448,0.0,,1200.0,NO_NATIVE_SAMPLE_WITHIN_TIME_TOLERANCE,,,,,,,,NATIVE_TIME_SAMPLE_UNAVAILABLE_FOR_TIMELINE,COARSE_LOW_CLOUD_NATIVE_TIME_UNMATCHED,OBSERVER_ENVIRONMENT_TIMELINE_ONLY_NO_PHYSICS_PROMOTION,False,False,False,False
2026-09-14 17:40:21.746064+08:00,2026-09-14 18:00:21.746064+08:00,-20,5,PRE_EVENT,PRE_CORE_EVENT_DIAGNOSTIC,OPENMETEO_ROUTE_LINEAR_INTERPOLATION_EXISTING_CONTRACT,+0.0_0000,0.0,0.0,NEAR_OBSERVER_0_10KM,2.0,1.6727072399999998,0.0,16236.6940184,86.34541448,0.0,,1200.0,NO_NATIVE_SAMPLE_WITHIN_TIME_TOLERANCE,,,,,,,,NATIVE_TIME_SAMPLE_UNAVAILABLE_FOR_TIMELINE,COARSE_LOW_CLOUD_NATIVE_TIME_UNMATCHED,OBSERVER_ENVIRONMENT_TIMELINE_ONLY_NO_PHYSICS_PROMOTION,False,False,False,False
2026-09-14 17:40:21.746064+08:00,2026-09-14 18:00:21.746064+08:00,-20,5,PRE_EVENT,PRE_CORE_EVENT_DIAGNOSTIC,OPENMETEO_ROUTE_LINEAR_INTERPOLATION_EXISTING_CONTRACT,+5.0_0000,5.0,0.0,NEAR_OBSERVER_0_10KM,2.0,1.6727072399999998,0.0,16236.6940184,86.34541448,0.0,,1200.0,NO_NATIVE_SAMPLE_WITHIN_TIME_TOLERANCE,,,,,,,,NATIVE_TIME_SAMPLE_UNAVAILABLE_FOR_TIMELINE,COARSE_LOW_CLOUD_NATIVE_TIME_UNMATCHED,OBSERVER_ENVIRONMENT_TIMELINE_ONLY_NO_PHYSICS_PROMOTION,False,False,False,False
2026-09-14 17:40:21.746064+08:00,2026-09-14 18:00:21.746064+08:00,-20,5,PRE_EVENT,PRE_CORE_EVENT_DIAGNOSTIC,OPENMETEO_ROUTE_LINEAR_INTERPOLATION_EXISTING_CONTRACT,-5.0_0005,-5.0,5.0,NEAR_OBSERVER_0_10KM,2.0,1.6727072399999998,0.0,16236.6940184,86.34541448,0.0,,1200.0,NO_NATIVE_SAMPLE_WITHIN_TIME_TOLERANCE,,,,,,,,NATIVE_TIME_SAMPLE_UNAVAILABLE_FOR_TIMELINE,COARSE_LOW_CLOUD_NATIVE_TIME_UNMATCHED,OBSERVER_ENVIRONMENT_TIMELINE_ONLY_NO_PHYSICS_PROMOTION,False,False,False,False
2026-09-14 17:40:21.746064+08:00,2026-09-14 18:00:21.746064+08:00,-20,5,PRE_EVENT,PRE_CORE_EVENT_DIAGNOSTIC,OPENMETEO_ROUTE_LINEAR_INTERPOLATION_EXISTING_CONTRACT,-5.0_0010,-5.0,10.0,NEAR_OBSERVER_0_10KM,1.0,1.6727072399999998,0.0,18413.0476384,84.01812172,0.0,,1200.0,NO_NATIVE_SAMPLE_WITHIN_TIME_TOLERANCE,,,,,,,,NATIVE_TIME_SAMPLE_UNAVAILABLE_FOR_TIMELINE,COARSE_LOW_CLOUD_NATIVE_TIME_UNMATCHED,OBSERVER_ENVIRONMENT_TIMELINE_ONLY_NO_PHYSICS_PROMOTION,False,False,False,False
2026-09-14 17:40:21.746064+08:00,2026-09-14 18:00:21.746064+08:00,-20,5,PRE_EVENT,PRE_CORE_EVENT_DIAGNOSTIC,OPENMETEO_ROUTE_LINEAR_INTERPOLATION_EXISTING_CONTRACT,-5.0_0015,-5.0,15.0,PRIMARY_GT10_40KM,1.0,1.6727072399999998,0.0,18413.0476384,84.01812172,0.0,,1200.0,NO_NATIVE_SAMPLE_WITHIN_TIME_TOLERANCE,,,,,,,,NATIVE_TIME_SAMPLE_UNAVAILABLE_FOR_TIMELINE,COARSE_LOW_CLOUD_NATIVE_TIME_UNMATCHED,OBSERVER_ENVIRONMENT_TIMELINE_ONLY_NO_PHYSICS_PROMOTION,False,False,False,False
2026-09-14 17:40:21.746064+08:00,2026-09-14 18:00:21.746064+08:00,-20,5,PRE_EVENT,PRE_CORE_EVENT_DIAGNOSTIC,OPENMETEO_ROUTE_LINEAR_INTERPOLATION_EXISTING_CONTRACT,-5.0_0020,-5.0,20.0,PRIMARY_GT10_40KM,1.6727072399999998,0.6545855200000001,0.0,16253.4541448,90.32729276,0.0,,1200.0,NO_NATIVE_SAMPLE_WITHIN_TIME_TOLERANCE,,,,,,,,NATIVE_TIME_SAMPLE_UNAVAILABLE_FOR_TIMELINE,COARSE_LOW_CLOUD_NATIVE_TIME_UNMATCHED,OBSERVER_ENVIRONMENT_TIMELINE_ONLY_NO_PHYSICS_PROMOTION,False,False,False,False
2026-09-14 17:40:21.746064+08:00,2026-09-14 18:00:21.746064+08:00,-20,5,PRE_EVENT,PRE_CORE_EVENT_DIAGNOSTIC,OPENMETEO_ROUTE_LINEAR_INTERPOLATION_EXISTING_CONTRACT,-5.0_0025,-5.0,25.0,PRIMARY_GT10_40KM,4.67270724,1.3272927600000002,0.0,16113.0917104,88.32729276,0.0,,1200.0,NO_NATIVE_SAMPLE_WITHIN_TIME_TOLERANCE,,,,,,,,NATIVE_TIME_SAMPLE_UNAVAILABLE_FOR_TIMELINE,COARSE_LOW_CLOUD_NATIVE_TIME_UNMATCHED,OBSERVER_ENVIRONMENT_TIMELINE_ONLY_NO_PHYSICS_PROMOTION,False,False,False,False
2026-09-14 17:40:21.746064+08:00,2026-09-14 18:00:21.746064+08:00,-20,5,PRE_EVENT,PRE_CORE_EVENT_DIAGNOSTIC,OPENMETEO_ROUTE_LINEAR_INTERPOLATION_EXISTING_CONTRACT,-5.0_0030,-5.0,30.0,PRIMARY_GT10_40KM,4.67270724,1.3272927600000002,0.0,16113.0917104,88.32729276,0.0,,1200.0,NO_NATIVE_SAMPLE_WITHIN_TIME_TOLERANCE,,,,,,,,NATIVE_TIME_SAMPLE_UNAVAILABLE_FOR_TIMELINE,COARSE_LOW_CLOUD_NATIVE_TIME_UNMATCHED,OBSERVER_ENVIRONMENT_TIMELINE_ONLY_NO_PHYSICS_PROMOTION,False,False,False,False
2026-09-14 17:40:21.746064+08:00,2026-09-14 18:00:21.746064+08:00,-20,5,PRE_EVENT,PRE_CORE_EVENT_DIAGNOSTIC,OPENMETEO_ROUTE_LINEAR_INTERPOLATION_EXISTING_CONTRACT,-5.0_0035,-5.0,35.0,PRIMARY_GT10_40KM,8.05436516,1.0,0.0,15807.6331584,87.67270724,0.0,,1200.0,NO_NATIVE_SAMPLE_WITHIN_TIME_TOLERANCE,,,,,,,,NATIVE_TIME_SAMPLE_UNAVAILABLE_FOR_TIMELINE,COARSE_LOW_CLOUD_NATIVE_TIME_UNMATCHED,OBSERVER_ENVIRONMENT_TIMELINE_ONLY_NO_PHYSICS_PROMOTION,False,False,False,False
2026-09-14 17:40:21.746064+08:00,2026-09-14 18:00:21.746064+08:00,-20,5,PRE_EVENT,PRE_CORE_EVENT_DIAGNOSTIC,OPENMETEO_ROUTE_LINEAR_INTERPOLATION_EXISTING_CONTRACT,-5.0_0040,-5.0,40.0,PRIMARY_GT10_40KM,8.05436516,1.0,0.0,15807.6331584,87.67270724,0.0,,1200.0,NO_NATIVE_SAMPLE_WITHIN_TIME_TOLERANCE,,,,,,,,NATIVE_TIME_SAMPLE_UNAVAILABLE_FOR_TIMELINE,COARSE_LOW_CLOUD_NATIVE_TIME_UNMATCHED,OBSERVER_ENVIRONMENT_TIMELINE_ONLY_NO_PHYSICS_PROMOTION,False,False,False,False
2026-09-14 17:40:21.746064+08:00,2026-09-14 18:00:21.746064+08:00,-20,5,PRE_EVENT,PRE_CORE_EVENT_DIAGNOSTIC,OPENMETEO_ROUTE_LINEAR_INTERPOLATION_EXISTING_CONTRACT,-5.0_0050,-5.0,50.0,EXTENDED_GT40_100KM,9.34541448,1.0,0.0,15204.7336832,88.67270724,0.0,,1200.0,NO_NATIVE_SAMPLE_WITHIN_TIME_TOLERANCE,,,,,,,,NATIVE_TIME_SAMPLE_UNAVAILABLE_FOR_TIMELINE,COARSE_LOW_CLOUD_NATIVE_TIME_UNMATCHED,OBSERVER_ENVIRONMENT_TIMELINE_ONLY_NO_PHYSICS_PROMOTION,False,False,False,False
2026-09-14 17:40:21.746064+08:00,2026-09-14 18:00:21.746064+08:00,-20,5,PRE_EVENT,PRE_CORE_EVENT_DIAGNOSTIC,OPENMETEO_ROUTE_LINEAR_INTERPOLATION_EXISTING_CONTRACT,-5.0_0060,-5.0,60.0,EXTENDED_GT40_100KM,14.30917104,0.32729276000000007,0.0,14856.375656,88.67270724,0.0,,1200.0,NO_NATIVE_SAMPLE_WITHIN_TIME_TOLERANCE,,,,,,,,NATIVE_TIME_SAMPLE_UNAVAILABLE_FOR_TIMELINE,COARSE_LOW_CLOUD_NATIVE_TIME_UNMATCHED,OBSERVER_ENVIRONMENT_TIMELINE_ONLY_NO_PHYSICS_PROMOTION,False,False,False,False
2026-09-14 17:40:21.746064+08:00,2026-09-14 18:00:21.746064+08:00,-20,5,PRE_EVENT,PRE_CORE_EVENT_DIAGNOSTIC,OPENMETEO_ROUTE_LINEAR_INTERPOLATION_EXISTING_CONTRACT,-5.0_0070,-5.0,70.0,EXTENDED_GT40_100KM,20.70895068,0.32729276000000007,0.0,14543.2839456,87.67270724,0.0,,1200.0,NO_NATIVE_SAMPLE_WITHIN_TIME_TOLERANCE,,,,,,,,NATIVE_TIME_SAMPLE_UNAVAILABLE_FOR_TIMELINE,COARSE_LOW_CLOUD_NATIVE_TIME_UNMATCHED,OBSERVER_ENVIRONMENT_TIMELINE_ONLY_NO_PHYSICS_PROMOTION,False,False,False,False
2026-09-14 17:40:21.746064+08:00,2026-09-14 18:00:21.746064+08:00,-20,5,PRE_EVENT,PRE_CORE_EVENT_DIAGNOSTIC,OPENMETEO_ROUTE_LINEAR_INTERPOLATION_EXISTING_CONTRACT,-5.0_0080,-5.0,80.0,EXTENDED_GT40_100KM,35.21856244,0.32729276000000007,0.0,15105.887094400001,87.01812172,0.0,,1200.0,NO_NATIVE_SAMPLE_WITHIN_TIME_TOLERANCE,,,,,,,,NATIVE_TIME_SAMPLE_UNAVAILABLE_FOR_TIMELINE,COARSE_LOW_CLOUD_NATIVE_TIME_UNMATCHED,OBSERVER_ENVIRONMENT_TIMELINE_ONLY_NO_PHYSICS_PROMOTION,False,False,False,False
2026-09-14 17:40:21.746064+08:00,2026-09-14 18:00:21.746064+08:00,-20,5,PRE_EVENT,PRE_CORE_EVENT_DIAGNOSTIC,OPENMETEO_ROUTE_LINEAR_INTERPOLATION_EXISTING_CONTRACT,-5.0_0090,-5.0,90.0,EXTENDED_GT40_100KM,35.4552466,0.32729276000000007,0.0,15162.2407144,86.67270724,0.0,,1200.0,NO_NATIVE_SAMPLE_WITHIN_TIME_TOLERANCE,,,,,,,,NATIVE_TIME_SAMPLE_UNAVAILABLE_FOR_TIMELINE,COARSE_LOW_CLOUD_NATIVE_TIME_UNMATCHED,OBSERVER_ENVIRONMENT_TIMELINE_ONLY_NO_PHYSICS_PROMOTION,False,False,False,False
2026-09-14 17:40:21.746064+08:00,2026-09-14 18:00:21.746064+08:00,-20,5,PRE_EVENT,PRE_CORE_EVENT_DIAGNOSTIC,OPENMETEO_ROUTE_LINEAR_INTERPOLATION_EXISTING_CONTRACT,-5.0_0100,-5.0,100.0,EXTENDED_GT40_100KM,34.30917104,0.32729276000000007,0.0,14405.887094400001,85.67270724,0.0,,1200.0,NO_NATIVE_SAMPLE_WITHIN_TIME_TOLERANCE,,,,,,,,NATIVE_TIME_SAMPLE_UNAVAILABLE_FOR_TIMELINE,COARSE_LOW_CLOUD_NATIVE_TIME_UNMATCHED,OBSERVER_ENVIRONMENT_TIMELINE_ONLY_NO_PHYSICS_PROMOTION,False,False,False,False
2026-09-14 17:40:21.746064+08:00,2026-09-14 18:00:21.746064+08:00,-20,5,PRE_EVENT,PRE_CORE_EVENT_DIAGNOSTIC,OPENMETEO_ROUTE_LINEAR_INTERPOLATION_EXISTING_CONTRACT,+0.0_0005,0.0,5.0,NEAR_OBSERVER_0_10KM,2.0,1.6727072399999998,0.0,16236.6940184,86.34541448,0.0,,1200.0,NO_NATIVE_SAMPLE_WITHIN_TIME_TOLERANCE,,,,,,,,NATIVE_TIME_SAMPLE_UNAVAILABLE_FOR_TIMELINE,COARSE_LOW_CLOUD_NATIVE_TIME_UNMATCHED,OBSERVER_ENVIRONMENT_TIMELINE_ONLY_NO_PHYSICS_PROMOTION,False,False,False,False
2026-09-14 17:40:21.746064+08:00,2026-09-14 18:00:21.746064+08:00,-20,5,PRE_EVENT,PRE_CORE_EVENT_DIAGNOSTIC,OPENMETEO_ROUTE_LINEAR_INTERPOLATION_EXISTING_CONTRACT,+0.0_0010,0.0,10.0,NEAR_OBSERVER_0_10KM,1.0,1.6727072399999998,0.0,18413.0476384,84.01812172,0.0,,1200.0,NO_NATIVE_SAMPLE_WITHIN_TIME_TOLERANCE,,,,,,,,NATIVE_TIME_SAMPLE_UNAVAILABLE_FOR_TIMELINE,COARSE_LOW_CLOUD_NATIVE_TIME_UNMATCHED,OBSERVER_ENVIRONMENT_TIMELINE_ONLY_NO_PHYSICS_PROMOTION,False,False,False,False
2026-09-14 17:40:21.746064+08:00,2026-09-14 18:00:21.746064+08:00,-20,5,PRE_EVENT,PRE_CORE_EVENT_DIAGNOSTIC,OPENMETEO_ROUTE_LINEAR_INTERPOLATION_EXISTING_CONTRACT,+0.0_0015,0.0,15.0,PRIMARY_GT10_40KM,2.0,0.32729276000000007,0.0,16246.5458552,89.32729276,0.0,,1200.0,NO_NATIVE_SAMPLE_WITHIN_TIME_TOLERANCE,,,,,,,,NATIVE_TIME_SAMPLE_UNAVAILABLE_FOR_TIMELINE,COARSE_LOW_CLOUD_NATIVE_TIME_UNMATCHED,OBSERVER_ENVIRONMENT_TIMELINE_ONLY_NO_PHYSICS_PROMOTION,False,False,False,False
2026-09-14 17:40:21.746064+08:00,2026-09-14 18:00:21.746064+08:00,-20,5,PRE_EVENT,PRE_CORE_EVENT_DIAGNOSTIC,OPENMETEO_ROUTE_LINEAR_INTERPOLATION_EXISTING_CONTRACT,+0.0_0020,0.0,20.0,PRIMARY_GT10_40KM,4.32729276,1.0,0.0,16046.1834208,87.32729276,0.0,,1200.0,NO_NATIVE_SAMPLE_WITHIN_TIME_TOLERANCE,,,,,,,,NATIVE_TIME_SAMPLE_UNAVAILABLE_FOR_TIMELINE,COARSE_LOW_CLOUD_NATIVE_TIME_UNMATCHED,OBSERVER_ENVIRONMENT_TIMELINE_ONLY_NO_PHYSICS_PROMOTION,False,False,False,False
2026-09-14 17:40:21.746064+08:00,2026-09-14 18:00:21.746064+08:00,-20,5,PRE_EVENT,PRE_CORE_EVENT_DIAGNOSTIC,OPENMETEO_ROUTE_LINEAR_INTERPOLATION_EXISTING_CONTRACT,+0.0_0025,0.0,25.0,PRIMARY_GT10_40KM,4.32729276,1.0,0.0,16046.1834208,87.32729276,0.0,,1200.0,NO_NATIVE_SAMPLE_WITHIN_TIME_TOLERANCE,,,,,,,,NATIVE_TIME_SAMPLE_UNAVAILABLE_FOR_TIMELINE,COARSE_LOW_CLOUD_NATIVE_TIME_UNMATCHED,OBSERVER_ENVIRONMENT_TIMELINE_ONLY_NO_PHYSICS_PROMOTION,False,False,False,False
2026-09-14 17:40:21.746064+08:00,2026-09-14 18:00:21.746064+08:00,-20,5,PRE_EVENT,PRE_CORE_EVENT_DIAGNOSTIC,OPENMETEO_ROUTE_LINEAR_INTERPOLATION_EXISTING_CONTRACT,+0.0_0030,0.0,30.0,PRIMARY_GT10_40KM,5.0,1.0,0.0,15969.082896,88.0,0.0,,1200.0,NO_NATIVE_SAMPLE_WITHIN_TIME_TOLERANCE,,,,,,,,NATIVE_TIME_SAMPLE_UNAVAILABLE_FOR_TIMELINE,COARSE_LOW_CLOUD_NATIVE_TIME_UNMATCHED,OBSERVER_ENVIRONMENT_TIMELINE_ONLY_NO_PHYSICS_PROMOTION,False,False,False,False
2026-09-14 17:40:21.746064+08:00,2026-09-14 18:00:21.746064+08:00,-20,5,PRE_EVENT,PRE_CORE_EVENT_DIAGNOSTIC,OPENMETEO_ROUTE_LINEAR_INTERPOLATION_EXISTING_CONTRACT,+0.0_0035,0.0,35.0,PRIMARY_GT10_40KM,5.0,1.0,0.0,15969.082896,88.0,0.0,,1200.0,NO_NATIVE_SAMPLE_WITHIN_TIME_TOLERANCE,,,,,,,,NATIVE_TIME_SAMPLE_UNAVAILABLE_FOR_TIMELINE,COARSE_LOW_CLOUD_NATIVE_TIME_UNMATCHED,OBSERVER_ENVIRONMENT_TIMELINE_ONLY_NO_PHYSICS_PROMOTION,False,False,False,False
2026-09-14 17:40:21.746064+08:00,2026-09-14 18:00:21.746064+08:00,-20,5,PRE_EVENT,PRE_CORE_EVENT_DIAGNOSTIC,OPENMETEO_ROUTE_LINEAR_INTERPOLATION_EXISTING_CONTRACT,+0.0_0040,0.0,40.0,PRIMARY_GT10_40KM,4.01812172,1.0,0.0,15076.375656,88.0,0.0,,1200.0,NO_NATIVE_SAMPLE_WITHIN_TIME_TOLERANCE,,,,,,,,NATIVE_TIME_SAMPLE_UNAVAILABLE_FOR_TIMELINE,COARSE_LOW_CLOUD_NATIVE_TIME_UNMATCHED,OBSERVER_ENVIRONMENT_TIMELINE_ONLY_NO_PHYSICS_PROMOTION,False,False,False,False
2026-09-14 17:40:21.746064+08:00,2026-09-14 18:00:21.746064+08:00,-20,5,PRE_EVENT,PRE_CORE_EVENT_DIAGNOSTIC,OPENMETEO_ROUTE_LINEAR_INTERPOLATION_EXISTING_CONTRACT,+0.0_0050,0.0,50.0,EXTENDED_GT40_100KM,23.39977964,1.0,0.0,14424.3932848,88.0,0.0,,1200.0,NO_NATIVE_SAMPLE_WITHIN_TIME_TOLERANCE,,,,,,,,NATIVE_TIME_SAMPLE_UNAVAILABLE_FOR_TIMELINE,COARSE_LOW_CLOUD_NATIVE_TIME_UNMATCHED,OBSERVER_ENVIRONMENT_TIMELINE_ONLY_NO_PHYSICS_PROMOTION,False,False,False,False
2026-09-14 17:40:21.746064+08:00,2026-09-14 18:00:21.746064+08:00,-20,5,PRE_EVENT,PRE_CORE_EVENT_DIAGNOSTIC,OPENMETEO_ROUTE_LINEAR_INTERPOLATION_EXISTING_CONTRACT,+0.0_0060,0.0,60.0,EXTENDED_GT40_100KM,28.6364638,0.32729276000000007,0.0,14070.2142712,87.34541448,0.0,,1200.0,NO_NATIVE_SAMPLE_WITHIN_TIME_TOLERANCE,,,,,,,,NATIVE_TIME_SAMPLE_UNAVAILABLE_FOR_TIMELINE,COARSE_LOW_CLOUD_NATIVE_TIME_UNMATCHED,OBSERVER_ENVIRONMENT_TIMELINE_ONLY_NO_PHYSICS_PROMOTION,False,False,False,False
2026-09-14 17:40:21.746064+08:00,2026-09-14 18:00:21.746064+08:00,-20,5,PRE_EVENT,PRE_CORE_EVENT_DIAGNOSTIC,OPENMETEO_ROUTE_LINEAR_INTERPOLATION_EXISTING_CONTRACT,+0.0_0070,0.0,70.0,EXTENDED_GT40_100KM,28.1812172,0.32729276000000007,0.0,14760.7909768,87.34541448,0.0,,1200.0,NO_NATIVE_SAMPLE_WITHIN_TIME_TOLERANCE,,,,,,,,NATIVE_TIME_SAMPLE_UNAVAILABLE_FOR_TIMELINE,COARSE_LOW_CLOUD_NATIVE_TIME_UNMATCHED,OBSERVER_ENVIRONMENT_TIMELINE_ONLY_NO_PHYSICS_PROMOTION,False,False,False,False
2026-09-14 17:40:21.746064+08:00,2026-09-14 18:00:21.746064+08:00,-20,5,PRE_EVENT,PRE_CORE_EVENT_DIAGNOSTIC,OPENMETEO_ROUTE_LINEAR_INTERPOLATION_EXISTING_CONTRACT,+0.0_0080,0.0,80.0,EXTENDED_GT40_100KM,35.21856244,0.32729276000000007,0.0,15105.887094400001,87.01812172,0.0,,1200.0,NO_NATIVE_SAMPLE_WITHIN_TIME_TOLERANCE,,,,,,,,NATIVE_TIME_SAMPLE_UNAVAILABLE_FOR_TIMELINE,COARSE_LOW_CLOUD_NATIVE_TIME_UNMATCHED,OBSERVER_ENVIRONMENT_TIMELINE_ONLY_NO_PHYSICS_PROMOTION,False,False,False,False
2026-09-14 17:40:21.746064+08:00,2026-09-14 18:00:21.746064+08:00,-20,5,PRE_EVENT,PRE_CORE_EVENT_DIAGNOSTIC,OPENMETEO_ROUTE_LINEAR_INTERPOLATION_EXISTING_CONTRACT,+0.0_0090,0.0,90.0,EXTENDED_GT40_100KM,35.4552466,0.0,0.0,15020.066108,87.34541448,0.0,,1200.0,NO_NATIVE_SAMPLE_WITHIN_TIME_TOLERANCE,,,,,,,,NATIVE_TIME_SAMPLE_UNAVAILABLE_FOR_TIMELINE,COARSE_LOW_CLOUD_NATIVE_TIME_UNMATCHED,OBSERVER_ENVIRONMENT_TIMELINE_ONLY_NO_PHYSICS_PROMOTION,False,False,False,False
2026-09-14 17:40:21.746064+08:00,2026-09-14 18:00:21.746064+08:00,-20,5,PRE_EVENT,PRE_CORE_EVENT_DIAGNOSTIC,OPENMETEO_ROUTE_LINEAR_INTERPOLATION_EXISTING_CONTRACT,+0.0_0100,0.0,100.0,EXTENDED_GT40_100KM,27.78253936,0.0,0.0,14901.1534112,86.34541448,0.0,,1200.0,NO_NATIVE_SAMPLE_WITHIN_TIME_TOLERANCE,,,,,,,,NATIVE_TIME_SAMPLE_UNAVAILABLE_FOR_TIMELINE,COARSE_LOW_CLOUD_NATIVE_TIME_UNMATCHED,OBSERVER_ENVIRONMENT_TIMELINE_ONLY_NO_PHYSICS_PROMOTION,False,False,False,False
2026-09-14 17:40:21.746064+08:00,2026-09-14 18:00:21.746064+08:00,-20,5,PRE_EVENT,PRE_CORE_EVENT_DIAGNOSTIC,OPENMETEO_ROUTE_LINEAR_INTERPOLATION_EXISTING_CONTRACT,+5.0_0005,5.0,5.0,NEAR_OBSERVER_0_10KM,2.0,1.6727072399999998,0.0,16236.6940184,86.34541448,0.0,,1200.0,NO_NATIVE_SAMPLE_WITHIN_TIME_TOLERANCE,,,,,,,,NATIVE_TIME_SAMPLE_UNAVAILABLE_FOR_TIMELINE,COARSE_LOW_CLOUD_NATIVE_TIME_UNMATCHED,OBSERVER_ENVIRONMENT_TIMELINE_ONLY_NO_PHYSICS_PROMOTION,False,False,False,False
2026-09-14 17:40:21.746064+08:00,2026-09-14 18:00:21.746064+08:00,-20,5,PRE_EVENT,PRE_CORE_EVENT_DIAGNOSTIC,OPENMETEO_ROUTE_LINEAR_INTERPOLATION_EXISTING_CONTRACT,+5.0_0010,5.0,10.0,NEAR_OBSERVER_0_10KM,2.0,1.6727072399999998,0.0,16236.6940184,86.34541448,0.0,,1200.0,NO_NATIVE_SAMPLE_WITHIN_TIME_TOLERANCE,,,,,,,,NATIVE_TIME_SAMPLE_UNAVAILABLE_FOR_TIMELINE,COARSE_LOW_CLOUD_NATIVE_TIME_UNMATCHED,OBSERVER_ENVIRONMENT_TIMELINE_ONLY_NO_PHYSICS_PROMOTION,False,False,False,False
2026-09-14 17:40:21.746064+08:00,2026-09-14 18:00:21.746064+08:00,-20,5,PRE_EVENT,PRE_CORE_EVENT_DIAGNOSTIC,OPENMETEO_ROUTE_LINEAR_INTERPOLATION_EXISTING_CONTRACT,+5.0_0015,5.0,15.0,PRIMARY_GT10_40KM,2.0,0.32729276000000007,0.0,16246.5458552,89.32729276,0.0,,1200.0,NO_NATIVE_SAMPLE_WITHIN_TIME_TOLERANCE,,,,,,,,NATIVE_TIME_SAMPLE_UNAVAILABLE_FOR_TIMELINE,COARSE_LOW_CLOUD_NATIVE_TIME_UNMATCHED,OBSERVER_ENVIRONMENT_TIMELINE_ONLY_NO_PHYSICS_PROMOTION,False,False,False,False
2026-09-14 17:40:21.746064+08:00,2026-09-14 18:00:21.746064+08:00,-20,5,PRE_EVENT,PRE_CORE_EVENT_DIAGNOSTIC,OPENMETEO_ROUTE_LINEAR_INTERPOLATION_EXISTING_CONTRACT,+5.0_0020,5.0,20.0,PRIMARY_GT10_40KM,4.32729276,1.0,0.0,16046.1834208,87.32729276,0.0,,1200.0,NO_NATIVE_SAMPLE_WITHIN_TIME_TOLERANCE,,,,,,,,NATIVE_TIME_SAMPLE_UNAVAILABLE_FOR_TIMELINE,COARSE_LOW_CLOUD_NATIVE_TIME_UNMATCHED,OBSERVER_ENVIRONMENT_TIMELINE_ONLY_NO_PHYSICS_PROMOTION,False,False,False,False
2026-09-14 17:40:21.746064+08:00,2026-09-14 18:00:21.746064+08:00,-20,5,PRE_EVENT,PRE_CORE_EVENT_DIAGNOSTIC,OPENMETEO_ROUTE_LINEAR_INTERPOLATION_EXISTING_CONTRACT,+5.0_0025,5.0,25.0,PRIMARY_GT10_40KM,4.32729276,1.0,0.0,16046.1834208,87.32729276,0.0,,1200.0,NO_NATIVE_SAMPLE_WITHIN_TIME_TOLERANCE,,,,,,,,NATIVE_TIME_SAMPLE_UNAVAILABLE_FOR_TIMELINE,COARSE_LOW_CLOUD_NATIVE_TIME_UNMATCHED,OBSERVER_ENVIRONMENT_TIMELINE_ONLY_NO_PHYSICS_PROMOTION,False,False,False,False
2026-09-14 17:40:21.746064+08:00,2026-09-14 18:00:21.746064+08:00,-20,5,PRE_EVENT,PRE_CORE_EVENT_DIAGNOSTIC,OPENMETEO_ROUTE_LINEAR_INTERPOLATION_EXISTING_CONTRACT,+5.0_0030,5.0,30.0,PRIMARY_GT10_40KM,5.0,1.0,0.0,15969.082896,88.0,0.0,,1200.0,NO_NATIVE_SAMPLE_WITHIN_TIME_TOLERANCE,,,,,,,,NATIVE_TIME_SAMPLE_UNAVAILABLE_FOR_TIMELINE,COARSE_LOW_CLOUD_NATIVE_TIME_UNMATCHED,OBSERVER_ENVIRONMENT_TIMELINE_ONLY_NO_PHYSICS_PROMOTION,False,False,False,False
2026-09-14 17:40:21.746064+08:00,2026-09-14 18:00:21.746064+08:00,-20,5,PRE_EVENT,PRE_CORE_EVENT_DIAGNOSTIC,OPENMETEO_ROUTE_LINEAR_INTERPOLATION_EXISTING_CONTRACT,+5.0_0035,5.0,35.0,PRIMARY_GT10_40KM,5.0,1.0,0.0,15969.082896,88.0,0.0,,1200.0,NO_NATIVE_SAMPLE_WITHIN_TIME_TOLERANCE,,,,,,,,NATIVE_TIME_SAMPLE_UNAVAILABLE_FOR_TIMELINE,COARSE_LOW_CLOUD_NATIVE_TIME_UNMATCHED,OBSERVER_ENVIRONMENT_TIMELINE_ONLY_NO_PHYSICS_PROMOTION,False,False,False,False
2026-09-14 17:40:21.746064+08:00,2026-09-14 18:00:21.746064+08:00,-20,5,PRE_EVENT,PRE_CORE_EVENT_DIAGNOSTIC,OPENMETEO_ROUTE_LINEAR_INTERPOLATION_EXISTING_CONTRACT,+5.0_0040,5.0,40.0,PRIMARY_GT10_40KM,4.01812172,1.0,0.0,15076.375656,88.0,0.0,,1200.0,NO_NATIVE_SAMPLE_WITHIN_TIME_TOLERANCE,,,,,,,,NATIVE_TIME_SAMPLE_UNAVAILABLE_FOR_TIMELINE,COARSE_LOW_CLOUD_NATIVE_TIME_UNMATCHED,OBSERVER_ENVIRONMENT_TIMELINE_ONLY_NO_PHYSICS_PROMOTION,False,False,False,False
2026-09-14 17:40:21.746064+08:00,2026-09-14 18:00:21.746064+08:00,-20,5,PRE_EVENT,PRE_CORE_EVENT_DIAGNOSTIC,OPENMETEO_ROUTE_LINEAR_INTERPOLATION_EXISTING_CONTRACT,+5.0_0050,5.0,50.0,EXTENDED_GT40_100KM,23.12685204,0.6727072399999999,0.0,13723.3280176,87.32729276,0.0,,1200.0,NO_NATIVE_SAMPLE_WITHIN_TIME_TOLERANCE,,,,,,,,NATIVE_TIME_SAMPLE_UNAVAILABLE_FOR_TIMELINE,COARSE_LOW_CLOUD_NATIVE_TIME_UNMATCHED,OBSERVER_ENVIRONMENT_TIMELINE_ONLY_NO_PHYSICS_PROMOTION,False,False,False,False
2026-09-14 17:40:21.746064+08:00,2026-09-14 18:00:21.746064+08:00,-20,5,PRE_EVENT,PRE_CORE_EVENT_DIAGNOSTIC,OPENMETEO_ROUTE_LINEAR_INTERPOLATION_EXISTING_CONTRACT,+5.0_0060,5.0,60.0,EXTENDED_GT40_100KM,38.49038824,0.6727072399999999,0.0,13323.3280176,86.67270724,0.0,,1200.0,NO_NATIVE_SAMPLE_WITHIN_TIME_TOLERANCE,,,,,,,,NATIVE_TIME_SAMPLE_UNAVAILABLE_FOR_TIMELINE,COARSE_LOW_CLOUD_NATIVE_TIME_UNMATCHED,OBSERVER_ENVIRONMENT_TIMELINE_ONLY_NO_PHYSICS_PROMOTION,False,False,False,False
2026-09-14 17:40:21.746064+08:00,2026-09-14 18:00:21.746064+08:00,-20,5,PRE_EVENT,PRE_CORE_EVENT_DIAGNOSTIC,OPENMETEO_ROUTE_LINEAR_INTERPOLATION_EXISTING_CONTRACT,+5.0_0070,5.0,70.0,EXTENDED_GT40_100KM,47.19933892,0.6727072399999999,0.0,13728.4020992,87.67270724,0.0,,1200.0,NO_NATIVE_SAMPLE_WITHIN_TIME_TOLERANCE,,,,,,,,NATIVE_TIME_SAMPLE_UNAVAILABLE_FOR_TIMELINE,COARSE_LOW_CLOUD_NATIVE_TIME_UNMATCHED,OBSERVER_ENVIRONMENT_TIMELINE_ONLY_NO_PHYSICS_PROMOTION,False,False,False,False
2026-09-14 17:40:21.746064+08:00,2026-09-14 18:00:21.746064+08:00,-20,5,PRE_EVENT,PRE_CORE_EVENT_DIAGNOSTIC,OPENMETEO_ROUTE_LINEAR_INTERPOLATION_EXISTING_CONTRACT,+5.0_0080,5.0,80.0,EXTENDED_GT40_100KM,37.39977964,0.0,0.0,14665.52466,87.34541448,0.0,,1200.0,NO_NATIVE_SAMPLE_WITHIN_TIME_TOLERANCE,,,,,,,,NATIVE_TIME_SAMPLE_UNAVAILABLE_FOR_TIMELINE,COARSE_LOW_CLOUD_NATIVE_TIME_UNMATCHED,OBSERVER_ENVIRONMENT_TIMELINE_ONLY_NO_PHYSICS_PROMOTION,False,False,False,False
2026-09-14 17:40:21.746064+08:00,2026-09-14 18:00:21.746064+08:00,-20,5,PRE_EVENT,PRE_CORE_EVENT_DIAGNOSTIC,OPENMETEO_ROUTE_LINEAR_INTERPOLATION_EXISTING_CONTRACT,+5.0_0090,5.0,90.0,EXTENDED_GT40_100KM,41.10873032,0.0,0.0,13733.4761808,87.34541448,0.0,,1200.0,NO_NATIVE_SAMPLE_WITHIN_TIME_TOLERANCE,,,,,,,,NATIVE_TIME_SAMPLE_UNAVAILABLE_FOR_TIMELINE,COARSE_LOW_CLOUD_NATIVE_TIME_UNMATCHED,OBSERVER_ENVIRONMENT_TIMELINE_ONLY_NO_PHYSICS_PROMOTION,False,False,False,False
2026-09-14 17:40:21.746064+08:00,2026-09-14 18:00:21.746064+08:00,-20,5,PRE_EVENT,PRE_CORE_EVENT_DIAGNOSTIC,OPENMETEO_ROUTE_LINEAR_INTERPOLATION_EXISTING_CONTRACT,+5.0_0100,5.0,100.0,EXTENDED_GT40_100KM,35.61834208,0.0,0.0,14373.1578184,87.01812172,0.0,,1200.0,NO_NATIVE_SAMPLE_WITHIN_TIME_TOLERANCE,,,,,,,,NATIVE_TIME_SAMPLE_UNAVAILABLE_FOR_TIMELINE,COARSE_LOW_CLOUD_NATIVE_TIME_UNMATCHED,OBSERVER_ENVIRONMENT_TIMELINE_ONLY_NO_PHYSICS_PROMOTION,False,False,False,False
2026-09-14 17:45:21.746064+08:00,2026-09-14 18:00:21.746064+08:00,-15,5,PRE_EVENT,PRE_CORE_EVENT_DIAGNOSTIC,OPENMETEO_ROUTE_LINEAR_INTERPOLATION_EXISTING_CONTRACT,-5.0_0000,-5.0,0.0,NEAR_OBSERVER_0_10KM,2.0,1.7560405733333333,0.0,16375.027351733333,86.51208114666667,0.0,,900.0,NO_NATIVE_SAMPLE_WITHIN_TIME_TOLERANCE,,,,,,,,NATIVE_TIME_SAMPLE_UNAVAILABLE_FOR_TIMELINE,COARSE_LOW_CLOUD_NATIVE_TIME_UNMATCHED,OBSERVER_ENVIRONMENT_TIMELINE_ONLY_NO_PHYSICS_PROMOTION,False,False,False,False
2026-09-14 17:45:21.746064+08:00,2026-09-14 18:00:21.746064+08:00,-15,5,PRE_EVENT,PRE_CORE_EVENT_DIAGNOSTIC,OPENMETEO_ROUTE_LINEAR_INTERPOLATION_EXISTING_CONTRACT,+0.0_0000,0.0,0.0,NEAR_OBSERVER_0_10KM,2.0,1.7560405733333333,0.0,16375.027351733333,86.51208114666667,0.0,,900.0,NO_NATIVE_SAMPLE_WITHIN_TIME_TOLERANCE,,,,,,,,NATIVE_TIME_SAMPLE_UNAVAILABLE_FOR_TIMELINE,COARSE_LOW_CLOUD_NATIVE_TIME_UNMATCHED,OBSERVER_ENVIRONMENT_TIMELINE_ONLY_NO_PHYSICS_PROMOTION,False,False,False,False
2026-09-14 17:45:21.746064+08:00,2026-09-14 18:00:21.746064+08:00,-15,5,PRE_EVENT,PRE_CORE_EVENT_DIAGNOSTIC,OPENMETEO_ROUTE_LINEAR_INTERPOLATION_EXISTING_CONTRACT,+5.0_0000,5.0,0.0,NEAR_OBSERVER_0_10KM,2.0,1.7560405733333333,0.0,16375.027351733333,86.51208114666667,0.0,,900.0,NO_NATIVE_SAMPLE_WITHIN_TIME_TOLERANCE,,,,,,,,NATIVE_TIME_SAMPLE_UNAVAILABLE_FOR_TIMELINE,COARSE_LOW_CLOUD_NATIVE_TIME_UNMATCHED,OBSERVER_ENVIRONMENT_TIMELINE_ONLY_NO_PHYSICS_PROMOTION,False,False,False,False
2026-09-14 17:45:21.746064+08:00,2026-09-14 18:00:21.746064+08:00,-15,5,PRE_EVENT,PRE_CORE_EVENT_DIAGNOSTIC,OPENMETEO_ROUTE_LINEAR_INTERPOLATION_EXISTING_CONTRACT,-5.0_0005,-5.0,5.0,NEAR_OBSERVER_0_10KM,2.0,1.7560405733333333,0.0,16375.027351733333,86.51208114666667,0.0,,900.0,NO_NATIVE_SAMPLE_WITHIN_TIME_TOLERANCE,,,,,,,,NATIVE_TIME_SAMPLE_UNAVAILABLE_FOR_TIMELINE,COARSE_LOW_CLOUD_NATIVE_TIME_UNMATCHED,OBSERVER_ENVIRONMENT_TIMELINE_ONLY_NO_PHYSICS_PROMOTION,False,False,False,False
2026-09-14 17:45:21.746064+08:00,2026-09-14 18:00:21.746064+08:00,-15,5,PRE_EVENT,PRE_CORE_EVENT_DIAGNOSTIC,OPENMETEO_ROUTE_LINEAR_INTERPOLATION_EXISTING_CONTRACT,-5.0_0010,-5.0,10.0,NEAR_OBSERVER_0_10KM,1.0,1.7560405733333333,0.0,18593.0476384,84.26812172,0.0,,900.0,NO_NATIVE_SAMPLE_WITHIN_TIME_TOLERANCE,,,,,,,,NATIVE_TIME_SAMPLE_UNAVAILABLE_FOR_TIMELINE,COARSE_LOW_CLOUD_NATIVE_TIME_UNMATCHED,OBSERVER_ENVIRONMENT_TIMELINE_ONLY_NO_PHYSICS_PROMOTION,False,False,False,False
2026-09-14 17:45:21.746064+08:00,2026-09-14 18:00:21.746064+08:00,-15,5,PRE_EVENT,PRE_CORE_EVENT_DIAGNOSTIC,OPENMETEO_ROUTE_LINEAR_INTERPOLATION_EXISTING_CONTRACT,-5.0_0015,-5.0,15.0,PRIMARY_GT10_40KM,1.0,1.7560405733333333,0.0,18593.0476384,84.26812172,0.0,,900.0,NO_NATIVE_SAMPLE_WITHIN_TIME_TOLERANCE,,,,,,,,NATIVE_TIME_SAMPLE_UNAVAILABLE_FOR_TIMELINE,COARSE_LOW_CLOUD_NATIVE_TIME_UNMATCHED,OBSERVER_ENVIRONMENT_TIMELINE_ONLY_NO_PHYSICS_PROMOTION,False,False,False,False
2026-09-14 17:45:21.746064+08:00,2026-09-14 18:00:21.746064+08:00,-15,5,PRE_EVENT,PRE_CORE_EVENT_DIAGNOSTIC,OPENMETEO_ROUTE_LINEAR_INTERPOLATION_EXISTING_CONTRACT,-5.0_0020,-5.0,20.0,PRIMARY_GT10_40KM,1.7560405733333333,0.4879188533333334,0.0,16255.120811466666,90.24395942666666,0.0,,900.0,NO_NATIVE_SAMPLE_WITHIN_TIME_TOLERANCE,,,,,,,,NATIVE_TIME_SAMPLE_UNAVAILABLE_FOR_TIMELINE,COARSE_LOW_CLOUD_NATIVE_TIME_UNMATCHED,OBSERVER_ENVIRONMENT_TIMELINE_ONLY_NO_PHYSICS_PROMOTION,False,False,False,False
2026-09-14 17:45:21.746064+08:00,2026-09-14 18:00:21.746064+08:00,-15,5,PRE_EVENT,PRE_CORE_EVENT_DIAGNOSTIC,OPENMETEO_ROUTE_LINEAR_INTERPOLATION_EXISTING_CONTRACT,-5.0_0025,-5.0,25.0,PRIMARY_GT10_40KM,4.756040573333333,1.2439594266666667,0.0,16109.758377066666,88.24395942666666,0.0,,900.0,NO_NATIVE_SAMPLE_WITHIN_TIME_TOLERANCE,,,,,,,,NATIVE_TIME_SAMPLE_UNAVAILABLE_FOR_TIMELINE,COARSE_LOW_CLOUD_NATIVE_TIME_UNMATCHED,OBSERVER_ENVIRONMENT_TIMELINE_ONLY_NO_PHYSICS_PROMOTION,False,False,False,False
2026-09-14 17:45:21.746064+08:00,2026-09-14 18:00:21.746064+08:00,-15,5,PRE_EVENT,PRE_CORE_EVENT_DIAGNOSTIC,OPENMETEO_ROUTE_LINEAR_INTERPOLATION_EXISTING_CONTRACT,-5.0_0030,-5.0,30.0,PRIMARY_GT10_40KM,4.756040573333333,1.2439594266666667,0.0,16109.758377066666,88.24395942666666,0.0,,900.0,NO_NATIVE_SAMPLE_WITHIN_TIME_TOLERANCE,,,,,,,,NATIVE_TIME_SAMPLE_UNAVAILABLE_FOR_TIMELINE,COARSE_LOW_CLOUD_NATIVE_TIME_UNMATCHED,OBSERVER_ENVIRONMENT_TIMELINE_ONLY_NO_PHYSICS_PROMOTION,False,False,False,False
2026-09-14 17:45:21.746064+08:00,2026-09-14 18:00:21.746064+08:00,-15,5,PRE_EVENT,PRE_CORE_EVENT_DIAGNOSTIC,OPENMETEO_ROUTE_LINEAR_INTERPOLATION_EXISTING_CONTRACT,-5.0_0035,-5.0,35.0,PRIMARY_GT10_40KM,8.80436516,1.0,0.0,15820.966491733334,87.75604057333334,0.0,,900.0,NO_NATIVE_SAMPLE_WITHIN_TIME_TOLERANCE,,,,,,,,NATIVE_TIME_SAMPLE_UNAVAILABLE_FOR_TIMELINE,COARSE_LOW_CLOUD_NATIVE_TIME_UNMATCHED,OBSERVER_ENVIRONMENT_TIMELINE_ONLY_NO_PHYSICS_PROMOTION,False,False,False,False
2026-09-14 17:45:21.746064+08:00,2026-09-14 18:00:21.746064+08:00,-15,5,PRE_EVENT,PRE_CORE_EVENT_DIAGNOSTIC,OPENMETEO_ROUTE_LINEAR_INTERPOLATION_EXISTING_CONTRACT,-5.0_0040,-5.0,40.0,PRIMARY_GT10_40KM,8.80436516,1.0,0.0,15820.966491733334,87.75604057333334,0.0,,900.0,NO_NATIVE_SAMPLE_WITHIN_TIME_TOLERANCE,,,,,,,,NATIVE_TIME_SAMPLE_UNAVAILABLE_FOR_TIMELINE,COARSE_LOW_CLOUD_NATIVE_TIME_UNMATCHED,OBSERVER_ENVIRONMENT_TIMELINE_ONLY_NO_PHYSICS_PROMOTION,False,False,False,False
2026-09-14 17:45:21.746064+08:00,2026-09-14 18:00:21.746064+08:00,-15,5,PRE_EVENT,PRE_CORE_EVENT_DIAGNOSTIC,OPENMETEO_ROUTE_LINEAR_INTERPOLATION_EXISTING_CONTRACT,-5.0_0050,-5.0,50.0,EXTENDED_GT40_100KM,9.512081146666667,1.0,0.0,15178.067016533334,88.75604057333334,0.0,,900.0,NO_NATIVE_SAMPLE_WITHIN_TIME_TOLERANCE,,,,,,,,NATIVE_TIME_SAMPLE_UNAVAILABLE_FOR_TIMELINE,COARSE_LOW_CLOUD_NATIVE_TIME_UNMATCHED,OBSERVER_ENVIRONMENT_TIMELINE_ONLY_NO_PHYSICS_PROMOTION,False,False,False,False
2026-09-14 17:45:21.746064+08:00,2026-09-14 18:00:21.746064+08:00,-15,5,PRE_EVENT,PRE_CORE_EVENT_DIAGNOSTIC,OPENMETEO_ROUTE_LINEAR_INTERPOLATION_EXISTING_CONTRACT,-5.0_0060,-5.0,60.0,EXTENDED_GT40_100KM,13.975837706666667,0.2439594266666667,0.0,14806.375656,88.75604057333334,0.0,,900.0,NO_NATIVE_SAMPLE_WITHIN_TIME_TOLERANCE,,,,,,,,NATIVE_TIME_SAMPLE_UNAVAILABLE_FOR_TIMELINE,COARSE_LOW_CLOUD_NATIVE_TIME_UNMATCHED,OBSERVER_ENVIRONMENT_TIMELINE_ONLY_NO_PHYSICS_PROMOTION,False,False,False,False
2026-09-14 17:45:21.746064+08:00,2026-09-14 18:00:21.746064+08:00,-15,5,PRE_EVENT,PRE_CORE_EVENT_DIAGNOSTIC,OPENMETEO_ROUTE_LINEAR_INTERPOLATION_EXISTING_CONTRACT,-5.0_0070,-5.0,70.0,EXTENDED_GT40_100KM,21.292284013333333,0.2439594266666667,0.0,14496.617278933334,87.75604057333334,0.0,,900.0,NO_NATIVE_SAMPLE_WITHIN_TIME_TOLERANCE,,,,,,,,NATIVE_TIME_SAMPLE_UNAVAILABLE_FOR_TIMELINE,COARSE_LOW_CLOUD_NATIVE_TIME_UNMATCHED,OBSERVER_ENVIRONMENT_TIMELINE_ONLY_NO_PHYSICS_PROMOTION,False,False,False,False
2026-09-14 17:45:21.746064+08:00,2026-09-14 18:00:21.746064+08:00,-15,5,PRE_EVENT,PRE_CORE_EVENT_DIAGNOSTIC,OPENMETEO_ROUTE_LINEAR_INTERPOLATION_EXISTING_CONTRACT,-5.0_0080,-5.0,80.0,EXTENDED_GT40_100KM,33.63522910666667,0.2439594266666667,0.0,14819.220427733333,87.26812172,0.0,,900.0,NO_NATIVE_SAMPLE_WITHIN_TIME_TOLERANCE,,,,,,,,NATIVE_TIME_SAMPLE_UNAVAILABLE_FOR_TIMELINE,COARSE_LOW_CLOUD_NATIVE_TIME_UNMATCHED,OBSERVER_ENVIRONMENT_TIMELINE_ONLY_NO_PHYSICS_PROMOTION,False,False,False,False
2026-09-14 17:45:21.746064+08:00,2026-09-14 18:00:21.746064+08:00,-15,5,PRE_EVENT,PRE_CORE_EVENT_DIAGNOSTIC,OPENMETEO_ROUTE_LINEAR_INTERPOLATION_EXISTING_CONTRACT,-5.0_0090,-5.0,90.0,EXTENDED_GT40_100KM,32.53857993333334,0.2439594266666667,0.0,14917.240714399999,86.75604057333334,0.0,,900.0,NO_NATIVE_SAMPLE_WITHIN_TIME_TOLERANCE,,,,,,,,NATIVE_TIME_SAMPLE_UNAVAILABLE_FOR_TIMELINE,COARSE_LOW_CLOUD_NATIVE_TIME_UNMATCHED,OBSERVER_ENVIRONMENT_TIMELINE_ONLY_NO_PHYSICS_PROMOTION,False,False,False,False
2026-09-14 17:45:21.746064+08:00,2026-09-14 18:00:21.746064+08:00,-15,5,PRE_EVENT,PRE_CORE_EVENT_DIAGNOSTIC,OPENMETEO_ROUTE_LINEAR_INTERPOLATION_EXISTING_CONTRACT,-5.0_0100,-5.0,100.0,EXTENDED_GT40_100KM,33.97583770666667,0.2439594266666667,0.0,14119.220427733333,85.75604057333334,0.0,,900.0,NO_NATIVE_SAMPLE_WITHIN_TIME_TOLERANCE,,,,,,,,NATIVE_TIME_SAMPLE_UNAVAILABLE_FOR_TIMELINE,COARSE_LOW_CLOUD_NATIVE_TIME_UNMATCHED,OBSERVER_ENVIRONMENT_TIMELINE_ONLY_NO_PHYSICS_PROMOTION,False,False,False,False
2026-09-14 17:45:21.746064+08:00,2026-09-14 18:00:21.746064+08:00,-15,5,PRE_EVENT,PRE_CORE_EVENT_DIAGNOSTIC,OPENMETEO_ROUTE_LINEAR_INTERPOLATION_EXISTING_CONTRACT,+0.0_0005,0.0,5.0,NEAR_OBSERVER_0_10KM,2.0,1.7560405733333333,0.0,16375.027351733333,86.51208114666667,0.0,,900.0,NO_NATIVE_SAMPLE_WITHIN_TIME_TOLERANCE,,,,,,,,NATIVE_TIME_SAMPLE_UNAVAILABLE_FOR_TIMELINE,COARSE_LOW_CLOUD_NATIVE_TIME_UNMATCHED,OBSERVER_ENVIRONMENT_TIMELINE_ONLY_NO_PHYSICS_PROMOTION,False,False,False,False
2026-09-14 17:45:21.746064+08:00,2026-09-14 18:00:21.746064+08:00,-15,5,PRE_EVENT,PRE_CORE_EVENT_DIAGNOSTIC,OPENMETEO_ROUTE_LINEAR_INTERPOLATION_EXISTING_CONTRACT,+0.0_0010,0.0,10.0,NEAR_OBSERVER_0_10KM,1.0,1.7560405733333333,0.0,18593.0476384,84.26812172,0.0,,900.0,NO_NATIVE_SAMPLE_WITHIN_TIME_TOLERANCE,,,,,,,,NATIVE_TIME_SAMPLE_UNAVAILABLE_FOR_TIMELINE,COARSE_LOW_CLOUD_NATIVE_TIME_UNMATCHED,OBSERVER_ENVIRONMENT_TIMELINE_ONLY_NO_PHYSICS_PROMOTION,False,False,False,False
2026-09-14 17:45:21.746064+08:00,2026-09-14 18:00:21.746064+08:00,-15,5,PRE_EVENT,PRE_CORE_EVENT_DIAGNOSTIC,OPENMETEO_ROUTE_LINEAR_INTERPOLATION_EXISTING_CONTRACT,+0.0_0015,0.0,15.0,PRIMARY_GT10_40KM,2.0,0.2439594266666667,0.0,16244.879188533334,89.24395942666666,0.0,,900.0,NO_NATIVE_SAMPLE_WITHIN_TIME_TOLERANCE,,,,,,,,NATIVE_TIME_SAMPLE_UNAVAILABLE_FOR_TIMELINE,COARSE_LOW_CLOUD_NATIVE_TIME_UNMATCHED,OBSERVER_ENVIRONMENT_TIMELINE_ONLY_NO_PHYSICS_PROMOTION,False,False,False,False
2026-09-14 17:45:21.746064+08:00,2026-09-14 18:00:21.746064+08:00,-15,5,PRE_EVENT,PRE_CORE_EVENT_DIAGNOSTIC,OPENMETEO_ROUTE_LINEAR_INTERPOLATION_EXISTING_CONTRACT,+0.0_0020,0.0,20.0,PRIMARY_GT10_40KM,4.243959426666667,1.0,0.0,16039.516754133334,87.24395942666666,0.0,,900.0,NO_NATIVE_SAMPLE_WITHIN_TIME_TOLERANCE,,,,,,,,NATIVE_TIME_SAMPLE_UNAVAILABLE_FOR_TIMELINE,COARSE_LOW_CLOUD_NATIVE_TIME_UNMATCHED,OBSERVER_ENVIRONMENT_TIMELINE_ONLY_NO_PHYSICS_PROMOTION,False,False,False,False
2026-09-14 17:45:21.746064+08:00,2026-09-14 18:00:21.746064+08:00,-15,5,PRE_EVENT,PRE_CORE_EVENT_DIAGNOSTIC,OPENMETEO_ROUTE_LINEAR_INTERPOLATION_EXISTING_CONTRACT,+0.0_0025,0.0,25.0,PRIMARY_GT10_40KM,4.243959426666667,1.0,0.0,16039.516754133334,87.24395942666666,0.0,,900.0,NO_NATIVE_SAMPLE_WITHIN_TIME_TOLERANCE,,,,,,,,NATIVE_TIME_SAMPLE_UNAVAILABLE_FOR_TIMELINE,COARSE_LOW_CLOUD_NATIVE_TIME_UNMATCHED,OBSERVER_ENVIRONMENT_TIMELINE_ONLY_NO_PHYSICS_PROMOTION,False,False,False,False
2026-09-14 17:45:21.746064+08:00,2026-09-14 18:00:21.746064+08:00,-15,5,PRE_EVENT,PRE_CORE_EVENT_DIAGNOSTIC,OPENMETEO_ROUTE_LINEAR_INTERPOLATION_EXISTING_CONTRACT,+0.0_0030,0.0,30.0,PRIMARY_GT10_40KM,5.0,1.0,0.0,16002.416229333334,88.0,0.0,,900.0,NO_NATIVE_SAMPLE_WITHIN_TIME_TOLERANCE,,,,,,,,NATIVE_TIME_SAMPLE_UNAVAILABLE_FOR_TIMELINE,COARSE_LOW_CLOUD_NATIVE_TIME_UNMATCHED,OBSERVER_ENVIRONMENT_TIMELINE_ONLY_NO_PHYSICS_PROMOTION,False,False,False,False
2026-09-14 17:45:21.746064+08:00,2026-09-14 18:00:21.746064+08:00,-15,5,PRE_EVENT,PRE_CORE_EVENT_DIAGNOSTIC,OPENMETEO_ROUTE_LINEAR_INTERPOLATION_EXISTING_CONTRACT,+0.0_0035,0.0,35.0,PRIMARY_GT10_40KM,5.0,1.0,0.0,16002.416229333334,88.0,0.0,,900.0,NO_NATIVE_SAMPLE_WITHIN_TIME_TOLERANCE,,,,,,,,NATIVE_TIME_SAMPLE_UNAVAILABLE_FOR_TIMELINE,COARSE_LOW_CLOUD_NATIVE_TIME_UNMATCHED,OBSERVER_ENVIRONMENT_TIMELINE_ONLY_NO_PHYSICS_PROMOTION,False,False,False,False
2026-09-14 17:45:21.746064+08:00,2026-09-14 18:00:21.746064+08:00,-15,5,PRE_EVENT,PRE_CORE_EVENT_DIAGNOSTIC,OPENMETEO_ROUTE_LINEAR_INTERPOLATION_EXISTING_CONTRACT,+0.0_0040,0.0,40.0,PRIMARY_GT10_40KM,4.26812172,1.0,0.0,15026.375656,88.0,0.0,,900.0,NO_NATIVE_SAMPLE_WITHIN_TIME_TOLERANCE,,,,,,,,NATIVE_TIME_SAMPLE_UNAVAILABLE_FOR_TIMELINE,COARSE_LOW_CLOUD_NATIVE_TIME_UNMATCHED,OBSERVER_ENVIRONMENT_TIMELINE_ONLY_NO_PHYSICS_PROMOTION,False,False,False,False
2026-09-14 17:45:21.746064+08:00,2026-09-14 18:00:21.746064+08:00,-15,5,PRE_EVENT,PRE_CORE_EVENT_DIAGNOSTIC,OPENMETEO_ROUTE_LINEAR_INTERPOLATION_EXISTING_CONTRACT,+0.0_0050,0.0,50.0,EXTENDED_GT40_100KM,24.316446306666666,1.0,0.0,14301.059951466666,88.0,0.0,,900.0,NO_NATIVE_SAMPLE_WITHIN_TIME_TOLERANCE,,,,,,,,NATIVE_TIME_SAMPLE_UNAVAILABLE_FOR_TIMELINE,COARSE_LOW_CLOUD_NATIVE_TIME_UNMATCHED,OBSERVER_ENVIRONMENT_TIMELINE_ONLY_NO_PHYSICS_PROMOTION,False,False,False,False
2026-09-14 17:45:21.746064+08:00,2026-09-14 18:00:21.746064+08:00,-15,5,PRE_EVENT,PRE_CORE_EVENT_DIAGNOSTIC,OPENMETEO_ROUTE_LINEAR_INTERPOLATION_EXISTING_CONTRACT,+0.0_0060,0.0,60.0,EXTENDED_GT40_100KM,28.219797133333334,0.2439594266666667,0.0,13935.2142712,87.51208114666667,0.0,,900.0,NO_NATIVE_SAMPLE_WITHIN_TIME_TOLERANCE,,,,,,,,NATIVE_TIME_SAMPLE_UNAVAILABLE_FOR_TIMELINE,COARSE_LOW_CLOUD_NATIVE_TIME_UNMATCHED,OBSERVER_ENVIRONMENT_TIMELINE_ONLY_NO_PHYSICS_PROMOTION,False,False,False,False
2026-09-14 17:45:21.746064+08:00,2026-09-14 18:00:21.746064+08:00,-15,5,PRE_EVENT,PRE_CORE_EVENT_DIAGNOSTIC,OPENMETEO_ROUTE_LINEAR_INTERPOLATION_EXISTING_CONTRACT,+0.0_0070,0.0,70.0,EXTENDED_GT40_100KM,30.6812172,0.2439594266666667,0.0,14495.790976799999,87.51208114666667,0.0,,900.0,NO_NATIVE_SAMPLE_WITHIN_TIME_TOLERANCE,,,,,,,,NATIVE_TIME_SAMPLE_UNAVAILABLE_FOR_TIMELINE,COARSE_LOW_CLOUD_NATIVE_TIME_UNMATCHED,OBSERVER_ENVIRONMENT_TIMELINE_ONLY_NO_PHYSICS_PROMOTION,False,False,False,False
2026-09-14 17:45:21.746064+08:00,2026-09-14 18:00:21.746064+08:00,-15,5,PRE_EVENT,PRE_CORE_EVENT_DIAGNOSTIC,OPENMETEO_ROUTE_LINEAR_INTERPOLATION_EXISTING_CONTRACT,+0.0_0080,0.0,80.0,EXTENDED_GT40_100KM,33.63522910666667,0.2439594266666667,0.0,14819.220427733333,87.26812172,0.0,,900.0,NO_NATIVE_SAMPLE_WITHIN_TIME_TOLERANCE,,,,,,,,NATIVE_TIME_SAMPLE_UNAVAILABLE_FOR_TIMELINE,COARSE_LOW_CLOUD_NATIVE_TIME_UNMATCHED,OBSERVER_ENVIRONMENT_TIMELINE_ONLY_NO_PHYSICS_PROMOTION,False,False,False,False
2026-09-14 17:45:21.746064+08:00,2026-09-14 18:00:21.746064+08:00,-15,5,PRE_EVENT,PRE_CORE_EVENT_DIAGNOSTIC,OPENMETEO_ROUTE_LINEAR_INTERPOLATION_EXISTING_CONTRACT,+0.0_0090,0.0,90.0,EXTENDED_GT40_100KM,32.53857993333334,0.0,0.0,14745.066107999999,87.51208114666667,0.0,,900.0,NO_NATIVE_SAMPLE_WITHIN_TIME_TOLERANCE,,,,,,,,NATIVE_TIME_SAMPLE_UNAVAILABLE_FOR_TIMELINE,COARSE_LOW_CLOUD_NATIVE_TIME_UNMATCHED,OBSERVER_ENVIRONMENT_TIMELINE_ONLY_NO_PHYSICS_PROMOTION,False,False,False,False
2026-09-14 17:45:21.746064+08:00,2026-09-14 18:00:21.746064+08:00,-15,5,PRE_EVENT,PRE_CORE_EVENT_DIAGNOSTIC,OPENMETEO_ROUTE_LINEAR_INTERPOLATION_EXISTING_CONTRACT,+0.0_0100,0.0,100.0,EXTENDED_GT40_100KM,24.78253936,0.0,0.0,14641.1534112,86.51208114666667,0.0,,900.0,NO_NATIVE_SAMPLE_WITHIN_TIME_TOLERANCE,,,,,,,,NATIVE_TIME_SAMPLE_UNAVAILABLE_FOR_TIMELINE,COARSE_LOW_CLOUD_NATIVE_TIME_UNMATCHED,OBSERVER_ENVIRONMENT_TIMELINE_ONLY_NO_PHYSICS_PROMOTION,False,False,False,False
2026-09-14 17:45:21.746064+08:00,2026-09-14 18:00:21.746064+08:00,-15,5,PRE_EVENT,PRE_CORE_EVENT_DIAGNOSTIC,OPENMETEO_ROUTE_LINEAR_INTERPOLATION_EXISTING_CONTRACT,+5.0_0005,5.0,5.0,NEAR_OBSERVER_0_10KM,2.0,1.7560405733333333,0.0,16375.027351733333,86.51208114666667,0.0,,900.0,NO_NATIVE_SAMPLE_WITHIN_TIME_TOLERANCE,,,,,,,,NATIVE_TIME_SAMPLE_UNAVAILABLE_FOR_TIMELINE,COARSE_LOW_CLOUD_NATIVE_TIME_UNMATCHED,OBSERVER_ENVIRONMENT_TIMELINE_ONLY_NO_PHYSICS_PROMOTION,False,False,False,False
2026-09-14 17:45:21.746064+08:00,2026-09-14 18:00:21.746064+08:00,-15,5,PRE_EVENT,PRE_CORE_EVENT_DIAGNOSTIC,OPENMETEO_ROUTE_LINEAR_INTERPOLATION_EXISTING_CONTRACT,+5.0_0010,5.0,10.0,NEAR_OBSERVER_0_10KM,2.0,1.7560405733333333,0.0,16375.027351733333,86.51208114666667,0.0,,900.0,NO_NATIVE_SAMPLE_WITHIN_TIME_TOLERANCE,,,,,,,,NATIVE_TIME_SAMPLE_UNAVAILABLE_FOR_TIMELINE,COARSE_LOW_CLOUD_NATIVE_TIME_UNMATCHED,OBSERVER_ENVIRONMENT_TIMELINE_ONLY_NO_PHYSICS_PROMOTION,False,False,False,False
2026-09-14 17:45:21.746064+08:00,2026-09-14 18:00:21.746064+08:00,-15,5,PRE_EVENT,PRE_CORE_EVENT_DIAGNOSTIC,OPENMETEO_ROUTE_LINEAR_INTERPOLATION_EXISTING_CONTRACT,+5.0_0015,5.0,15.0,PRIMARY_GT10_40KM,2.0,0.2439594266666667,0.0,16244.879188533334,89.24395942666666,0.0,,900.0,NO_NATIVE_SAMPLE_WITHIN_TIME_TOLERANCE,,,,,,,,NATIVE_TIME_SAMPLE_UNAVAILABLE_FOR_TIMELINE,COARSE_LOW_CLOUD_NATIVE_TIME_UNMATCHED,OBSERVER_ENVIRONMENT_TIMELINE_ONLY_NO_PHYSICS_PROMOTION,False,False,False,False
2026-09-14 17:45:21.746064+08:00,2026-09-14 18:00:21.746064+08:00,-15,5,PRE_EVENT,PRE_CORE_EVENT_DIAGNOSTIC,OPENMETEO_ROUTE_LINEAR_INTERPOLATION_EXISTING_CONTRACT,+5.0_0020,5.0,20.0,PRIMARY_GT10_40KM,4.243959426666667,1.0,0.0,16039.516754133334,87.24395942666666,0.0,,900.0,NO_NATIVE_SAMPLE_WITHIN_TIME_TOLERANCE,,,,,,,,NATIVE_TIME_SAMPLE_UNAVAILABLE_FOR_TIMELINE,COARSE_LOW_CLOUD_NATIVE_TIME_UNMATCHED,OBSERVER_ENVIRONMENT_TIMELINE_ONLY_NO_PHYSICS_PROMOTION,False,False,False,False
2026-09-14 17:45:21.746064+08:00,2026-09-14 18:00:21.746064+08:00,-15,5,PRE_EVENT,PRE_CORE_EVENT_DIAGNOSTIC,OPENMETEO_ROUTE_LINEAR_INTERPOLATION_EXISTING_CONTRACT,+5.0_0025,5.0,25.0,PRIMARY_GT10_40KM,4.243959426666667,1.0,0.0,16039.516754133334,87.24395942666666,0.0,,900.0,NO_NATIVE_SAMPLE_WITHIN_TIME_TOLERANCE,,,,,,,,NATIVE_TIME_SAMPLE_UNAVAILABLE_FOR_TIMELINE,COARSE_LOW_CLOUD_NATIVE_TIME_UNMATCHED,OBSERVER_ENVIRONMENT_TIMELINE_ONLY_NO_PHYSICS_PROMOTION,False,False,False,False
2026-09-14 17:45:21.746064+08:00,2026-09-14 18:00:21.746064+08:00,-15,5,PRE_EVENT,PRE_CORE_EVENT_DIAGNOSTIC,OPENMETEO_ROUTE_LINEAR_INTERPOLATION_EXISTING_CONTRACT,+5.0_0030,5.0,30.0,PRIMARY_GT10_40KM,5.0,1.0,0.0,16002.416229333334,88.0,0.0,,900.0,NO_NATIVE_SAMPLE_WITHIN_TIME_TOLERANCE,,,,,,,,NATIVE_TIME_SAMPLE_UNAVAILABLE_FOR_TIMELINE,COARSE_LOW_CLOUD_NATIVE_TIME_UNMATCHED,OBSERVER_ENVIRONMENT_TIMELINE_ONLY_NO_PHYSICS_PROMOTION,False,False,False,False
2026-09-14 17:45:21.746064+08:00,2026-09-14 18:00:21.746064+08:00,-15,5,PRE_EVENT,PRE_CORE_EVENT_DIAGNOSTIC,OPENMETEO_ROUTE_LINEAR_INTERPOLATION_EXISTING_CONTRACT,+5.0_0035,5.0,35.0,PRIMARY_GT10_40KM,5.0,1.0,0.0,16002.416229333334,88.0,0.0,,900.0,NO_NATIVE_SAMPLE_WITHIN_TIME_TOLERANCE,,,,,,,,NATIVE_TIME_SAMPLE_UNAVAILABLE_FOR_TIMELINE,COARSE_LOW_CLOUD_NATIVE_TIME_UNMATCHED,OBSERVER_ENVIRONMENT_TIMELINE_ONLY_NO_PHYSICS_PROMOTION,False,False,False,False
2026-09-14 17:45:21.746064+08:00,2026-09-14 18:00:21.746064+08:00,-15,5,PRE_EVENT,PRE_CORE_EVENT_DIAGNOSTIC,OPENMETEO_ROUTE_LINEAR_INTERPOLATION_EXISTING_CONTRACT,+5.0_0040,5.0,40.0,PRIMARY_GT10_40KM,4.26812172,1.0,0.0,15026.375656,88.0,0.0,,900.0,NO_NATIVE_SAMPLE_WITHIN_TIME_TOLERANCE,,,,,,,,NATIVE_TIME_SAMPLE_UNAVAILABLE_FOR_TIMELINE,COARSE_LOW_CLOUD_NATIVE_TIME_UNMATCHED,OBSERVER_ENVIRONMENT_TIMELINE_ONLY_NO_PHYSICS_PROMOTION,False,False,False,False
2026-09-14 17:45:21.746064+08:00,2026-09-14 18:00:21.746064+08:00,-15,5,PRE_EVENT,PRE_CORE_EVENT_DIAGNOSTIC,OPENMETEO_ROUTE_LINEAR_INTERPOLATION_EXISTING_CONTRACT,+5.0_0050,5.0,50.0,EXTENDED_GT40_100KM,24.87685204,0.7560405733333333,0.0,13493.3280176,87.24395942666666,0.0,,900.0,NO_NATIVE_SAMPLE_WITHIN_TIME_TOLERANCE,,,,,,,,NATIVE_TIME_SAMPLE_UNAVAILABLE_FOR_TIMELINE,COARSE_LOW_CLOUD_NATIVE_TIME_UNMATCHED,OBSERVER_ENVIRONMENT_TIMELINE_ONLY_NO_PHYSICS_PROMOTION,False,False,False,False
2026-09-14 17:45:21.746064+08:00,2026-09-14 18:00:21.746064+08:00,-15,5,PRE_EVENT,PRE_CORE_EVENT_DIAGNOSTIC,OPENMETEO_ROUTE_LINEAR_INTERPOLATION_EXISTING_CONTRACT,+5.0_0060,5.0,60.0,EXTENDED_GT40_100KM,40.657054906666666,0.7560405733333333,0.0,13093.3280176,86.75604057333334,0.0,,900.0,NO_NATIVE_SAMPLE_WITHIN_TIME_TOLERANCE,,,,,,,,NATIVE_TIME_SAMPLE_UNAVAILABLE_FOR_TIMELINE,COARSE_LOW_CLOUD_NATIVE_TIME_UNMATCHED,OBSERVER_ENVIRONMENT_TIMELINE_ONLY_NO_PHYSICS_PROMOTION,False,False,False,False
2026-09-14 17:45:21.746064+08:00,2026-09-14 18:00:21.746064+08:00,-15,5,PRE_EVENT,PRE_CORE_EVENT_DIAGNOSTIC,OPENMETEO_ROUTE_LINEAR_INTERPOLATION_EXISTING_CONTRACT,+5.0_0070,5.0,70.0,EXTENDED_GT40_100KM,49.94933892,0.7560405733333333,0.0,13568.4020992,87.75604057333334,0.0,,900.0,NO_NATIVE_SAMPLE_WITHIN_TIME_TOLERANCE,,,,,,,,NATIVE_TIME_SAMPLE_UNAVAILABLE_FOR_TIMELINE,COARSE_LOW_CLOUD_NATIVE_TIME_UNMATCHED,OBSERVER_ENVIRONMENT_TIMELINE_ONLY_NO_PHYSICS_PROMOTION,False,False,False,False
2026-09-14 17:45:21.746064+08:00,2026-09-14 18:00:21.746064+08:00,-15,5,PRE_EVENT,PRE_CORE_EVENT_DIAGNOSTIC,OPENMETEO_ROUTE_LINEAR_INTERPOLATION_EXISTING_CONTRACT,+5.0_0080,5.0,80.0,EXTENDED_GT40_100KM,38.31644630666666,0.0,0.0,14373.857993333333,87.51208114666667,0.0,,900.0,NO_NATIVE_SAMPLE_WITHIN_TIME_TOLERANCE,,,,,,,,NATIVE_TIME_SAMPLE_UNAVAILABLE_FOR_TIMELINE,COARSE_LOW_CLOUD_NATIVE_TIME_UNMATCHED,OBSERVER_ENVIRONMENT_TIMELINE_ONLY_NO_PHYSICS_PROMOTION,False,False,False,False
2026-09-14 17:45:21.746064+08:00,2026-09-14 18:00:21.746064+08:00,-15,5,PRE_EVENT,PRE_CORE_EVENT_DIAGNOSTIC,OPENMETEO_ROUTE_LINEAR_INTERPOLATION_EXISTING_CONTRACT,+5.0_0090,5.0,90.0,EXTENDED_GT40_100KM,42.60873032,0.0,0.0,13643.4761808,87.51208114666667,0.0,,900.0,NO_NATIVE_SAMPLE_WITHIN_TIME_TOLERANCE,,,,,,,,NATIVE_TIME_SAMPLE_UNAVAILABLE_FOR_TIMELINE,COARSE_LOW_CLOUD_NATIVE_TIME_UNMATCHED,OBSERVER_ENVIRONMENT_TIMELINE_ONLY_NO_PHYSICS_PROMOTION,False,False,False,False
2026-09-14 17:45:21.746064+08:00,2026-09-14 18:00:21.746064+08:00,-15,5,PRE_EVENT,PRE_CORE_EVENT_DIAGNOSTIC,OPENMETEO_ROUTE_LINEAR_INTERPOLATION_EXISTING_CONTRACT,+5.0_0100,5.0,100.0,EXTENDED_GT40_100KM,34.951675413333334,0.0,0.0,14094.824485066667,87.26812172,0.0,,900.0,NO_NATIVE_SAMPLE_WITHIN_TIME_TOLERANCE,,,,,,,,NATIVE_TIME_SAMPLE_UNAVAILABLE_FOR_TIMELINE,COARSE_LOW_CLOUD_NATIVE_TIME_UNMATCHED,OBSERVER_ENVIRONMENT_TIMELINE_ONLY_NO_PHYSICS_PROMOTION,False,False,False,False
2026-09-14 17:50:21.746064+08:00,2026-09-14 18:00:21.746064+08:00,-10,5,PRE_EVENT,PRE_CORE_EVENT_DIAGNOSTIC,OPENMETEO_ROUTE_LINEAR_INTERPOLATION_EXISTING_CONTRACT,-5.0_0000,-5.0,0.0,NEAR_OBSERVER_0_10KM,2.0,1.8393739066666668,0.0,16513.360685066666,86.67874781333333,0.0,,600.0,NO_NATIVE_SAMPLE_WITHIN_TIME_TOLERANCE,,,,,,,,NATIVE_TIME_SAMPLE_UNAVAILABLE_FOR_TIMELINE,COARSE_LOW_CLOUD_NATIVE_TIME_UNMATCHED,OBSERVER_ENVIRONMENT_TIMELINE_ONLY_NO_PHYSICS_PROMOTION,False,False,False,False
2026-09-14 17:50:21.746064+08:00,2026-09-14 18:00:21.746064+08:00,-10,5,PRE_EVENT,PRE_CORE_EVENT_DIAGNOSTIC,OPENMETEO_ROUTE_LINEAR_INTERPOLATION_EXISTING_CONTRACT,+0.0_0000,0.0,0.0,NEAR_OBSERVER_0_10KM,2.0,1.8393739066666668,0.0,16513.360685066666,86.67874781333333,0.0,,600.0,NO_NATIVE_SAMPLE_WITHIN_TIME_TOLERANCE,,,,,,,,NATIVE_TIME_SAMPLE_UNAVAILABLE_FOR_TIMELINE,COARSE_LOW_CLOUD_NATIVE_TIME_UNMATCHED,OBSERVER_ENVIRONMENT_TIMELINE_ONLY_NO_PHYSICS_PROMOTION,False,False,False,False
2026-09-14 17:50:21.746064+08:00,2026-09-14 18:00:21.746064+08:00,-10,5,PRE_EVENT,PRE_CORE_EVENT_DIAGNOSTIC,OPENMETEO_ROUTE_LINEAR_INTERPOLATION_EXISTING_CONTRACT,+5.0_0000,5.0,0.0,NEAR_OBSERVER_0_10KM,2.0,1.8393739066666668,0.0,16513.360685066666,86.67874781333333,0.0,,600.0,NO_NATIVE_SAMPLE_WITHIN_TIME_TOLERANCE,,,,,,,,NATIVE_TIME_SAMPLE_UNAVAILABLE_FOR_TIMELINE,COARSE_LOW_CLOUD_NATIVE_TIME_UNMATCHED,OBSERVER_ENVIRONMENT_TIMELINE_ONLY_NO_PHYSICS_PROMOTION,False,False,False,False
2026-09-14 17:50:21.746064+08:00,2026-09-14 18:00:21.746064+08:00,-10,5,PRE_EVENT,PRE_CORE_EVENT_DIAGNOSTIC,OPENMETEO_ROUTE_LINEAR_INTERPOLATION_EXISTING_CONTRACT,-5.0_0005,-5.0,5.0,NEAR_OBSERVER_0_10KM,2.0,1.8393739066666668,0.0,16513.360685066666,86.67874781333333,0.0,,600.0,NO_NATIVE_SAMPLE_WITHIN_TIME_TOLERANCE,,,,,,,,NATIVE_TIME_SAMPLE_UNAVAILABLE_FOR_TIMELINE,COARSE_LOW_CLOUD_NATIVE_TIME_UNMATCHED,OBSERVER_ENVIRONMENT_TIMELINE_ONLY_NO_PHYSICS_PROMOTION,False,False,False,False
2026-09-14 17:50:21.746064+08:00,2026-09-14 18:00:21.746064+08:00,-10,5,PRE_EVENT,PRE_CORE_EVENT_DIAGNOSTIC,OPENMETEO_ROUTE_LINEAR_INTERPOLATION_EXISTING_CONTRACT,-5.0_0010,-5.0,10.0,NEAR_OBSERVER_0_10KM,1.0,1.8393739066666668,0.0,18773.0476384,84.51812172,0.0,,600.0,NO_NATIVE_SAMPLE_WITHIN_TIME_TOLERANCE,,,,,,,,NATIVE_TIME_SAMPLE_UNAVAILABLE_FOR_TIMELINE,COARSE_LOW_CLOUD_NATIVE_TIME_UNMATCHED,OBSERVER_ENVIRONMENT_TIMELINE_ONLY_NO_PHYSICS_PROMOTION,False,False,False,False
2026-09-14 17:50:21.746064+08:00,2026-09-14 18:00:21.746064+08:00,-10,5,PRE_EVENT,PRE_CORE_EVENT_DIAGNOSTIC,OPENMETEO_ROUTE_LINEAR_INTERPOLATION_EXISTING_CONTRACT,-5.0_0015,-5.0,15.0,PRIMARY_GT10_40KM,1.0,1.8393739066666668,0.0,18773.0476384,84.51812172,0.0,,600.0,NO_NATIVE_SAMPLE_WITHIN_TIME_TOLERANCE,,,,,,,,NATIVE_TIME_SAMPLE_UNAVAILABLE_FOR_TIMELINE,COARSE_LOW_CLOUD_NATIVE_TIME_UNMATCHED,OBSERVER_ENVIRONMENT_TIMELINE_ONLY_NO_PHYSICS_PROMOTION,False,False,False,False
2026-09-14 17:50:21.746064+08:00,2026-09-14 18:00:21.746064+08:00,-10,5,PRE_EVENT,PRE_CORE_EVENT_DIAGNOSTIC,OPENMETEO_ROUTE_LINEAR_INTERPOLATION_EXISTING_CONTRACT,-5.0_0020,-5.0,20.0,PRIMARY_GT10_40KM,1.8393739066666668,0.32125218666666666,0.0,16256.787478133334,90.16062609333333,0.0,,600.0,NO_NATIVE_SAMPLE_WITHIN_TIME_TOLERANCE,,,,,,,,NATIVE_TIME_SAMPLE_UNAVAILABLE_FOR_TIMELINE,COARSE_LOW_CLOUD_NATIVE_TIME_UNMATCHED,OBSERVER_ENVIRONMENT_TIMELINE_ONLY_NO_PHYSICS_PROMOTION,False,False,False,False
2026-09-14 17:50:21.746064+08:00,2026-09-14 18:00:21.746064+08:00,-10,5,PRE_EVENT,PRE_CORE_EVENT_DIAGNOSTIC,OPENMETEO_ROUTE_LINEAR_INTERPOLATION_EXISTING_CONTRACT,-5.0_0025,-5.0,25.0,PRIMARY_GT10_40KM,4.839373906666666,1.1606260933333332,0.0,16106.425043733334,88.16062609333333,0.0,,600.0,NO_NATIVE_SAMPLE_WITHIN_TIME_TOLERANCE,,,,,,,,NATIVE_TIME_SAMPLE_UNAVAILABLE_FOR_TIMELINE,COARSE_LOW_CLOUD_NATIVE_TIME_UNMATCHED,OBSERVER_ENVIRONMENT_TIMELINE_ONLY_NO_PHYSICS_PROMOTION,False,False,False,False
2026-09-14 17:50:21.746064+08:00,2026-09-14 18:00:21.746064+08:00,-10,5,PRE_EVENT,PRE_CORE_EVENT_DIAGNOSTIC,OPENMETEO_ROUTE_LINEAR_INTERPOLATION_EXISTING_CONTRACT,-5.0_0030,-5.0,30.0,PRIMARY_GT10_40KM,4.839373906666666,1.1606260933333332,0.0,16106.425043733334,88.16062609333333,0.0,,600.0,NO_NATIVE_SAMPLE_WITHIN_TIME_TOLERANCE,,,,,,,,NATIVE_TIME_SAMPLE_UNAVAILABLE_FOR_TIMELINE,COARSE_LOW_CLOUD_NATIVE_TIME_UNMATCHED,OBSERVER_ENVIRONMENT_TIMELINE_ONLY_NO_PHYSICS_PROMOTION,False,False,False,False
2026-09-14 17:50:21.746064+08:00,2026-09-14 18:00:21.746064+08:00,-10,5,PRE_EVENT,PRE_CORE_EVENT_DIAGNOSTIC,OPENMETEO_ROUTE_LINEAR_INTERPOLATION_EXISTING_CONTRACT,-5.0_0035,-5.0,35.0,PRIMARY_GT10_40KM,9.55436516,1.0,0.0,15834.299825066666,87.83937390666667,0.0,,600.0,NO_NATIVE_SAMPLE_WITHIN_TIME_TOLERANCE,,,,,,,,NATIVE_TIME_SAMPLE_UNAVAILABLE_FOR_TIMELINE,COARSE_LOW_CLOUD_NATIVE_TIME_UNMATCHED,OBSERVER_ENVIRONMENT_TIMELINE_ONLY_NO_PHYSICS_PROMOTION,False,False,False,False
2026-09-14 17:50:21.746064+08:00,2026-09-14 18:00:21.746064+08:00,-10,5,PRE_EVENT,PRE_CORE_EVENT_DIAGNOSTIC,OPENMETEO_ROUTE_LINEAR_INTERPOLATION_EXISTING_CONTRACT,-5.0_0040,-5.0,40.0,PRIMARY_GT10_40KM,9.55436516,1.0,0.0,15834.299825066666,87.83937390666667,0.0,,600.0,NO_NATIVE_SAMPLE_WITHIN_TIME_TOLERANCE,,,,,,,,NATIVE_TIME_SAMPLE_UNAVAILABLE_FOR_TIMELINE,COARSE_LOW_CLOUD_NATIVE_TIME_UNMATCHED,OBSERVER_ENVIRONMENT_TIMELINE_ONLY_NO_PHYSICS_PROMOTION,False,False,False,False
2026-09-14 17:50:21.746064+08:00,2026-09-14 18:00:21.746064+08:00,-10,5,PRE_EVENT,PRE_CORE_EVENT_DIAGNOSTIC,OPENMETEO_ROUTE_LINEAR_INTERPOLATION_EXISTING_CONTRACT,-5.0_0050,-5.0,50.0,EXTENDED_GT40_100KM,9.678747813333333,1.0,0.0,15151.400349866666,88.83937390666667,0.0,,600.0,NO_NATIVE_SAMPLE_WITHIN_TIME_TOLERANCE,,,,,,,,NATIVE_TIME_SAMPLE_UNAVAILABLE_FOR_TIMELINE,COARSE_LOW_CLOUD_NATIVE_TIME_UNMATCHED,OBSERVER_ENVIRONMENT_TIMELINE_ONLY_NO_PHYSICS_PROMOTION,False,False,False,False
2026-09-14 17:50:21.746064+08:00,2026-09-14 18:00:21.746064+08:00,-10,5,PRE_EVENT,PRE_CORE_EVENT_DIAGNOSTIC,OPENMETEO_ROUTE_LINEAR_INTERPOLATION_EXISTING_CONTRACT,-5.0_0060,-5.0,60.0,EXTENDED_GT40_100KM,13.642504373333333,0.16062609333333333,0.0,14756.375656,88.83937390666667,0.0,,600.0,NO_NATIVE_SAMPLE_WITHIN_TIME_TOLERANCE,,,,,,,,NATIVE_TIME_SAMPLE_UNAVAILABLE_FOR_TIMELINE,COARSE_LOW_CLOUD_NATIVE_TIME_UNMATCHED,OBSERVER_ENVIRONMENT_TIMELINE_ONLY_NO_PHYSICS_PROMOTION,False,False,False,False
2026-09-14 17:50:21.746064+08:00,2026-09-14 18:00:21.746064+08:00,-10,5,PRE_EVENT,PRE_CORE_EVENT_DIAGNOSTIC,OPENMETEO_ROUTE_LINEAR_INTERPOLATION_EXISTING_CONTRACT,-5.0_0070,-5.0,70.0,EXTENDED_GT40_100KM,21.875617346666665,0.16062609333333333,0.0,14449.950612266666,87.83937390666667,0.0,,600.0,NO_NATIVE_SAMPLE_WITHIN_TIME_TOLERANCE,,,,,,,,NATIVE_TIME_SAMPLE_UNAVAILABLE_FOR_TIMELINE,COARSE_LOW_CLOUD_NATIVE_TIME_UNMATCHED,OBSERVER_ENVIRONMENT_TIMELINE_ONLY_NO_PHYSICS_PROMOTION,False,False,False,False
2026-09-14 17:50:21.746064+08:00,2026-09-14 18:00:21.746064+08:00,-10,5,PRE_EVENT,PRE_CORE_EVENT_DIAGNOSTIC,OPENMETEO_ROUTE_LINEAR_INTERPOLATION_EXISTING_CONTRACT,-5.0_0080,-5.0,80.0,EXTENDED_GT40_100KM,32.051895773333335,0.16062609333333333,0.0,14532.553761066667,87.51812172,0.0,,600.0,NO_NATIVE_SAMPLE_WITHIN_TIME_TOLERANCE,,,,,,,,NATIVE_TIME_SAMPLE_UNAVAILABLE_FOR_TIMELINE,COARSE_LOW_CLOUD_NATIVE_TIME_UNMATCHED,OBSERVER_ENVIRONMENT_TIMELINE_ONLY_NO_PHYSICS_PROMOTION,False,False,False,False
2026-09-14 17:50:21.746064+08:00,2026-09-14 18:00:21.746064+08:00,-10,5,PRE_EVENT,PRE_CORE_EVENT_DIAGNOSTIC,OPENMETEO_ROUTE_LINEAR_INTERPOLATION_EXISTING_CONTRACT,-5.0_0090,-5.0,90.0,EXTENDED_GT40_100KM,29.621913266666667,0.16062609333333333,0.0,14672.240714399999,86.83937390666667,0.0,,600.0,NO_NATIVE_SAMPLE_WITHIN_TIME_TOLERANCE,,,,,,,,NATIVE_TIME_SAMPLE_UNAVAILABLE_FOR_TIMELINE,COARSE_LOW_CLOUD_NATIVE_TIME_UNMATCHED,OBSERVER_ENVIRONMENT_TIMELINE_ONLY_NO_PHYSICS_PROMOTION,False,False,False,False
2026-09-14 17:50:21.746064+08:00,2026-09-14 18:00:21.746064+08:00,-10,5,PRE_EVENT,PRE_CORE_EVENT_DIAGNOSTIC,OPENMETEO_ROUTE_LINEAR_INTERPOLATION_EXISTING_CONTRACT,-5.0_0100,-5.0,100.0,EXTENDED_GT40_100KM,33.64250437333333,0.16062609333333333,0.0,13832.553761066667,85.83937390666667,0.0,,600.0,NO_NATIVE_SAMPLE_WITHIN_TIME_TOLERANCE,,,,,,,,NATIVE_TIME_SAMPLE_UNAVAILABLE_FOR_TIMELINE,COARSE_LOW_CLOUD_NATIVE_TIME_UNMATCHED,OBSERVER_ENVIRONMENT_TIMELINE_ONLY_NO_PHYSICS_PROMOTION,False,False,False,False
2026-09-14 17:50:21.746064+08:00,2026-09-14 18:00:21.746064+08:00,-10,5,PRE_EVENT,PRE_CORE_EVENT_DIAGNOSTIC,OPENMETEO_ROUTE_LINEAR_INTERPOLATION_EXISTING_CONTRACT,+0.0_0005,0.0,5.0,NEAR_OBSERVER_0_10KM,2.0,1.8393739066666668,0.0,16513.360685066666,86.67874781333333,0.0,,600.0,NO_NATIVE_SAMPLE_WITHIN_TIME_TOLERANCE,,,,,,,,NATIVE_TIME_SAMPLE_UNAVAILABLE_FOR_TIMELINE,COARSE_LOW_CLOUD_NATIVE_TIME_UNMATCHED,OBSERVER_ENVIRONMENT_TIMELINE_ONLY_NO_PHYSICS_PROMOTION,False,False,False,False
2026-09-14 17:50:21.746064+08:00,2026-09-14 18:00:21.746064+08:00,-10,5,PRE_EVENT,PRE_CORE_EVENT_DIAGNOSTIC,OPENMETEO_ROUTE_LINEAR_INTERPOLATION_EXISTING_CONTRACT,+0.0_0010,0.0,10.0,NEAR_OBSERVER_0_10KM,1.0,1.8393739066666668,0.0,18773.0476384,84.51812172,0.0,,600.0,NO_NATIVE_SAMPLE_WITHIN_TIME_TOLERANCE,,,,,,,,NATIVE_TIME_SAMPLE_UNAVAILABLE_FOR_TIMELINE,COARSE_LOW_CLOUD_NATIVE_TIME_UNMATCHED,OBSERVER_ENVIRONMENT_TIMELINE_ONLY_NO_PHYSICS_PROMOTION,False,False,False,False
2026-09-14 17:50:21.746064+08:00,2026-09-14 18:00:21.746064+08:00,-10,5,PRE_EVENT,PRE_CORE_EVENT_DIAGNOSTIC,OPENMETEO_ROUTE_LINEAR_INTERPOLATION_EXISTING_CONTRACT,+0.0_0015,0.0,15.0,PRIMARY_GT10_40KM,2.0,0.16062609333333333,0.0,16243.212521866666,89.16062609333333,0.0,,600.0,NO_NATIVE_SAMPLE_WITHIN_TIME_TOLERANCE,,,,,,,,NATIVE_TIME_SAMPLE_UNAVAILABLE_FOR_TIMELINE,COARSE_LOW_CLOUD_NATIVE_TIME_UNMATCHED,OBSERVER_ENVIRONMENT_TIMELINE_ONLY_NO_PHYSICS_PROMOTION,False,False,False,False
2026-09-14 17:50:21.746064+08:00,2026-09-14 18:00:21.746064+08:00,-10,5,PRE_EVENT,PRE_CORE_EVENT_DIAGNOSTIC,OPENMETEO_ROUTE_LINEAR_INTERPOLATION_EXISTING_CONTRACT,+0.0_0020,0.0,20.0,PRIMARY_GT10_40KM,4.160626093333334,1.0,0.0,16032.850087466666,87.16062609333333,0.0,,600.0,NO_NATIVE_SAMPLE_WITHIN_TIME_TOLERANCE,,,,,,,,NATIVE_TIME_SAMPLE_UNAVAILABLE_FOR_TIMELINE,COARSE_LOW_CLOUD_NATIVE_TIME_UNMATCHED,OBSERVER_ENVIRONMENT_TIMELINE_ONLY_NO_PHYSICS_PROMOTION,False,False,False,False
2026-09-14 17:50:21.746064+08:00,2026-09-14 18:00:21.746064+08:00,-10,5,PRE_EVENT,PRE_CORE_EVENT_DIAGNOSTIC,OPENMETEO_ROUTE_LINEAR_INTERPOLATION_EXISTING_CONTRACT,+0.0_0025,0.0,25.0,PRIMARY_GT10_40KM,4.160626093333334,1.0,0.0,16032.850087466666,87.16062609333333,0.0,,600.0,NO_NATIVE_SAMPLE_WITHIN_TIME_TOLERANCE,,,,,,,,NATIVE_TIME_SAMPLE_UNAVAILABLE_FOR_TIMELINE,COARSE_LOW_CLOUD_NATIVE_TIME_UNMATCHED,OBSERVER_ENVIRONMENT_TIMELINE_ONLY_NO_PHYSICS_PROMOTION,False,False,False,False
2026-09-14 17:50:21.746064+08:00,2026-09-14 18:00:21.746064+08:00,-10,5,PRE_EVENT,PRE_CORE_EVENT_DIAGNOSTIC,OPENMETEO_ROUTE_LINEAR_INTERPOLATION_EXISTING_CONTRACT,+0.0_0030,0.0,30.0,PRIMARY_GT10_40KM,5.0,1.0,0.0,16035.749562666666,88.0,0.0,,600.0,NO_NATIVE_SAMPLE_WITHIN_TIME_TOLERANCE,,,,,,,,NATIVE_TIME_SAMPLE_UNAVAILABLE_FOR_TIMELINE,COARSE_LOW_CLOUD_NATIVE_TIME_UNMATCHED,OBSERVER_ENVIRONMENT_TIMELINE_ONLY_NO_PHYSICS_PROMOTION,False,False,False,False
2026-09-14 17:50:21.746064+08:00,2026-09-14 18:00:21.746064+08:00,-10,5,PRE_EVENT,PRE_CORE_EVENT_DIAGNOSTIC,OPENMETEO_ROUTE_LINEAR_INTERPOLATION_EXISTING_CONTRACT,+0.0_0035,0.0,35.0,PRIMARY_GT10_40KM,5.0,1.0,0.0,16035.749562666666,88.0,0.0,,600.0,NO_NATIVE_SAMPLE_WITHIN_TIME_TOLERANCE,,,,,,,,NATIVE_TIME_SAMPLE_UNAVAILABLE_FOR_TIMELINE,COARSE_LOW_CLOUD_NATIVE_TIME_UNMATCHED,OBSERVER_ENVIRONMENT_TIMELINE_ONLY_NO_PHYSICS_PROMOTION,False,False,False,False
2026-09-14 17:50:21.746064+08:00,2026-09-14 18:00:21.746064+08:00,-10,5,PRE_EVENT,PRE_CORE_EVENT_DIAGNOSTIC,OPENMETEO_ROUTE_LINEAR_INTERPOLATION_EXISTING_CONTRACT,+0.0_0040,0.0,40.0,PRIMARY_GT10_40KM,4.51812172,1.0,0.0,14976.375656,88.0,0.0,,600.0,NO_NATIVE_SAMPLE_WITHIN_TIME_TOLERANCE,,,,,,,,NATIVE_TIME_SAMPLE_UNAVAILABLE_FOR_TIMELINE,COARSE_LOW_CLOUD_NATIVE_TIME_UNMATCHED,OBSERVER_ENVIRONMENT_TIMELINE_ONLY_NO_PHYSICS_PROMOTION,False,False,False,False
2026-09-14 17:50:21.746064+08:00,2026-09-14 18:00:21.746064+08:00,-10,5,PRE_EVENT,PRE_CORE_EVENT_DIAGNOSTIC,OPENMETEO_ROUTE_LINEAR_INTERPOLATION_EXISTING_CONTRACT,+0.0_0050,0.0,50.0,EXTENDED_GT40_100KM,25.233112973333334,1.0,0.0,14177.726618133333,88.0,0.0,,600.0,NO_NATIVE_SAMPLE_WITHIN_TIME_TOLERANCE,,,,,,,,NATIVE_TIME_SAMPLE_UNAVAILABLE_FOR_TIMELINE,COARSE_LOW_CLOUD_NATIVE_TIME_UNMATCHED,OBSERVER_ENVIRONMENT_TIMELINE_ONLY_NO_PHYSICS_PROMOTION,False,False,False,False
2026-09-14 17:50:21.746064+08:00,2026-09-14 18:00:21.746064+08:00,-10,5,PRE_EVENT,PRE_CORE_EVENT_DIAGNOSTIC,OPENMETEO_ROUTE_LINEAR_INTERPOLATION_EXISTING_CONTRACT,+0.0_0060,0.0,60.0,EXTENDED_GT40_100KM,27.803130466666666,0.16062609333333333,0.0,13800.2142712,87.67874781333333,0.0,,600.0,NO_NATIVE_SAMPLE_WITHIN_TIME_TOLERANCE,,,,,,,,NATIVE_TIME_SAMPLE_UNAVAILABLE_FOR_TIMELINE,COARSE_LOW_CLOUD_NATIVE_TIME_UNMATCHED,OBSERVER_ENVIRONMENT_TIMELINE_ONLY_NO_PHYSICS_PROMOTION,False,False,False,False
2026-09-14 17:50:21.746064+08:00,2026-09-14 18:00:21.746064+08:00,-10,5,PRE_EVENT,PRE_CORE_EVENT_DIAGNOSTIC,OPENMETEO_ROUTE_LINEAR_INTERPOLATION_EXISTING_CONTRACT,+0.0_0070,0.0,70.0,EXTENDED_GT40_100KM,33.1812172,0.16062609333333333,0.0,14230.790976799999,87.67874781333333,0.0,,600.0,NO_NATIVE_SAMPLE_WITHIN_TIME_TOLERANCE,,,,,,,,NATIVE_TIME_SAMPLE_UNAVAILABLE_FOR_TIMELINE,COARSE_LOW_CLOUD_NATIVE_TIME_UNMATCHED,OBSERVER_ENVIRONMENT_TIMELINE_ONLY_NO_PHYSICS_PROMOTION,False,False,False,False
2026-09-14 17:50:21.746064+08:00,2026-09-14 18:00:21.746064+08:00,-10,5,PRE_EVENT,PRE_CORE_EVENT_DIAGNOSTIC,OPENMETEO_ROUTE_LINEAR_INTERPOLATION_EXISTING_CONTRACT,+0.0_0080,0.0,80.0,EXTENDED_GT40_100KM,32.051895773333335,0.16062609333333333,0.0,14532.553761066667,87.51812172,0.0,,600.0,NO_NATIVE_SAMPLE_WITHIN_TIME_TOLERANCE,,,,,,,,NATIVE_TIME_SAMPLE_UNAVAILABLE_FOR_TIMELINE,COARSE_LOW_CLOUD_NATIVE_TIME_UNMATCHED,OBSERVER_ENVIRONMENT_TIMELINE_ONLY_NO_PHYSICS_PROMOTION,False,False,False,False
2026-09-14 17:50:21.746064+08:00,2026-09-14 18:00:21.746064+08:00,-10,5,PRE_EVENT,PRE_CORE_EVENT_DIAGNOSTIC,OPENMETEO_ROUTE_LINEAR_INTERPOLATION_EXISTING_CONTRACT,+0.0_0090,0.0,90.0,EXTENDED_GT40_100KM,29.621913266666667,0.0,0.0,14470.066107999999,87.67874781333333,0.0,,600.0,NO_NATIVE_SAMPLE_WITHIN_TIME_TOLERANCE,,,,,,,,NATIVE_TIME_SAMPLE_UNAVAILABLE_FOR_TIMELINE,COARSE_LOW_CLOUD_NATIVE_TIME_UNMATCHED,OBSERVER_ENVIRONMENT_TIMELINE_ONLY_NO_PHYSICS_PROMOTION,False,False,False,False
2026-09-14 17:50:21.746064+08:00,2026-09-14 18:00:21.746064+08:00,-10,5,PRE_EVENT,PRE_CORE_EVENT_DIAGNOSTIC,OPENMETEO_ROUTE_LINEAR_INTERPOLATION_EXISTING_CONTRACT,+0.0_0100,0.0,100.0,EXTENDED_GT40_100KM,21.78253936,0.0,0.0,14381.1534112,86.67874781333333,0.0,,600.0,NO_NATIVE_SAMPLE_WITHIN_TIME_TOLERANCE,,,,,,,,NATIVE_TIME_SAMPLE_UNAVAILABLE_FOR_TIMELINE,COARSE_LOW_CLOUD_NATIVE_TIME_UNMATCHED,OBSERVER_ENVIRONMENT_TIMELINE_ONLY_NO_PHYSICS_PROMOTION,False,False,False,False
2026-09-14 17:50:21.746064+08:00,2026-09-14 18:00:21.746064+08:00,-10,5,PRE_EVENT,PRE_CORE_EVENT_DIAGNOSTIC,OPENMETEO_ROUTE_LINEAR_INTERPOLATION_EXISTING_CONTRACT,+5.0_0005,5.0,5.0,NEAR_OBSERVER_0_10KM,2.0,1.8393739066666668,0.0,16513.360685066666,86.67874781333333,0.0,,600.0,NO_NATIVE_SAMPLE_WITHIN_TIME_TOLERANCE,,,,,,,,NATIVE_TIME_SAMPLE_UNAVAILABLE_FOR_TIMELINE,COARSE_LOW_CLOUD_NATIVE_TIME_UNMATCHED,OBSERVER_ENVIRONMENT_TIMELINE_ONLY_NO_PHYSICS_PROMOTION,False,False,False,False
2026-09-14 17:50:21.746064+08:00,2026-09-14 18:00:21.746064+08:00,-10,5,PRE_EVENT,PRE_CORE_EVENT_DIAGNOSTIC,OPENMETEO_ROUTE_LINEAR_INTERPOLATION_EXISTING_CONTRACT,+5.0_0010,5.0,10.0,NEAR_OBSERVER_0_10KM,2.0,1.8393739066666668,0.0,16513.360685066666,86.67874781333333,0.0,,600.0,NO_NATIVE_SAMPLE_WITHIN_TIME_TOLERANCE,,,,,,,,NATIVE_TIME_SAMPLE_UNAVAILABLE_FOR_TIMELINE,COARSE_LOW_CLOUD_NATIVE_TIME_UNMATCHED,OBSERVER_ENVIRONMENT_TIMELINE_ONLY_NO_PHYSICS_PROMOTION,False,False,False,False
2026-09-14 17:50:21.746064+08:00,2026-09-14 18:00:21.746064+08:00,-10,5,PRE_EVENT,PRE_CORE_EVENT_DIAGNOSTIC,OPENMETEO_ROUTE_LINEAR_INTERPOLATION_EXISTING_CONTRACT,+5.0_0015,5.0,15.0,PRIMARY_GT10_40KM,2.0,0.16062609333333333,0.0,16243.212521866666,89.16062609333333,0.0,,600.0,NO_NATIVE_SAMPLE_WITHIN_TIME_TOLERANCE,,,,,,,,NATIVE_TIME_SAMPLE_UNAVAILABLE_FOR_TIMELINE,COARSE_LOW_CLOUD_NATIVE_TIME_UNMATCHED,OBSERVER_ENVIRONMENT_TIMELINE_ONLY_NO_PHYSICS_PROMOTION,False,False,False,False
2026-09-14 17:50:21.746064+08:00,2026-09-14 18:00:21.746064+08:00,-10,5,PRE_EVENT,PRE_CORE_EVENT_DIAGNOSTIC,OPENMETEO_ROUTE_LINEAR_INTERPOLATION_EXISTING_CONTRACT,+5.0_0020,5.0,20.0,PRIMARY_GT10_40KM,4.160626093333334,1.0,0.0,16032.850087466666,87.16062609333333,0.0,,600.0,NO_NATIVE_SAMPLE_WITHIN_TIME_TOLERANCE,,,,,,,,NATIVE_TIME_SAMPLE_UNAVAILABLE_FOR_TIMELINE,COARSE_LOW_CLOUD_NATIVE_TIME_UNMATCHED,OBSERVER_ENVIRONMENT_TIMELINE_ONLY_NO_PHYSICS_PROMOTION,False,False,False,False
2026-09-14 17:50:21.746064+08:00,2026-09-14 18:00:21.746064+08:00,-10,5,PRE_EVENT,PRE_CORE_EVENT_DIAGNOSTIC,OPENMETEO_ROUTE_LINEAR_INTERPOLATION_EXISTING_CONTRACT,+5.0_0025,5.0,25.0,PRIMARY_GT10_40KM,4.160626093333334,1.0,0.0,16032.850087466666,87.16062609333333,0.0,,600.0,NO_NATIVE_SAMPLE_WITHIN_TIME_TOLERANCE,,,,,,,,NATIVE_TIME_SAMPLE_UNAVAILABLE_FOR_TIMELINE,COARSE_LOW_CLOUD_NATIVE_TIME_UNMATCHED,OBSERVER_ENVIRONMENT_TIMELINE_ONLY_NO_PHYSICS_PROMOTION,False,False,False,False
2026-09-14 17:50:21.746064+08:00,2026-09-14 18:00:21.746064+08:00,-10,5,PRE_EVENT,PRE_CORE_EVENT_DIAGNOSTIC,OPENMETEO_ROUTE_LINEAR_INTERPOLATION_EXISTING_CONTRACT,+5.0_0030,5.0,30.0,PRIMARY_GT10_40KM,5.0,1.0,0.0,16035.749562666666,88.0,0.0,,600.0,NO_NATIVE_SAMPLE_WITHIN_TIME_TOLERANCE,,,,,,,,NATIVE_TIME_SAMPLE_UNAVAILABLE_FOR_TIMELINE,COARSE_LOW_CLOUD_NATIVE_TIME_UNMATCHED,OBSERVER_ENVIRONMENT_TIMELINE_ONLY_NO_PHYSICS_PROMOTION,False,False,False,False
2026-09-14 17:50:21.746064+08:00,2026-09-14 18:00:21.746064+08:00,-10,5,PRE_EVENT,PRE_CORE_EVENT_DIAGNOSTIC,OPENMETEO_ROUTE_LINEAR_INTERPOLATION_EXISTING_CONTRACT,+5.0_0035,5.0,35.0,PRIMARY_GT10_40KM,5.0,1.0,0.0,16035.749562666666,88.0,0.0,,600.0,NO_NATIVE_SAMPLE_WITHIN_TIME_TOLERANCE,,,,,,,,NATIVE_TIME_SAMPLE_UNAVAILABLE_FOR_TIMELINE,COARSE_LOW_CLOUD_NATIVE_TIME_UNMATCHED,OBSERVER_ENVIRONMENT_TIMELINE_ONLY_NO_PHYSICS_PROMOTION,False,False,False,False
2026-09-14 17:50:21.746064+08:00,2026-09-14 18:00:21.746064+08:00,-10,5,PRE_EVENT,PRE_CORE_EVENT_DIAGNOSTIC,OPENMETEO_ROUTE_LINEAR_INTERPOLATION_EXISTING_CONTRACT,+5.0_0040,5.0,40.0,PRIMARY_GT10_40KM,4.51812172,1.0,0.0,14976.375656,88.0,0.0,,600.0,NO_NATIVE_SAMPLE_WITHIN_TIME_TOLERANCE,,,,,,,,NATIVE_TIME_SAMPLE_UNAVAILABLE_FOR_TIMELINE,COARSE_LOW_CLOUD_NATIVE_TIME_UNMATCHED,OBSERVER_ENVIRONMENT_TIMELINE_ONLY_NO_PHYSICS_PROMOTION,False,False,False,False
2026-09-14 17:50:21.746064+08:00,2026-09-14 18:00:21.746064+08:00,-10,5,PRE_EVENT,PRE_CORE_EVENT_DIAGNOSTIC,OPENMETEO_ROUTE_LINEAR_INTERPOLATION_EXISTING_CONTRACT,+5.0_0050,5.0,50.0,EXTENDED_GT40_100KM,26.62685204,0.8393739066666667,0.0,13263.3280176,87.16062609333333,0.0,,600.0,NO_NATIVE_SAMPLE_WITHIN_TIME_TOLERANCE,,,,,,,,NATIVE_TIME_SAMPLE_UNAVAILABLE_FOR_TIMELINE,COARSE_LOW_CLOUD_NATIVE_TIME_UNMATCHED,OBSERVER_ENVIRONMENT_TIMELINE_ONLY_NO_PHYSICS_PROMOTION,False,False,False,False
2026-09-14 17:50:21.746064+08:00,2026-09-14 18:00:21.746064+08:00,-10,5,PRE_EVENT,PRE_CORE_EVENT_DIAGNOSTIC,OPENMETEO_ROUTE_LINEAR_INTERPOLATION_EXISTING_CONTRACT,+5.0_0060,5.0,60.0,EXTENDED_GT40_100KM,42.82372157333333,0.8393739066666667,0.0,12863.3280176,86.83937390666667,0.0,,600.0,NO_NATIVE_SAMPLE_WITHIN_TIME_TOLERANCE,,,,,,,,NATIVE_TIME_SAMPLE_UNAVAILABLE_FOR_TIMELINE,COARSE_LOW_CLOUD_NATIVE_TIME_UNMATCHED,OBSERVER_ENVIRONMENT_TIMELINE_ONLY_NO_PHYSICS_PROMOTION,False,False,False,False
2026-09-14 17:50:21.746064+08:00,2026-09-14 18:00:21.746064+08:00,-10,5,PRE_EVENT,PRE_CORE_EVENT_DIAGNOSTIC,OPENMETEO_ROUTE_LINEAR_INTERPOLATION_EXISTING_CONTRACT,+5.0_0070,5.0,70.0,EXTENDED_GT40_100KM,52.69933892,0.8393739066666667,0.0,13408.4020992,87.83937390666667,0.0,,600.0,NO_NATIVE_SAMPLE_WITHIN_TIME_TOLERANCE,,,,,,,,NATIVE_TIME_SAMPLE_UNAVAILABLE_FOR_TIMELINE,COARSE_LOW_CLOUD_NATIVE_TIME_UNMATCHED,OBSERVER_ENVIRONMENT_TIMELINE_ONLY_NO_PHYSICS_PROMOTION,False,False,False,False
2026-09-14 17:50:21.746064+08:00,2026-09-14 18:00:21.746064+08:00,-10,5,PRE_EVENT,PRE_CORE_EVENT_DIAGNOSTIC,OPENMETEO_ROUTE_LINEAR_INTERPOLATION_EXISTING_CONTRACT,+5.0_0080,5.0,80.0,EXTENDED_GT40_100KM,39.233112973333334,0.0,0.0,14082.191326666667,87.67874781333333,0.0,,600.0,NO_NATIVE_SAMPLE_WITHIN_TIME_TOLERANCE,,,,,,,,NATIVE_TIME_SAMPLE_UNAVAILABLE_FOR_TIMELINE,COARSE_LOW_CLOUD_NATIVE_TIME_UNMATCHED,OBSERVER_ENVIRONMENT_TIMELINE_ONLY_NO_PHYSICS_PROMOTION,False,False,False,False
2026-09-14 17:50:21.746064+08:00,2026-09-14 18:00:21.746064+08:00,-10,5,PRE_EVENT,PRE_CORE_EVENT_DIAGNOSTIC,OPENMETEO_ROUTE_LINEAR_INTERPOLATION_EXISTING_CONTRACT,+5.0_0090,5.0,90.0,EXTENDED_GT40_100KM,44.10873032,0.0,0.0,13553.4761808,87.67874781333333,0.0,,600.0,NO_NATIVE_SAMPLE_WITHIN_TIME_TOLERANCE,,,,,,,,NATIVE_TIME_SAMPLE_UNAVAILABLE_FOR_TIMELINE,COARSE_LOW_CLOUD_NATIVE_TIME_UNMATCHED,OBSERVER_ENVIRONMENT_TIMELINE_ONLY_NO_PHYSICS_PROMOTION,False,False,False,False
2026-09-14 17:50:21.746064+08:00,2026-09-14 18:00:21.746064+08:00,-10,5,PRE_EVENT,PRE_CORE_EVENT_DIAGNOSTIC,OPENMETEO_ROUTE_LINEAR_INTERPOLATION_EXISTING_CONTRACT,+5.0_0100,5.0,100.0,EXTENDED_GT40_100KM,34.28500874666667,0.0,0.0,13816.491151733333,87.51812172,0.0,,600.0,NO_NATIVE_SAMPLE_WITHIN_TIME_TOLERANCE,,,,,,,,NATIVE_TIME_SAMPLE_UNAVAILABLE_FOR_TIMELINE,COARSE_LOW_CLOUD_NATIVE_TIME_UNMATCHED,OBSERVER_ENVIRONMENT_TIMELINE_ONLY_NO_PHYSICS_PROMOTION,False,False,False,False
2026-09-14 17:55:21.746064+08:00,2026-09-14 18:00:21.746064+08:00,-5,5,PRE_EVENT,PRE_CORE_EVENT_DIAGNOSTIC,OPENMETEO_ROUTE_LINEAR_INTERPOLATION_EXISTING_CONTRACT,-5.0_0000,-5.0,0.0,NEAR_OBSERVER_0_10KM,2.0,1.9227072399999998,0.0,16651.6940184,86.84541448,0.0,,300.0,NO_NATIVE_SAMPLE_WITHIN_TIME_TOLERANCE,,,,,,,,NATIVE_TIME_SAMPLE_UNAVAILABLE_FOR_TIMELINE,COARSE_LOW_CLOUD_NATIVE_TIME_UNMATCHED,OBSERVER_ENVIRONMENT_TIMELINE_ONLY_NO_PHYSICS_PROMOTION,False,False,False,False
2026-09-14 17:55:21.746064+08:00,2026-09-14 18:00:21.746064+08:00,-5,5,PRE_EVENT,PRE_CORE_EVENT_DIAGNOSTIC,OPENMETEO_ROUTE_LINEAR_INTERPOLATION_EXISTING_CONTRACT,+0.0_0000,0.0,0.0,NEAR_OBSERVER_0_10KM,2.0,1.9227072399999998,0.0,16651.6940184,86.84541448,0.0,,300.0,NO_NATIVE_SAMPLE_WITHIN_TIME_TOLERANCE,,,,,,,,NATIVE_TIME_SAMPLE_UNAVAILABLE_FOR_TIMELINE,COARSE_LOW_CLOUD_NATIVE_TIME_UNMATCHED,OBSERVER_ENVIRONMENT_TIMELINE_ONLY_NO_PHYSICS_PROMOTION,False,False,False,False
2026-09-14 17:55:21.746064+08:00,2026-09-14 18:00:21.746064+08:00,-5,5,PRE_EVENT,PRE_CORE_EVENT_DIAGNOSTIC,OPENMETEO_ROUTE_LINEAR_INTERPOLATION_EXISTING_CONTRACT,+5.0_0000,5.0,0.0,NEAR_OBSERVER_0_10KM,2.0,1.9227072399999998,0.0,16651.6940184,86.84541448,0.0,,300.0,NO_NATIVE_SAMPLE_WITHIN_TIME_TOLERANCE,,,,,,,,NATIVE_TIME_SAMPLE_UNAVAILABLE_FOR_TIMELINE,COARSE_LOW_CLOUD_NATIVE_TIME_UNMATCHED,OBSERVER_ENVIRONMENT_TIMELINE_ONLY_NO_PHYSICS_PROMOTION,False,False,False,False
2026-09-14 17:55:21.746064+08:00,2026-09-14 18:00:21.746064+08:00,-5,5,PRE_EVENT,PRE_CORE_EVENT_DIAGNOSTIC,OPENMETEO_ROUTE_LINEAR_INTERPOLATION_EXISTING_CONTRACT,-5.0_0005,-5.0,5.0,NEAR_OBSERVER_0_10KM,2.0,1.9227072399999998,0.0,16651.6940184,86.84541448,0.0,,300.0,NO_NATIVE_SAMPLE_WITHIN_TIME_TOLERANCE,,,,,,,,NATIVE_TIME_SAMPLE_UNAVAILABLE_FOR_TIMELINE,COARSE_LOW_CLOUD_NATIVE_TIME_UNMATCHED,OBSERVER_ENVIRONMENT_TIMELINE_ONLY_NO_PHYSICS_PROMOTION,False,False,False,False
2026-09-14 17:55:21.746064+08:00,2026-09-14 18:00:21.746064+08:00,-5,5,PRE_EVENT,PRE_CORE_EVENT_DIAGNOSTIC,OPENMETEO_ROUTE_LINEAR_INTERPOLATION_EXISTING_CONTRACT,-5.0_0010,-5.0,10.0,NEAR_OBSERVER_0_10KM,1.0,1.9227072399999998,0.0,18953.0476384,84.76812172,0.0,,300.0,NO_NATIVE_SAMPLE_WITHIN_TIME_TOLERANCE,,,,,,,,NATIVE_TIME_SAMPLE_UNAVAILABLE_FOR_TIMELINE,COARSE_LOW_CLOUD_NATIVE_TIME_UNMATCHED,OBSERVER_ENVIRONMENT_TIMELINE_ONLY_NO_PHYSICS_PROMOTION,False,False,False,False
2026-09-14 17:55:21.746064+08:00,2026-09-14 18:00:21.746064+08:00,-5,5,PRE_EVENT,PRE_CORE_EVENT_DIAGNOSTIC,OPENMETEO_ROUTE_LINEAR_INTERPOLATION_EXISTING_CONTRACT,-5.0_0015,-5.0,15.0,PRIMARY_GT10_40KM,1.0,1.9227072399999998,0.0,18953.0476384,84.76812172,0.0,,300.0,NO_NATIVE_SAMPLE_WITHIN_TIME_TOLERANCE,,,,,,,,NATIVE_TIME_SAMPLE_UNAVAILABLE_FOR_TIMELINE,COARSE_LOW_CLOUD_NATIVE_TIME_UNMATCHED,OBSERVER_ENVIRONMENT_TIMELINE_ONLY_NO_PHYSICS_PROMOTION,False,False,False,False
2026-09-14 17:55:21.746064+08:00,2026-09-14 18:00:21.746064+08:00,-5,5,PRE_EVENT,PRE_CORE_EVENT_DIAGNOSTIC,OPENMETEO_ROUTE_LINEAR_INTERPOLATION_EXISTING_CONTRACT,-5.0_0020,-5.0,20.0,PRIMARY_GT10_40KM,1.9227072399999998,0.15458552000000014,0.0,16258.4541448,90.07729276,0.0,,300.0,NO_NATIVE_SAMPLE_WITHIN_TIME_TOLERANCE,,,,,,,,NATIVE_TIME_SAMPLE_UNAVAILABLE_FOR_TIMELINE,COARSE_LOW_CLOUD_NATIVE_TIME_UNMATCHED,OBSERVER_ENVIRONMENT_TIMELINE_ONLY_NO_PHYSICS_PROMOTION,False,False,False,False
2026-09-14 17:55:21.746064+08:00,2026-09-14 18:00:21.746064+08:00,-5,5,PRE_EVENT,PRE_CORE_EVENT_DIAGNOSTIC,OPENMETEO_ROUTE_LINEAR_INTERPOLATION_EXISTING_CONTRACT,-5.0_0025,-5.0,25.0,PRIMARY_GT10_40KM,4.92270724,1.0772927600000002,0.0,16103.0917104,88.07729276,0.0,,300.0,NO_NATIVE_SAMPLE_WITHIN_TIME_TOLERANCE,,,,,,,,NATIVE_TIME_SAMPLE_UNAVAILABLE_FOR_TIMELINE,COARSE_LOW_CLOUD_NATIVE_TIME_UNMATCHED,OBSERVER_ENVIRONMENT_TIMELINE_ONLY_NO_PHYSICS_PROMOTION,False,False,False,False
2026-09-14 17:55:21.746064+08:00,2026-09-14 18:00:21.746064+08:00,-5,5,PRE_EVENT,PRE_CORE_EVENT_DIAGNOSTIC,OPENMETEO_ROUTE_LINEAR_INTERPOLATION_EXISTING_CONTRACT,-5.0_0030,-5.0,30.0,PRIMARY_GT10_40KM,4.92270724,1.0772927600000002,0.0,16103.0917104,88.07729276,0.0,,300.0,NO_NATIVE_SAMPLE_WITHIN_TIME_TOLERANCE,,,,,,,,NATIVE_TIME_SAMPLE_UNAVAILABLE_FOR_TIMELINE,COARSE_LOW_CLOUD_NATIVE_TIME_UNMATCHED,OBSERVER_ENVIRONMENT_TIMELINE_ONLY_NO_PHYSICS_PROMOTION,False,False,False,False
2026-09-14 17:55:21.746064+08:00,2026-09-14 18:00:21.746064+08:00,-5,5,PRE_EVENT,PRE_CORE_EVENT_DIAGNOSTIC,OPENMETEO_ROUTE_LINEAR_INTERPOLATION_EXISTING_CONTRACT,-5.0_0035,-5.0,35.0,PRIMARY_GT10_40KM,10.30436516,1.0,0.0,15847.6331584,87.92270724,0.0,,300.0,NO_NATIVE_SAMPLE_WITHIN_TIME_TOLERANCE,,,,,,,,NATIVE_TIME_SAMPLE_UNAVAILABLE_FOR_TIMELINE,COARSE_LOW_CLOUD_NATIVE_TIME_UNMATCHED,OBSERVER_ENVIRONMENT_TIMELINE_ONLY_NO_PHYSICS_PROMOTION,False,False,False,False
2026-09-14 17:55:21.746064+08:00,2026-09-14 18:00:21.746064+08:00,-5,5,PRE_EVENT,PRE_CORE_EVENT_DIAGNOSTIC,OPENMETEO_ROUTE_LINEAR_INTERPOLATION_EXISTING_CONTRACT,-5.0_0040,-5.0,40.0,PRIMARY_GT10_40KM,10.30436516,1.0,0.0,15847.6331584,87.92270724,0.0,,300.0,NO_NATIVE_SAMPLE_WITHIN_TIME_TOLERANCE,,,,,,,,NATIVE_TIME_SAMPLE_UNAVAILABLE_FOR_TIMELINE,COARSE_LOW_CLOUD_NATIVE_TIME_UNMATCHED,OBSERVER_ENVIRONMENT_TIMELINE_ONLY_NO_PHYSICS_PROMOTION,False,False,False,False
2026-09-14 17:55:21.746064+08:00,2026-09-14 18:00:21.746064+08:00,-5,5,PRE_EVENT,PRE_CORE_EVENT_DIAGNOSTIC,OPENMETEO_ROUTE_LINEAR_INTERPOLATION_EXISTING_CONTRACT,-5.0_0050,-5.0,50.0,EXTENDED_GT40_100KM,9.84541448,1.0,0.0,15124.7336832,88.92270724,0.0,,300.0,NO_NATIVE_SAMPLE_WITHIN_TIME_TOLERANCE,,,,,,,,NATIVE_TIME_SAMPLE_UNAVAILABLE_FOR_TIMELINE,COARSE_LOW_CLOUD_NATIVE_TIME_UNMATCHED,OBSERVER_ENVIRONMENT_TIMELINE_ONLY_NO_PHYSICS_PROMOTION,False,False,False,False
2026-09-14 17:55:21.746064+08:00,2026-09-14 18:00:21.746064+08:00,-5,5,PRE_EVENT,PRE_CORE_EVENT_DIAGNOSTIC,OPENMETEO_ROUTE_LINEAR_INTERPOLATION_EXISTING_CONTRACT,-5.0_0060,-5.0,60.0,EXTENDED_GT40_100KM,13.30917104,0.07729276000000007,0.0,14706.375656,88.92270724,0.0,,300.0,NO_NATIVE_SAMPLE_WITHIN_TIME_TOLERANCE,,,,,,,,NATIVE_TIME_SAMPLE_UNAVAILABLE_FOR_TIMELINE,COARSE_LOW_CLOUD_NATIVE_TIME_UNMATCHED,OBSERVER_ENVIRONMENT_TIMELINE_ONLY_NO_PHYSICS_PROMOTION,False,False,False,False
2026-09-14 17:55:21.746064+08:00,2026-09-14 18:00:21.746064+08:00,-5,5,PRE_EVENT,PRE_CORE_EVENT_DIAGNOSTIC,OPENMETEO_ROUTE_LINEAR_INTERPOLATION_EXISTING_CONTRACT,-5.0_0070,-5.0,70.0,EXTENDED_GT40_100KM,22.45895068,0.07729276000000007,0.0,14403.2839456,87.92270724,0.0,,300.0,NO_NATIVE_SAMPLE_WITHIN_TIME_TOLERANCE,,,,,,,,NATIVE_TIME_SAMPLE_UNAVAILABLE_FOR_TIMELINE,COARSE_LOW_CLOUD_NATIVE_TIME_UNMATCHED,OBSERVER_ENVIRONMENT_TIMELINE_ONLY_NO_PHYSICS_PROMOTION,False,False,False,False
2026-09-14 17:55:21.746064+08:00,2026-09-14 18:00:21.746064+08:00,-5,5,PRE_EVENT,PRE_CORE_EVENT_DIAGNOSTIC,OPENMETEO_ROUTE_LINEAR_INTERPOLATION_EXISTING_CONTRACT,-5.0_0080,-5.0,80.0,EXTENDED_GT40_100KM,30.468562440000003,0.07729276000000007,0.0,14245.887094400001,87.76812172,0.0,,300.0,NO_NATIVE_SAMPLE_WITHIN_TIME_TOLERANCE,,,,,,,,NATIVE_TIME_SAMPLE_UNAVAILABLE_FOR_TIMELINE,COARSE_LOW_CLOUD_NATIVE_TIME_UNMATCHED,OBSERVER_ENVIRONMENT_TIMELINE_ONLY_NO_PHYSICS_PROMOTION,False,False,False,False
2026-09-14 17:55:21.746064+08:00,2026-09-14 18:00:21.746064+08:00,-5,5,PRE_EVENT,PRE_CORE_EVENT_DIAGNOSTIC,OPENMETEO_ROUTE_LINEAR_INTERPOLATION_EXISTING_CONTRACT,-5.0_0090,-5.0,90.0,EXTENDED_GT40_100KM,26.705246600000002,0.07729276000000007,0.0,14427.2407144,86.92270724,0.0,,300.0,NO_NATIVE_SAMPLE_WITHIN_TIME_TOLERANCE,,,,,,,,NATIVE_TIME_SAMPLE_UNAVAILABLE_FOR_TIMELINE,COARSE_LOW_CLOUD_NATIVE_TIME_UNMATCHED,OBSERVER_ENVIRONMENT_TIMELINE_ONLY_NO_PHYSICS_PROMOTION,False,False,False,False
2026-09-14 17:55:21.746064+08:00,2026-09-14 18:00:21.746064+08:00,-5,5,PRE_EVENT,PRE_CORE_EVENT_DIAGNOSTIC,OPENMETEO_ROUTE_LINEAR_INTERPOLATION_EXISTING_CONTRACT,-5.0_0100,-5.0,100.0,EXTENDED_GT40_100KM,33.30917104,0.07729276000000007,0.0,13545.887094400001,85.92270724,0.0,,300.0,NO_NATIVE_SAMPLE_WITHIN_TIME_TOLERANCE,,,,,,,,NATIVE_TIME_SAMPLE_UNAVAILABLE_FOR_TIMELINE,COARSE_LOW_CLOUD_NATIVE_TIME_UNMATCHED,OBSERVER_ENVIRONMENT_TIMELINE_ONLY_NO_PHYSICS_PROMOTION,False,False,False,False
2026-09-14 17:55:21.746064+08:00,2026-09-14 18:00:21.746064+08:00,-5,5,PRE_EVENT,PRE_CORE_EVENT_DIAGNOSTIC,OPENMETEO_ROUTE_LINEAR_INTERPOLATION_EXISTING_CONTRACT,+0.0_0005,0.0,5.0,NEAR_OBSERVER_0_10KM,2.0,1.9227072399999998,0.0,16651.6940184,86.84541448,0.0,,300.0,NO_NATIVE_SAMPLE_WITHIN_TIME_TOLERANCE,,,,,,,,NATIVE_TIME_SAMPLE_UNAVAILABLE_FOR_TIMELINE,COARSE_LOW_CLOUD_NATIVE_TIME_UNMATCHED,OBSERVER_ENVIRONMENT_TIMELINE_ONLY_NO_PHYSICS_PROMOTION,False,False,False,False
2026-09-14 17:55:21.746064+08:00,2026-09-14 18:00:21.746064+08:00,-5,5,PRE_EVENT,PRE_CORE_EVENT_DIAGNOSTIC,OPENMETEO_ROUTE_LINEAR_INTERPOLATION_EXISTING_CONTRACT,+0.0_0010,0.0,10.0,NEAR_OBSERVER_0_10KM,1.0,1.9227072399999998,0.0,18953.0476384,84.76812172,0.0,,300.0,NO_NATIVE_SAMPLE_WITHIN_TIME_TOLERANCE,,,,,,,,NATIVE_TIME_SAMPLE_UNAVAILABLE_FOR_TIMELINE,COARSE_LOW_CLOUD_NATIVE_TIME_UNMATCHED,OBSERVER_ENVIRONMENT_TIMELINE_ONLY_NO_PHYSICS_PROMOTION,False,False,False,False
2026-09-14 17:55:21.746064+08:00,2026-09-14 18:00:21.746064+08:00,-5,5,PRE_EVENT,PRE_CORE_EVENT_DIAGNOSTIC,OPENMETEO_ROUTE_LINEAR_INTERPOLATION_EXISTING_CONTRACT,+0.0_0015,0.0,15.0,PRIMARY_GT10_40KM,2.0,0.07729276000000007,0.0,16241.5458552,89.07729276,0.0,,300.0,NO_NATIVE_SAMPLE_WITHIN_TIME_TOLERANCE,,,,,,,,NATIVE_TIME_SAMPLE_UNAVAILABLE_FOR_TIMELINE,COARSE_LOW_CLOUD_NATIVE_TIME_UNMATCHED,OBSERVER_ENVIRONMENT_TIMELINE_ONLY_NO_PHYSICS_PROMOTION,False,False,False,False
2026-09-14 17:55:21.746064+08:00,2026-09-14 18:00:21.746064+08:00,-5,5,PRE_EVENT,PRE_CORE_EVENT_DIAGNOSTIC,OPENMETEO_ROUTE_LINEAR_INTERPOLATION_EXISTING_CONTRACT,+0.0_0020,0.0,20.0,PRIMARY_GT10_40KM,4.07729276,1.0,0.0,16026.1834208,87.07729276,0.0,,300.0,NO_NATIVE_SAMPLE_WITHIN_TIME_TOLERANCE,,,,,,,,NATIVE_TIME_SAMPLE_UNAVAILABLE_FOR_TIMELINE,COARSE_LOW_CLOUD_NATIVE_TIME_UNMATCHED,OBSERVER_ENVIRONMENT_TIMELINE_ONLY_NO_PHYSICS_PROMOTION,False,False,False,False
2026-09-14 17:55:21.746064+08:00,2026-09-14 18:00:21.746064+08:00,-5,5,PRE_EVENT,PRE_CORE_EVENT_DIAGNOSTIC,OPENMETEO_ROUTE_LINEAR_INTERPOLATION_EXISTING_CONTRACT,+0.0_0025,0.0,25.0,PRIMARY_GT10_40KM,4.07729276,1.0,0.0,16026.1834208,87.07729276,0.0,,300.0,NO_NATIVE_SAMPLE_WITHIN_TIME_TOLERANCE,,,,,,,,NATIVE_TIME_SAMPLE_UNAVAILABLE_FOR_TIMELINE,COARSE_LOW_CLOUD_NATIVE_TIME_UNMATCHED,OBSERVER_ENVIRONMENT_TIMELINE_ONLY_NO_PHYSICS_PROMOTION,False,False,False,False
2026-09-14 17:55:21.746064+08:00,2026-09-14 18:00:21.746064+08:00,-5,5,PRE_EVENT,PRE_CORE_EVENT_DIAGNOSTIC,OPENMETEO_ROUTE_LINEAR_INTERPOLATION_EXISTING_CONTRACT,+0.0_0030,0.0,30.0,PRIMARY_GT10_40KM,5.0,1.0,0.0,16069.082896,88.0,0.0,,300.0,NO_NATIVE_SAMPLE_WITHIN_TIME_TOLERANCE,,,,,,,,NATIVE_TIME_SAMPLE_UNAVAILABLE_FOR_TIMELINE,COARSE_LOW_CLOUD_NATIVE_TIME_UNMATCHED,OBSERVER_ENVIRONMENT_TIMELINE_ONLY_NO_PHYSICS_PROMOTION,False,False,False,False
2026-09-14 17:55:21.746064+08:00,2026-09-14 18:00:21.746064+08:00,-5,5,PRE_EVENT,PRE_CORE_EVENT_DIAGNOSTIC,OPENMETEO_ROUTE_LINEAR_INTERPOLATION_EXISTING_CONTRACT,+0.0_0035,0.0,35.0,PRIMARY_GT10_40KM,5.0,1.0,0.0,16069.082896,88.0,0.0,,300.0,NO_NATIVE_SAMPLE_WITHIN_TIME_TOLERANCE,,,,,,,,NATIVE_TIME_SAMPLE_UNAVAILABLE_FOR_TIMELINE,COARSE_LOW_CLOUD_NATIVE_TIME_UNMATCHED,OBSERVER_ENVIRONMENT_TIMELINE_ONLY_NO_PHYSICS_PROMOTION,False,False,False,False
2026-09-14 17:55:21.746064+08:00,2026-09-14 18:00:21.746064+08:00,-5,5,PRE_EVENT,PRE_CORE_EVENT_DIAGNOSTIC,OPENMETEO_ROUTE_LINEAR_INTERPOLATION_EXISTING_CONTRACT,+0.0_0040,0.0,40.0,PRIMARY_GT10_40KM,4.76812172,1.0,0.0,14926.375656,88.0,0.0,,300.0,NO_NATIVE_SAMPLE_WITHIN_TIME_TOLERANCE,,,,,,,,NATIVE_TIME_SAMPLE_UNAVAILABLE_FOR_TIMELINE,COARSE_LOW_CLOUD_NATIVE_TIME_UNMATCHED,OBSERVER_ENVIRONMENT_TIMELINE_ONLY_NO_PHYSICS_PROMOTION,False,False,False,False
2026-09-14 17:55:21.746064+08:00,2026-09-14 18:00:21.746064+08:00,-5,5,PRE_EVENT,PRE_CORE_EVENT_DIAGNOSTIC,OPENMETEO_ROUTE_LINEAR_INTERPOLATION_EXISTING_CONTRACT,+0.0_0050,0.0,50.0,EXTENDED_GT40_100KM,26.14977964,1.0,0.0,14054.3932848,88.0,0.0,,300.0,NO_NATIVE_SAMPLE_WITHIN_TIME_TOLERANCE,,,,,,,,NATIVE_TIME_SAMPLE_UNAVAILABLE_FOR_TIMELINE,COARSE_LOW_CLOUD_NATIVE_TIME_UNMATCHED,OBSERVER_ENVIRONMENT_TIMELINE_ONLY_NO_PHYSICS_PROMOTION,False,False,False,False
2026-09-14 17:55:21.746064+08:00,2026-09-14 18:00:21.746064+08:00,-5,5,PRE_EVENT,PRE_CORE_EVENT_DIAGNOSTIC,OPENMETEO_ROUTE_LINEAR_INTERPOLATION_EXISTING_CONTRACT,+0.0_0060,0.0,60.0,EXTENDED_GT40_100KM,27.3864638,0.07729276000000007,0.0,13665.2142712,87.84541448,0.0,,300.0,NO_NATIVE_SAMPLE_WITHIN_TIME_TOLERANCE,,,,,,,,NATIVE_TIME_SAMPLE_UNAVAILABLE_FOR_TIMELINE,COARSE_LOW_CLOUD_NATIVE_TIME_UNMATCHED,OBSERVER_ENVIRONMENT_TIMELINE_ONLY_NO_PHYSICS_PROMOTION,False,False,False,False
2026-09-14 17:55:21.746064+08:00,2026-09-14 18:00:21.746064+08:00,-5,5,PRE_EVENT,PRE_CORE_EVENT_DIAGNOSTIC,OPENMETEO_ROUTE_LINEAR_INTERPOLATION_EXISTING_CONTRACT,+0.0_0070,0.0,70.0,EXTENDED_GT40_100KM,35.6812172,0.07729276000000007,0.0,13965.7909768,87.84541448,0.0,,300.0,NO_NATIVE_SAMPLE_WITHIN_TIME_TOLERANCE,,,,,,,,NATIVE_TIME_SAMPLE_UNAVAILABLE_FOR_TIMELINE,COARSE_LOW_CLOUD_NATIVE_TIME_UNMATCHED,OBSERVER_ENVIRONMENT_TIMELINE_ONLY_NO_PHYSICS_PROMOTION,False,False,False,False
2026-09-14 17:55:21.746064+08:00,2026-09-14 18:00:21.746064+08:00,-5,5,PRE_EVENT,PRE_CORE_EVENT_DIAGNOSTIC,OPENMETEO_ROUTE_LINEAR_INTERPOLATION_EXISTING_CONTRACT,+0.0_0080,0.0,80.0,EXTENDED_GT40_100KM,30.468562440000003,0.07729276000000007,0.0,14245.887094400001,87.76812172,0.0,,300.0,NO_NATIVE_SAMPLE_WITHIN_TIME_TOLERANCE,,,,,,,,NATIVE_TIME_SAMPLE_UNAVAILABLE_FOR_TIMELINE,COARSE_LOW_CLOUD_NATIVE_TIME_UNMATCHED,OBSERVER_ENVIRONMENT_TIMELINE_ONLY_NO_PHYSICS_PROMOTION,False,False,False,False
2026-09-14 17:55:21.746064+08:00,2026-09-14 18:00:21.746064+08:00,-5,5,PRE_EVENT,PRE_CORE_EVENT_DIAGNOSTIC,OPENMETEO_ROUTE_LINEAR_INTERPOLATION_EXISTING_CONTRACT,+0.0_0090,0.0,90.0,EXTENDED_GT40_100KM,26.705246600000002,0.0,0.0,14195.066108,87.84541448,0.0,,300.0,NO_NATIVE_SAMPLE_WITHIN_TIME_TOLERANCE,,,,,,,,NATIVE_TIME_SAMPLE_UNAVAILABLE_FOR_TIMELINE,COARSE_LOW_CLOUD_NATIVE_TIME_UNMATCHED,OBSERVER_ENVIRONMENT_TIMELINE_ONLY_NO_PHYSICS_PROMOTION,False,False,False,False
2026-09-14 17:55:21.746064+08:00,2026-09-14 18:00:21.746064+08:00,-5,5,PRE_EVENT,PRE_CORE_EVENT_DIAGNOSTIC,OPENMETEO_ROUTE_LINEAR_INTERPOLATION_EXISTING_CONTRACT,+0.0_0100,0.0,100.0,EXTENDED_GT40_100KM,18.78253936,0.0,0.0,14121.1534112,86.84541448,0.0,,300.0,NO_NATIVE_SAMPLE_WITHIN_TIME_TOLERANCE,,,,,,,,NATIVE_TIME_SAMPLE_UNAVAILABLE_FOR_TIMELINE,COARSE_LOW_CLOUD_NATIVE_TIME_UNMATCHED,OBSERVER_ENVIRONMENT_TIMELINE_ONLY_NO_PHYSICS_PROMOTION,False,False,False,False
2026-09-14 17:55:21.746064+08:00,2026-09-14 18:00:21.746064+08:00,-5,5,PRE_EVENT,PRE_CORE_EVENT_DIAGNOSTIC,OPENMETEO_ROUTE_LINEAR_INTERPOLATION_EXISTING_CONTRACT,+5.0_0005,5.0,5.0,NEAR_OBSERVER_0_10KM,2.0,1.9227072399999998,0.0,16651.6940184,86.84541448,0.0,,300.0,NO_NATIVE_SAMPLE_WITHIN_TIME_TOLERANCE,,,,,,,,NATIVE_TIME_SAMPLE_UNAVAILABLE_FOR_TIMELINE,COARSE_LOW_CLOUD_NATIVE_TIME_UNMATCHED,OBSERVER_ENVIRONMENT_TIMELINE_ONLY_NO_PHYSICS_PROMOTION,False,False,False,False
2026-09-14 17:55:21.746064+08:00,2026-09-14 18:00:21.746064+08:00,-5,5,PRE_EVENT,PRE_CORE_EVENT_DIAGNOSTIC,OPENMETEO_ROUTE_LINEAR_INTERPOLATION_EXISTING_CONTRACT,+5.0_0010,5.0,10.0,NEAR_OBSERVER_0_10KM,2.0,1.9227072399999998,0.0,16651.6940184,86.84541448,0.0,,300.0,NO_NATIVE_SAMPLE_WITHIN_TIME_TOLERANCE,,,,,,,,NATIVE_TIME_SAMPLE_UNAVAILABLE_FOR_TIMELINE,COARSE_LOW_CLOUD_NATIVE_TIME_UNMATCHED,OBSERVER_ENVIRONMENT_TIMELINE_ONLY_NO_PHYSICS_PROMOTION,False,False,False,False
2026-09-14 17:55:21.746064+08:00,2026-09-14 18:00:21.746064+08:00,-5,5,PRE_EVENT,PRE_CORE_EVENT_DIAGNOSTIC,OPENMETEO_ROUTE_LINEAR_INTERPOLATION_EXISTING_CONTRACT,+5.0_0015,5.0,15.0,PRIMARY_GT10_40KM,2.0,0.07729276000000007,0.0,16241.5458552,89.07729276,0.0,,300.0,NO_NATIVE_SAMPLE_WITHIN_TIME_TOLERANCE,,,,,,,,NATIVE_TIME_SAMPLE_UNAVAILABLE_FOR_TIMELINE,COARSE_LOW_CLOUD_NATIVE_TIME_UNMATCHED,OBSERVER_ENVIRONMENT_TIMELINE_ONLY_NO_PHYSICS_PROMOTION,False,False,False,False
2026-09-14 17:55:21.746064+08:00,2026-09-14 18:00:21.746064+08:00,-5,5,PRE_EVENT,PRE_CORE_EVENT_DIAGNOSTIC,OPENMETEO_ROUTE_LINEAR_INTERPOLATION_EXISTING_CONTRACT,+5.0_0020,5.0,20.0,PRIMARY_GT10_40KM,4.07729276,1.0,0.0,16026.1834208,87.07729276,0.0,,300.0,NO_NATIVE_SAMPLE_WITHIN_TIME_TOLERANCE,,,,,,,,NATIVE_TIME_SAMPLE_UNAVAILABLE_FOR_TIMELINE,COARSE_LOW_CLOUD_NATIVE_TIME_UNMATCHED,OBSERVER_ENVIRONMENT_TIMELINE_ONLY_NO_PHYSICS_PROMOTION,False,False,False,False
2026-09-14 17:55:21.746064+08:00,2026-09-14 18:00:21.746064+08:00,-5,5,PRE_EVENT,PRE_CORE_EVENT_DIAGNOSTIC,OPENMETEO_ROUTE_LINEAR_INTERPOLATION_EXISTING_CONTRACT,+5.0_0025,5.0,25.0,PRIMARY_GT10_40KM,4.07729276,1.0,0.0,16026.1834208,87.07729276,0.0,,300.0,NO_NATIVE_SAMPLE_WITHIN_TIME_TOLERANCE,,,,,,,,NATIVE_TIME_SAMPLE_UNAVAILABLE_FOR_TIMELINE,COARSE_LOW_CLOUD_NATIVE_TIME_UNMATCHED,OBSERVER_ENVIRONMENT_TIMELINE_ONLY_NO_PHYSICS_PROMOTION,False,False,False,False
2026-09-14 17:55:21.746064+08:00,2026-09-14 18:00:21.746064+08:00,-5,5,PRE_EVENT,PRE_CORE_EVENT_DIAGNOSTIC,OPENMETEO_ROUTE_LINEAR_INTERPOLATION_EXISTING_CONTRACT,+5.0_0030,5.0,30.0,PRIMARY_GT10_40KM,5.0,1.0,0.0,16069.082896,88.0,0.0,,300.0,NO_NATIVE_SAMPLE_WITHIN_TIME_TOLERANCE,,,,,,,,NATIVE_TIME_SAMPLE_UNAVAILABLE_FOR_TIMELINE,COARSE_LOW_CLOUD_NATIVE_TIME_UNMATCHED,OBSERVER_ENVIRONMENT_TIMELINE_ONLY_NO_PHYSICS_PROMOTION,False,False,False,False
2026-09-14 17:55:21.746064+08:00,2026-09-14 18:00:21.746064+08:00,-5,5,PRE_EVENT,PRE_CORE_EVENT_DIAGNOSTIC,OPENMETEO_ROUTE_LINEAR_INTERPOLATION_EXISTING_CONTRACT,+5.0_0035,5.0,35.0,PRIMARY_GT10_40KM,5.0,1.0,0.0,16069.082896,88.0,0.0,,300.0,NO_NATIVE_SAMPLE_WITHIN_TIME_TOLERANCE,,,,,,,,NATIVE_TIME_SAMPLE_UNAVAILABLE_FOR_TIMELINE,COARSE_LOW_CLOUD_NATIVE_TIME_UNMATCHED,OBSERVER_ENVIRONMENT_TIMELINE_ONLY_NO_PHYSICS_PROMOTION,False,False,False,False
2026-09-14 17:55:21.746064+08:00,2026-09-14 18:00:21.746064+08:00,-5,5,PRE_EVENT,PRE_CORE_EVENT_DIAGNOSTIC,OPENMETEO_ROUTE_LINEAR_INTERPOLATION_EXISTING_CONTRACT,+5.0_0040,5.0,40.0,PRIMARY_GT10_40KM,4.76812172,1.0,0.0,14926.375656,88.0,0.0,,300.0,NO_NATIVE_SAMPLE_WITHIN_TIME_TOLERANCE,,,,,,,,NATIVE_TIME_SAMPLE_UNAVAILABLE_FOR_TIMELINE,COARSE_LOW_CLOUD_NATIVE_TIME_UNMATCHED,OBSERVER_ENVIRONMENT_TIMELINE_ONLY_NO_PHYSICS_PROMOTION,False,False,False,False
2026-09-14 17:55:21.746064+08:00,2026-09-14 18:00:21.746064+08:00,-5,5,PRE_EVENT,PRE_CORE_EVENT_DIAGNOSTIC,OPENMETEO_ROUTE_LINEAR_INTERPOLATION_EXISTING_CONTRACT,+5.0_0050,5.0,50.0,EXTENDED_GT40_100KM,28.37685204,0.9227072399999999,0.0,13033.3280176,87.07729276,0.0,,300.0,NO_NATIVE_SAMPLE_WITHIN_TIME_TOLERANCE,,,,,,,,NATIVE_TIME_SAMPLE_UNAVAILABLE_FOR_TIMELINE,COARSE_LOW_CLOUD_NATIVE_TIME_UNMATCHED,OBSERVER_ENVIRONMENT_TIMELINE_ONLY_NO_PHYSICS_PROMOTION,False,False,False,False
2026-09-14 17:55:21.746064+08:00,2026-09-14 18:00:21.746064+08:00,-5,5,PRE_EVENT,PRE_CORE_EVENT_DIAGNOSTIC,OPENMETEO_ROUTE_LINEAR_INTERPOLATION_EXISTING_CONTRACT,+5.0_0060,5.0,60.0,EXTENDED_GT40_100KM,44.99038824,0.9227072399999999,0.0,12633.3280176,86.92270724,0.0,,300.0,NO_NATIVE_SAMPLE_WITHIN_TIME_TOLERANCE,,,,,,,,NATIVE_TIME_SAMPLE_UNAVAILABLE_FOR_TIMELINE,COARSE_LOW_CLOUD_NATIVE_TIME_UNMATCHED,OBSERVER_ENVIRONMENT_TIMELINE_ONLY_NO_PHYSICS_PROMOTION,False,False,False,False
2026-09-14 17:55:21.746064+08:00,2026-09-14 18:00:21.746064+08:00,-5,5,PRE_EVENT,PRE_CORE_EVENT_DIAGNOSTIC,OPENMETEO_ROUTE_LINEAR_INTERPOLATION_EXISTING_CONTRACT,+5.0_0070,5.0,70.0,EXTENDED_GT40_100KM,55.44933892,0.9227072399999999,0.0,13248.4020992,87.92270724,0.0,,300.0,NO_NATIVE_SAMPLE_WITHIN_TIME_TOLERANCE,,,,,,,,NATIVE_TIME_SAMPLE_UNAVAILABLE_FOR_TIMELINE,COARSE_LOW_CLOUD_NATIVE_TIME_UNMATCHED,OBSERVER_ENVIRONMENT_TIMELINE_ONLY_NO_PHYSICS_PROMOTION,False,False,False,False
2026-09-14 17:55:21.746064+08:00,2026-09-14 18:00:21.746064+08:00,-5,5,PRE_EVENT,PRE_CORE_EVENT_DIAGNOSTIC,OPENMETEO_ROUTE_LINEAR_INTERPOLATION_EXISTING_CONTRACT,+5.0_0080,5.0,80.0,EXTENDED_GT40_100KM,40.14977964,0.0,0.0,13790.52466,87.84541448,0.0,,300.0,NO_NATIVE_SAMPLE_WITHIN_TIME_TOLERANCE,,,,,,,,NATIVE_TIME_SAMPLE_UNAVAILABLE_FOR_TIMELINE,COARSE_LOW_CLOUD_NATIVE_TIME_UNMATCHED,OBSERVER_ENVIRONMENT_TIMELINE_ONLY_NO_PHYSICS_PROMOTION,False,False,False,False
2026-09-14 17:55:21.746064+08:00,2026-09-14 18:00:21.746064+08:00,-5,5,PRE_EVENT,PRE_CORE_EVENT_DIAGNOSTIC,OPENMETEO_ROUTE_LINEAR_INTERPOLATION_EXISTING_CONTRACT,+5.0_0090,5.0,90.0,EXTENDED_GT40_100KM,45.60873032,0.0,0.0,13463.4761808,87.84541448,0.0,,300.0,NO_NATIVE_SAMPLE_WITHIN_TIME_TOLERANCE,,,,,,,,NATIVE_TIME_SAMPLE_UNAVAILABLE_FOR_TIMELINE,COARSE_LOW_CLOUD_NATIVE_TIME_UNMATCHED,OBSERVER_ENVIRONMENT_TIMELINE_ONLY_NO_PHYSICS_PROMOTION,False,False,False,False
2026-09-14 17:55:21.746064+08:00,2026-09-14 18:00:21.746064+08:00,-5,5,PRE_EVENT,PRE_CORE_EVENT_DIAGNOSTIC,OPENMETEO_ROUTE_LINEAR_INTERPOLATION_EXISTING_CONTRACT,+5.0_0100,5.0,100.0,EXTENDED_GT40_100KM,33.61834208,0.0,0.0,13538.1578184,87.76812172,0.0,,300.0,NO_NATIVE_SAMPLE_WITHIN_TIME_TOLERANCE,,,,,,,,NATIVE_TIME_SAMPLE_UNAVAILABLE_FOR_TIMELINE,COARSE_LOW_CLOUD_NATIVE_TIME_UNMATCHED,OBSERVER_ENVIRONMENT_TIMELINE_ONLY_NO_PHYSICS_PROMOTION,False,False,False,False
2026-09-14 18:00:21.746064+08:00,2026-09-14 18:00:21.746064+08:00,0,5,EVENT_TIME,CORE_0_TO_MINUS6_TIME_RANGE,OPENMETEO_ROUTE_LINEAR_INTERPOLATION_EXISTING_CONTRACT,-5.0_0000,-5.0,0.0,NEAR_OBSERVER_0_10KM,2.0422840133333335,2.0060405733333333,0.0,16801.625252533333,86.95771598666667,0.0,2026-09-14 18:00:21.746064+08:00,0.0,NEAREST_EXISTING_NATIVE_SNAPSHOT_WITHIN_TOLERANCE,0.0,,,,1.0,0.0,0.0,NATIVE_NO_CLOUD_COLUMN_AT_THRESHOLD,COARSE_LOW_CLOUD_NATIVE_NO_COLUMN_AT_THRESHOLD,OBSERVER_ENVIRONMENT_TIMELINE_ONLY_NO_PHYSICS_PROMOTION,False,False,False,False
2026-09-14 18:00:21.746064+08:00,2026-09-14 18:00:21.746064+08:00,0,5,EVENT_TIME,CORE_0_TO_MINUS6_TIME_RANGE,OPENMETEO_ROUTE_LINEAR_INTERPOLATION_EXISTING_CONTRACT,+0.0_0000,0.0,0.0,NEAR_OBSERVER_0_10KM,2.0422840133333335,2.0060405733333333,0.0,16801.625252533333,86.95771598666667,0.0,2026-09-14 18:00:21.746064+08:00,0.0,NEAREST_EXISTING_NATIVE_SNAPSHOT_WITHIN_TOLERANCE,0.0,,,,1.0,0.0,0.0,NATIVE_NO_CLOUD_COLUMN_AT_THRESHOLD,COARSE_LOW_CLOUD_NATIVE_NO_COLUMN_AT_THRESHOLD,OBSERVER_ENVIRONMENT_TIMELINE_ONLY_NO_PHYSICS_PROMOTION,False,False,False,False
2026-09-14 18:00:21.746064+08:00,2026-09-14 18:00:21.746064+08:00,0,5,EVENT_TIME,CORE_0_TO_MINUS6_TIME_RANGE,OPENMETEO_ROUTE_LINEAR_INTERPOLATION_EXISTING_CONTRACT,+5.0_0000,5.0,0.0,NEAR_OBSERVER_0_10KM,2.0422840133333335,2.0060405733333333,0.0,16801.625252533333,86.95771598666667,0.0,2026-09-14 18:00:21.746064+08:00,0.0,NEAREST_EXISTING_NATIVE_SNAPSHOT_WITHIN_TOLERANCE,0.0,,,,1.0,0.0,0.0,NATIVE_NO_CLOUD_COLUMN_AT_THRESHOLD,COARSE_LOW_CLOUD_NATIVE_NO_COLUMN_AT_THRESHOLD,OBSERVER_ENVIRONMENT_TIMELINE_ONLY_NO_PHYSICS_PROMOTION,False,False,False,False
2026-09-14 18:00:21.746064+08:00,2026-09-14 18:00:21.746064+08:00,0,5,EVENT_TIME,CORE_0_TO_MINUS6_TIME_RANGE,OPENMETEO_ROUTE_LINEAR_INTERPOLATION_EXISTING_CONTRACT,-5.0_0005,-5.0,5.0,NEAR_OBSERVER_0_10KM,2.0422840133333335,2.0060405733333333,0.0,16801.625252533333,86.95771598666667,0.0,2026-09-14 18:00:21.746064+08:00,0.0,NEAREST_EXISTING_NATIVE_SNAPSHOT_WITHIN_TOLERANCE,0.0,,,,1.0,0.0,0.0,NATIVE_NO_CLOUD_COLUMN_AT_THRESHOLD,COARSE_LOW_CLOUD_NATIVE_NO_COLUMN_AT_THRESHOLD,OBSERVER_ENVIRONMENT_TIMELINE_ONLY_NO_PHYSICS_PROMOTION,False,False,False,False
2026-09-14 18:00:21.746064+08:00,2026-09-14 18:00:21.746064+08:00,0,5,EVENT_TIME,CORE_0_TO_MINUS6_TIME_RANGE,OPENMETEO_ROUTE_LINEAR_INTERPOLATION_EXISTING_CONTRACT,-5.0_0010,-5.0,10.0,NEAR_OBSERVER_0_10KM,1.0241622933333334,2.01812172,0.0,19127.6111224,84.96979713333333,0.0,2026-09-14 18:00:21.746064+08:00,0.0,NEAREST_EXISTING_NATIVE_SNAPSHOT_WITHIN_TOLERANCE,0.0,,,,1.0,0.0,0.0,NATIVE_NO_CLOUD_COLUMN_AT_THRESHOLD,COARSE_LOW_CLOUD_NATIVE_NO_COLUMN_AT_THRESHOLD,OBSERVER_ENVIRONMENT_TIMELINE_ONLY_NO_PHYSICS_PROMOTION,False,False,False,False
2026-09-14 18:00:21.746064+08:00,2026-09-14 18:00:21.746064+08:00,0,5,EVENT_TIME,CORE_0_TO_MINUS6_TIME_RANGE,OPENMETEO_ROUTE_LINEAR_INTERPOLATION_EXISTING_CONTRACT,-5.0_0015,-5.0,15.0,PRIMARY_GT10_40KM,1.0241622933333334,2.01812172,0.0,19127.6111224,84.96979713333333,0.0,2026-09-14 18:00:21.746064+08:00,0.0,NEAREST_EXISTING_NATIVE_SNAPSHOT_WITHIN_TOLERANCE,0.0,,,,1.0,0.0,0.0,NATIVE_NO_CLOUD_COLUMN_AT_THRESHOLD,COARSE_LOW_CLOUD_NATIVE_NO_COLUMN_AT_THRESHOLD,OBSERVER_ENVIRONMENT_TIMELINE_ONLY_NO_PHYSICS_PROMOTION,False,False,False,False
2026-09-14 18:00:21.746064+08:00,2026-09-14 18:00:21.746064+08:00,0,5,EVENT_TIME,CORE_0_TO_MINUS6_TIME_RANGE,OPENMETEO_ROUTE_LINEAR_INTERPOLATION_EXISTING_CONTRACT,-5.0_0020,-5.0,20.0,PRIMARY_GT10_40KM,2.0,0.006040573333333334,0.0,16260.966491733334,89.99395942666666,0.0,2026-09-14 18:00:21.746064+08:00,0.0,NEAREST_EXISTING_NATIVE_SNAPSHOT_WITHIN_TOLERANCE,0.0,,,,1.0,0.0,0.0,NATIVE_NO_CLOUD_COLUMN_AT_THRESHOLD,COARSE_LOW_CLOUD_NATIVE_NO_COLUMN_AT_THRESHOLD,OBSERVER_ENVIRONMENT_TIMELINE_ONLY_NO_PHYSICS_PROMOTION,False,False,False,False
2026-09-14 18:00:21.746064+08:00,2026-09-14 18:00:21.746064+08:00,0,5,EVENT_TIME,CORE_0_TO_MINUS6_TIME_RANGE,OPENMETEO_ROUTE_LINEAR_INTERPOLATION_EXISTING_CONTRACT,-5.0_0025,-5.0,25.0,PRIMARY_GT10_40KM,4.975837706666667,0.9939594266666667,0.0,16100.3624344,88.00604057333334,0.0,2026-09-14 18:00:21.746064+08:00,0.0,NEAREST_EXISTING_NATIVE_SNAPSHOT_WITHIN_TOLERANCE,0.0,,,,1.0,0.0,0.0,NATIVE_NO_CLOUD_COLUMN_AT_THRESHOLD,COARSE_LOW_CLOUD_NATIVE_NO_COLUMN_AT_THRESHOLD,OBSERVER_ENVIRONMENT_TIMELINE_ONLY_NO_PHYSICS_PROMOTION,False,False,False,False
2026-09-14 18:00:21.746064+08:00,2026-09-14 18:00:21.746064+08:00,0,5,EVENT_TIME,CORE_0_TO_MINUS6_TIME_RANGE,OPENMETEO_ROUTE_LINEAR_INTERPOLATION_EXISTING_CONTRACT,-5.0_0030,-5.0,30.0,PRIMARY_GT10_40KM,4.975837706666667,0.9939594266666667,0.0,16100.3624344,88.00604057333334,0.0,2026-09-14 18:00:21.746064+08:00,0.0,NEAREST_EXISTING_NATIVE_SNAPSHOT_WITHIN_TOLERANCE,0.0,,,,1.0,0.0,0.0,NATIVE_NO_CLOUD_COLUMN_AT_THRESHOLD,COARSE_LOW_CLOUD_NATIVE_NO_COLUMN_AT_THRESHOLD,OBSERVER_ENVIRONMENT_TIMELINE_ONLY_NO_PHYSICS_PROMOTION,False,False,False,False
2026-09-14 18:00:21.746064+08:00,2026-09-14 18:00:21.746064+08:00,0,5,EVENT_TIME,CORE_0_TO_MINUS6_TIME_RANGE,OPENMETEO_ROUTE_LINEAR_INTERPOLATION_EXISTING_CONTRACT,-5.0_0035,-5.0,35.0,PRIMARY_GT10_40KM,10.94563484,0.9939594266666667,0.0,15861.570549066666,87.99395942666666,0.0,2026-09-14 18:00:21.746064+08:00,0.0,NEAREST_EXISTING_NATIVE_SNAPSHOT_WITHIN_TOLERANCE,0.0,,,,1.0,0.0,0.0,NATIVE_NO_CLOUD_COLUMN_AT_THRESHOLD,COARSE_LOW_CLOUD_NATIVE_NO_COLUMN_AT_THRESHOLD,OBSERVER_ENVIRONMENT_TIMELINE_ONLY_NO_PHYSICS_PROMOTION,False,False,False,False
2026-09-14 18:00:21.746064+08:00,2026-09-14 18:00:21.746064+08:00,0,5,EVENT_TIME,CORE_0_TO_MINUS6_TIME_RANGE,OPENMETEO_ROUTE_LINEAR_INTERPOLATION_EXISTING_CONTRACT,-5.0_0040,-5.0,40.0,PRIMARY_GT10_40KM,10.94563484,0.9939594266666667,0.0,15861.570549066666,87.99395942666666,0.0,2026-09-14 18:00:21.746064+08:00,0.0,NEAREST_EXISTING_NATIVE_SNAPSHOT_WITHIN_TOLERANCE,0.0,,,,1.0,0.0,0.0,NATIVE_NO_CLOUD_COLUMN_AT_THRESHOLD,COARSE_LOW_CLOUD_NATIVE_NO_COLUMN_AT_THRESHOLD,OBSERVER_ENVIRONMENT_TIMELINE_ONLY_NO_PHYSICS_PROMOTION,False,False,False,False
2026-09-14 18:00:21.746064+08:00,2026-09-14 18:00:21.746064+08:00,0,5,EVENT_TIME,CORE_0_TO_MINUS6_TIME_RANGE,OPENMETEO_ROUTE_LINEAR_INTERPOLATION_EXISTING_CONTRACT,-5.0_0050,-5.0,50.0,EXTENDED_GT40_100KM,9.957715986666667,0.9939594266666667,0.0,15115.101433333333,88.98187828,0.0,2026-09-14 18:00:21.746064+08:00,0.0,NEAREST_EXISTING_NATIVE_SNAPSHOT_WITHIN_TOLERANCE,0.0,,,,1.0,0.0,0.0,NATIVE_NO_CLOUD_COLUMN_AT_THRESHOLD,COARSE_LOW_CLOUD_NATIVE_NO_COLUMN_AT_THRESHOLD,OBSERVER_ENVIRONMENT_TIMELINE_ONLY_NO_PHYSICS_PROMOTION,False,False,False,False
2026-09-14 18:00:21.746064+08:00,2026-09-14 18:00:21.746064+08:00,0,5,EVENT_TIME,CORE_0_TO_MINUS6_TIME_RANGE,OPENMETEO_ROUTE_LINEAR_INTERPOLATION_EXISTING_CONTRACT,-5.0_0060,-5.0,60.0,EXTENDED_GT40_100KM,12.939594266666667,0.0,0.0,14664.953270133334,88.98791885333333,0.0,2026-09-14 18:00:21.746064+08:00,0.0,NEAREST_EXISTING_NATIVE_SNAPSHOT_WITHIN_TOLERANCE,0.0,,,,1.0,0.0,0.0,NATIVE_NO_CLOUD_COLUMN_AT_THRESHOLD,COARSE_LOW_CLOUD_NATIVE_NO_COLUMN_AT_THRESHOLD,OBSERVER_ENVIRONMENT_TIMELINE_ONLY_NO_PHYSICS_PROMOTION,False,False,False,False
2026-09-14 18:00:21.746064+08:00,2026-09-14 18:00:21.746064+08:00,0,5,EVENT_TIME,CORE_0_TO_MINUS6_TIME_RANGE,OPENMETEO_ROUTE_LINEAR_INTERPOLATION_EXISTING_CONTRACT,-5.0_0070,-5.0,70.0,EXTENDED_GT40_100KM,22.915431973333334,0.006040573333333334,0.0,14357.583770666666,87.99395942666666,0.0,2026-09-14 18:00:21.746064+08:00,0.0,NEAREST_EXISTING_NATIVE_SNAPSHOT_WITHIN_TOLERANCE,0.0,,,,1.0,0.0,0.0,NATIVE_NO_CLOUD_COLUMN_AT_THRESHOLD,COARSE_LOW_CLOUD_NATIVE_NO_COLUMN_AT_THRESHOLD,OBSERVER_ENVIRONMENT_TIMELINE_ONLY_NO_PHYSICS_PROMOTION,False,False,False,False
2026-09-14 18:00:21.746064+08:00,2026-09-14 18:00:21.746064+08:00,0,5,EVENT_TIME,CORE_0_TO_MINUS6_TIME_RANGE,OPENMETEO_ROUTE_LINEAR_INTERPOLATION_EXISTING_CONTRACT,-5.0_0080,-5.0,80.0,EXTENDED_GT40_100KM,29.0906086,0.006040573333333334,0.0,13982.416229333334,87.98791885333333,0.0,2026-09-14 18:00:21.746064+08:00,0.0,NEAREST_EXISTING_NATIVE_SNAPSHOT_WITHIN_TOLERANCE,0.0,,,,1.0,0.0,0.0,NATIVE_NO_CLOUD_COLUMN_AT_THRESHOLD,COARSE_LOW_CLOUD_NATIVE_NO_COLUMN_AT_THRESHOLD,OBSERVER_ENVIRONMENT_TIMELINE_ONLY_NO_PHYSICS_PROMOTION,False,False,False,False
2026-09-14 18:00:21.746064+08:00,2026-09-14 18:00:21.746064+08:00,0,5,EVENT_TIME,CORE_0_TO_MINUS6_TIME_RANGE,OPENMETEO_ROUTE_LINEAR_INTERPOLATION_EXISTING_CONTRACT,-5.0_0090,-5.0,90.0,EXTENDED_GT40_100KM,24.157054906666666,0.0,0.0,14191.180762933333,86.99395942666666,0.0,2026-09-14 18:00:21.746064+08:00,0.0,NEAREST_EXISTING_NATIVE_SNAPSHOT_WITHIN_TOLERANCE,0.0,,,,1.0,0.0,0.0,NATIVE_NO_CLOUD_COLUMN_AT_THRESHOLD,COARSE_LOW_CLOUD_NATIVE_NO_COLUMN_AT_THRESHOLD,OBSERVER_ENVIRONMENT_TIMELINE_ONLY_NO_PHYSICS_PROMOTION,False,False,False,False
2026-09-14 18:00:21.746064+08:00,2026-09-14 18:00:21.746064+08:00,0,5,EVENT_TIME,CORE_0_TO_MINUS6_TIME_RANGE,OPENMETEO_ROUTE_LINEAR_INTERPOLATION_EXISTING_CONTRACT,-5.0_0100,-5.0,100.0,EXTENDED_GT40_100KM,33.06644630666667,0.0,0.0,13275.046729866666,86.00604057333334,0.0,2026-09-14 18:00:21.746064+08:00,0.0,NEAREST_EXISTING_NATIVE_SNAPSHOT_WITHIN_TOLERANCE,0.0,,,,1.0,0.0,0.0,NATIVE_NO_CLOUD_COLUMN_AT_THRESHOLD,COARSE_LOW_CLOUD_NATIVE_NO_COLUMN_AT_THRESHOLD,OBSERVER_ENVIRONMENT_TIMELINE_ONLY_NO_PHYSICS_PROMOTION,False,False,False,False
2026-09-14 18:00:21.746064+08:00,2026-09-14 18:00:21.746064+08:00,0,5,EVENT_TIME,CORE_0_TO_MINUS6_TIME_RANGE,OPENMETEO_ROUTE_LINEAR_INTERPOLATION_EXISTING_CONTRACT,+0.0_0005,0.0,5.0,NEAR_OBSERVER_0_10KM,2.0422840133333335,2.0060405733333333,0.0,16801.625252533333,86.95771598666667,0.0,2026-09-14 18:00:21.746064+08:00,0.0,NEAREST_EXISTING_NATIVE_SNAPSHOT_WITHIN_TOLERANCE,0.0,,,,1.0,0.0,0.0,NATIVE_NO_CLOUD_COLUMN_AT_THRESHOLD,COARSE_LOW_CLOUD_NATIVE_NO_COLUMN_AT_THRESHOLD,OBSERVER_ENVIRONMENT_TIMELINE_ONLY_NO_PHYSICS_PROMOTION,False,False,False,False
2026-09-14 18:00:21.746064+08:00,2026-09-14 18:00:21.746064+08:00,0,5,EVENT_TIME,CORE_0_TO_MINUS6_TIME_RANGE,OPENMETEO_ROUTE_LINEAR_INTERPOLATION_EXISTING_CONTRACT,+0.0_0010,0.0,10.0,NEAR_OBSERVER_0_10KM,1.0241622933333334,2.01812172,0.0,19127.6111224,84.96979713333333,0.0,2026-09-14 18:00:21.746064+08:00,0.0,NEAREST_EXISTING_NATIVE_SNAPSHOT_WITHIN_TOLERANCE,0.0,,,,1.0,0.0,0.0,NATIVE_NO_CLOUD_COLUMN_AT_THRESHOLD,COARSE_LOW_CLOUD_NATIVE_NO_COLUMN_AT_THRESHOLD,OBSERVER_ENVIRONMENT_TIMELINE_ONLY_NO_PHYSICS_PROMOTION,False,False,False,False
2026-09-14 18:00:21.746064+08:00,2026-09-14 18:00:21.746064+08:00,0,5,EVENT_TIME,CORE_0_TO_MINUS6_TIME_RANGE,OPENMETEO_ROUTE_LINEAR_INTERPOLATION_EXISTING_CONTRACT,+0.0_0015,0.0,15.0,PRIMARY_GT10_40KM,2.01812172,0.0,0.0,16240.845680266666,88.99395942666666,0.0,2026-09-14 18:00:21.746064+08:00,0.0,NEAREST_EXISTING_NATIVE_SNAPSHOT_WITHIN_TOLERANCE,0.0,,,,1.0,0.0,0.0,NATIVE_NO_CLOUD_COLUMN_AT_THRESHOLD,COARSE_LOW_CLOUD_NATIVE_NO_COLUMN_AT_THRESHOLD,OBSERVER_ENVIRONMENT_TIMELINE_ONLY_NO_PHYSICS_PROMOTION,False,False,False,False
2026-09-14 18:00:21.746064+08:00,2026-09-14 18:00:21.746064+08:00,0,5,EVENT_TIME,CORE_0_TO_MINUS6_TIME_RANGE,OPENMETEO_ROUTE_LINEAR_INTERPOLATION_EXISTING_CONTRACT,+0.0_0020,0.0,20.0,PRIMARY_GT10_40KM,3.9939594266666667,0.9939594266666667,0.0,16020.604057333334,87.01208114666667,0.0,2026-09-14 18:00:21.746064+08:00,0.0,NEAREST_EXISTING_NATIVE_SNAPSHOT_WITHIN_TOLERANCE,0.0,,,,1.0,0.0,0.0,NATIVE_NO_CLOUD_COLUMN_AT_THRESHOLD,COARSE_LOW_CLOUD_NATIVE_NO_COLUMN_AT_THRESHOLD,OBSERVER_ENVIRONMENT_TIMELINE_ONLY_NO_PHYSICS_PROMOTION,False,False,False,False
2026-09-14 18:00:21.746064+08:00,2026-09-14 18:00:21.746064+08:00,0,5,EVENT_TIME,CORE_0_TO_MINUS6_TIME_RANGE,OPENMETEO_ROUTE_LINEAR_INTERPOLATION_EXISTING_CONTRACT,+0.0_0025,0.0,25.0,PRIMARY_GT10_40KM,3.9939594266666667,0.9939594266666667,0.0,16020.604057333334,87.01208114666667,0.0,2026-09-14 18:00:21.746064+08:00,0.0,NEAREST_EXISTING_NATIVE_SNAPSHOT_WITHIN_TOLERANCE,0.0,,,,1.0,0.0,0.0,NATIVE_NO_CLOUD_COLUMN_AT_THRESHOLD,COARSE_LOW_CLOUD_NATIVE_NO_COLUMN_AT_THRESHOLD,OBSERVER_ENVIRONMENT_TIMELINE_ONLY_NO_PHYSICS_PROMOTION,False,False,False,False
2026-09-14 18:00:21.746064+08:00,2026-09-14 18:00:21.746064+08:00,0,5,EVENT_TIME,CORE_0_TO_MINUS6_TIME_RANGE,OPENMETEO_ROUTE_LINEAR_INTERPOLATION_EXISTING_CONTRACT,+0.0_0030,0.0,30.0,PRIMARY_GT10_40KM,4.98187828,0.9939594266666667,0.0,16099.516754133334,88.0,0.0,2026-09-14 18:00:21.746064+08:00,0.0,NEAREST_EXISTING_NATIVE_SNAPSHOT_WITHIN_TOLERANCE,0.0,,,,1.0,0.0,0.0,NATIVE_NO_CLOUD_COLUMN_AT_THRESHOLD,COARSE_LOW_CLOUD_NATIVE_NO_COLUMN_AT_THRESHOLD,OBSERVER_ENVIRONMENT_TIMELINE_ONLY_NO_PHYSICS_PROMOTION,False,False,False,False
2026-09-14 18:00:21.746064+08:00,2026-09-14 18:00:21.746064+08:00,0,5,EVENT_TIME,CORE_0_TO_MINUS6_TIME_RANGE,OPENMETEO_ROUTE_LINEAR_INTERPOLATION_EXISTING_CONTRACT,+0.0_0035,0.0,35.0,PRIMARY_GT10_40KM,4.98187828,0.9939594266666667,0.0,16099.516754133334,88.0,0.0,2026-09-14 18:00:21.746064+08:00,0.0,NEAREST_EXISTING_NATIVE_SNAPSHOT_WITHIN_TOLERANCE,0.0,,,,1.0,0.0,0.0,NATIVE_NO_CLOUD_COLUMN_AT_THRESHOLD,COARSE_LOW_CLOUD_NATIVE_NO_COLUMN_AT_THRESHOLD,OBSERVER_ENVIRONMENT_TIMELINE_ONLY_NO_PHYSICS_PROMOTION,False,False,False,False
2026-09-14 18:00:21.746064+08:00,2026-09-14 18:00:21.746064+08:00,0,5,EVENT_TIME,CORE_0_TO_MINUS6_TIME_RANGE,OPENMETEO_ROUTE_LINEAR_INTERPOLATION_EXISTING_CONTRACT,+0.0_0040,0.0,40.0,PRIMARY_GT10_40KM,4.975837706666667,0.9939594266666667,0.0,14883.503532533334,87.98791885333333,0.0,2026-09-14 18:00:21.746064+08:00,0.0,NEAREST_EXISTING_NATIVE_SNAPSHOT_WITHIN_TOLERANCE,0.0,,,,1.0,0.0,0.0,NATIVE_NO_CLOUD_COLUMN_AT_THRESHOLD,COARSE_LOW_CLOUD_NATIVE_NO_COLUMN_AT_THRESHOLD,OBSERVER_ENVIRONMENT_TIMELINE_ONLY_NO_PHYSICS_PROMOTION,False,False,False,False
2026-09-14 18:00:21.746064+08:00,2026-09-14 18:00:21.746064+08:00,0,5,EVENT_TIME,CORE_0_TO_MINUS6_TIME_RANGE,OPENMETEO_ROUTE_LINEAR_INTERPOLATION_EXISTING_CONTRACT,+0.0_0050,0.0,50.0,EXTENDED_GT40_100KM,26.842945093333334,0.9939594266666667,0.0,13949.4232944,87.99395942666666,0.0,2026-09-14 18:00:21.746064+08:00,0.0,NEAREST_EXISTING_NATIVE_SNAPSHOT_WITHIN_TOLERANCE,0.0,,,,1.0,0.0,0.0,NATIVE_NO_CLOUD_COLUMN_AT_THRESHOLD,COARSE_LOW_CLOUD_NATIVE_NO_COLUMN_AT_THRESHOLD,OBSERVER_ENVIRONMENT_TIMELINE_ONLY_NO_PHYSICS_PROMOTION,False,False,False,False
2026-09-14 18:00:21.746064+08:00,2026-09-14 18:00:21.746064+08:00,0,5,EVENT_TIME,CORE_0_TO_MINUS6_TIME_RANGE,OPENMETEO_ROUTE_LINEAR_INTERPOLATION_EXISTING_CONTRACT,+0.0_0060,0.0,60.0,EXTENDED_GT40_100KM,26.975837706666667,0.006040573333333334,0.0,13547.490310933334,87.98791885333333,0.0,2026-09-14 18:00:21.746064+08:00,0.0,NEAREST_EXISTING_NATIVE_SNAPSHOT_WITHIN_TOLERANCE,0.0,,,,1.0,0.0,0.0,NATIVE_NO_CLOUD_COLUMN_AT_THRESHOLD,COARSE_LOW_CLOUD_NATIVE_NO_COLUMN_AT_THRESHOLD,OBSERVER_ENVIRONMENT_TIMELINE_ONLY_NO_PHYSICS_PROMOTION,False,False,False,False
2026-09-14 18:00:21.746064+08:00,2026-09-14 18:00:21.746064+08:00,0,5,EVENT_TIME,CORE_0_TO_MINUS6_TIME_RANGE,OPENMETEO_ROUTE_LINEAR_INTERPOLATION_EXISTING_CONTRACT,+0.0_0070,0.0,70.0,EXTENDED_GT40_100KM,37.99395942666666,0.006040573333333334,0.0,13718.308639466666,87.98791885333333,0.0,2026-09-14 18:00:21.746064+08:00,0.0,NEAREST_EXISTING_NATIVE_SNAPSHOT_WITHIN_TOLERANCE,0.0,,,,1.0,0.0,0.0,NATIVE_NO_CLOUD_COLUMN_AT_THRESHOLD,COARSE_LOW_CLOUD_NATIVE_NO_COLUMN_AT_THRESHOLD,OBSERVER_ENVIRONMENT_TIMELINE_ONLY_NO_PHYSICS_PROMOTION,False,False,False,False
2026-09-14 18:00:21.746064+08:00,2026-09-14 18:00:21.746064+08:00,0,5,EVENT_TIME,CORE_0_TO_MINUS6_TIME_RANGE,OPENMETEO_ROUTE_LINEAR_INTERPOLATION_EXISTING_CONTRACT,+0.0_0080,0.0,80.0,EXTENDED_GT40_100KM,29.0906086,0.006040573333333334,0.0,13982.416229333334,87.98791885333333,0.0,2026-09-14 18:00:21.746064+08:00,0.0,NEAREST_EXISTING_NATIVE_SNAPSHOT_WITHIN_TOLERANCE,0.0,,,,1.0,0.0,0.0,NATIVE_NO_CLOUD_COLUMN_AT_THRESHOLD,COARSE_LOW_CLOUD_NATIVE_NO_COLUMN_AT_THRESHOLD,OBSERVER_ENVIRONMENT_TIMELINE_ONLY_NO_PHYSICS_PROMOTION,False,False,False,False
2026-09-14 18:00:21.746064+08:00,2026-09-14 18:00:21.746064+08:00,0,5,EVENT_TIME,CORE_0_TO_MINUS6_TIME_RANGE,OPENMETEO_ROUTE_LINEAR_INTERPOLATION_EXISTING_CONTRACT,+0.0_0090,0.0,90.0,EXTENDED_GT40_100KM,24.23558236,0.006040573333333334,0.0,13943.2619096,87.98791885333333,0.0,2026-09-14 18:00:21.746064+08:00,0.0,NEAREST_EXISTING_NATIVE_SNAPSHOT_WITHIN_TOLERANCE,0.0,,,,1.0,0.0,0.0,NATIVE_NO_CLOUD_COLUMN_AT_THRESHOLD,COARSE_LOW_CLOUD_NATIVE_NO_COLUMN_AT_THRESHOLD,OBSERVER_ENVIRONMENT_TIMELINE_ONLY_NO_PHYSICS_PROMOTION,False,False,False,False
2026-09-14 18:00:21.746064+08:00,2026-09-14 18:00:21.746064+08:00,0,5,EVENT_TIME,CORE_0_TO_MINUS6_TIME_RANGE,OPENMETEO_ROUTE_LINEAR_INTERPOLATION_EXISTING_CONTRACT,+0.0_0100,0.0,100.0,EXTENDED_GT40_100KM,16.25370408,0.0,0.0,13869.247779466667,87.0,0.0,2026-09-14 18:00:21.746064+08:00,0.0,NEAREST_EXISTING_NATIVE_SNAPSHOT_WITHIN_TOLERANCE,0.0,,,,1.0,0.0,0.0,NATIVE_NO_CLOUD_COLUMN_AT_THRESHOLD,COARSE_LOW_CLOUD_NATIVE_NO_COLUMN_AT_THRESHOLD,OBSERVER_ENVIRONMENT_TIMELINE_ONLY_NO_PHYSICS_PROMOTION,False,False,False,False
2026-09-14 18:00:21.746064+08:00,2026-09-14 18:00:21.746064+08:00,0,5,EVENT_TIME,CORE_0_TO_MINUS6_TIME_RANGE,OPENMETEO_ROUTE_LINEAR_INTERPOLATION_EXISTING_CONTRACT,+5.0_0005,5.0,5.0,NEAR_OBSERVER_0_10KM,2.0422840133333335,2.0060405733333333,0.0,16801.625252533333,86.95771598666667,0.0,2026-09-14 18:00:21.746064+08:00,0.0,NEAREST_EXISTING_NATIVE_SNAPSHOT_WITHIN_TOLERANCE,0.0,,,,1.0,0.0,0.0,NATIVE_NO_CLOUD_COLUMN_AT_THRESHOLD,COARSE_LOW_CLOUD_NATIVE_NO_COLUMN_AT_THRESHOLD,OBSERVER_ENVIRONMENT_TIMELINE_ONLY_NO_PHYSICS_PROMOTION,False,False,False,False
2026-09-14 18:00:21.746064+08:00,2026-09-14 18:00:21.746064+08:00,0,5,EVENT_TIME,CORE_0_TO_MINUS6_TIME_RANGE,OPENMETEO_ROUTE_LINEAR_INTERPOLATION_EXISTING_CONTRACT,+5.0_0010,5.0,10.0,NEAR_OBSERVER_0_10KM,2.0422840133333335,2.0060405733333333,0.0,16801.625252533333,86.95771598666667,0.0,2026-09-14 18:00:21.746064+08:00,0.0,NEAREST_EXISTING_NATIVE_SNAPSHOT_WITHIN_TOLERANCE,0.0,,,,1.0,0.0,0.0,NATIVE_NO_CLOUD_COLUMN_AT_THRESHOLD,COARSE_LOW_CLOUD_NATIVE_NO_COLUMN_AT_THRESHOLD,OBSERVER_ENVIRONMENT_TIMELINE_ONLY_NO_PHYSICS_PROMOTION,False,False,False,False
2026-09-14 18:00:21.746064+08:00,2026-09-14 18:00:21.746064+08:00,0,5,EVENT_TIME,CORE_0_TO_MINUS6_TIME_RANGE,OPENMETEO_ROUTE_LINEAR_INTERPOLATION_EXISTING_CONTRACT,+5.0_0015,5.0,15.0,PRIMARY_GT10_40KM,2.01812172,0.0,0.0,16240.845680266666,88.99395942666666,0.0,2026-09-14 18:00:21.746064+08:00,0.0,NEAREST_EXISTING_NATIVE_SNAPSHOT_WITHIN_TOLERANCE,0.0,,,,1.0,0.0,0.0,NATIVE_NO_CLOUD_COLUMN_AT_THRESHOLD,COARSE_LOW_CLOUD_NATIVE_NO_COLUMN_AT_THRESHOLD,OBSERVER_ENVIRONMENT_TIMELINE_ONLY_NO_PHYSICS_PROMOTION,False,False,False,False
2026-09-14 18:00:21.746064+08:00,2026-09-14 18:00:21.746064+08:00,0,5,EVENT_TIME,CORE_0_TO_MINUS6_TIME_RANGE,OPENMETEO_ROUTE_LINEAR_INTERPOLATION_EXISTING_CONTRACT,+5.0_0020,5.0,20.0,PRIMARY_GT10_40KM,3.9939594266666667,0.9939594266666667,0.0,16020.604057333334,87.01208114666667,0.0,2026-09-14 18:00:21.746064+08:00,0.0,NEAREST_EXISTING_NATIVE_SNAPSHOT_WITHIN_TOLERANCE,0.0,,,,1.0,0.0,0.0,NATIVE_NO_CLOUD_COLUMN_AT_THRESHOLD,COARSE_LOW_CLOUD_NATIVE_NO_COLUMN_AT_THRESHOLD,OBSERVER_ENVIRONMENT_TIMELINE_ONLY_NO_PHYSICS_PROMOTION,False,False,False,False
2026-09-14 18:00:21.746064+08:00,2026-09-14 18:00:21.746064+08:00,0,5,EVENT_TIME,CORE_0_TO_MINUS6_TIME_RANGE,OPENMETEO_ROUTE_LINEAR_INTERPOLATION_EXISTING_CONTRACT,+5.0_0025,5.0,25.0,PRIMARY_GT10_40KM,3.9939594266666667,0.9939594266666667,0.0,16020.604057333334,87.01208114666667,0.0,2026-09-14 18:00:21.746064+08:00,0.0,NEAREST_EXISTING_NATIVE_SNAPSHOT_WITHIN_TOLERANCE,0.0,,,,1.0,0.0,0.0,NATIVE_NO_CLOUD_COLUMN_AT_THRESHOLD,COARSE_LOW_CLOUD_NATIVE_NO_COLUMN_AT_THRESHOLD,OBSERVER_ENVIRONMENT_TIMELINE_ONLY_NO_PHYSICS_PROMOTION,False,False,False,False
2026-09-14 18:00:21.746064+08:00,2026-09-14 18:00:21.746064+08:00,0,5,EVENT_TIME,CORE_0_TO_MINUS6_TIME_RANGE,OPENMETEO_ROUTE_LINEAR_INTERPOLATION_EXISTING_CONTRACT,+5.0_0030,5.0,30.0,PRIMARY_GT10_40KM,4.98187828,0.9939594266666667,0.0,16099.516754133334,88.0,0.0,2026-09-14 18:00:21.746064+08:00,0.0,NEAREST_EXISTING_NATIVE_SNAPSHOT_WITHIN_TOLERANCE,0.0,,,,1.0,0.0,0.0,NATIVE_NO_CLOUD_COLUMN_AT_THRESHOLD,COARSE_LOW_CLOUD_NATIVE_NO_COLUMN_AT_THRESHOLD,OBSERVER_ENVIRONMENT_TIMELINE_ONLY_NO_PHYSICS_PROMOTION,False,False,False,False
2026-09-14 18:00:21.746064+08:00,2026-09-14 18:00:21.746064+08:00,0,5,EVENT_TIME,CORE_0_TO_MINUS6_TIME_RANGE,OPENMETEO_ROUTE_LINEAR_INTERPOLATION_EXISTING_CONTRACT,+5.0_0035,5.0,35.0,PRIMARY_GT10_40KM,4.98187828,0.9939594266666667,0.0,16099.516754133334,88.0,0.0,2026-09-14 18:00:21.746064+08:00,0.0,NEAREST_EXISTING_NATIVE_SNAPSHOT_WITHIN_TOLERANCE,0.0,,,,1.0,0.0,0.0,NATIVE_NO_CLOUD_COLUMN_AT_THRESHOLD,COARSE_LOW_CLOUD_NATIVE_NO_COLUMN_AT_THRESHOLD,OBSERVER_ENVIRONMENT_TIMELINE_ONLY_NO_PHYSICS_PROMOTION,False,False,False,False
2026-09-14 18:00:21.746064+08:00,2026-09-14 18:00:21.746064+08:00,0,5,EVENT_TIME,CORE_0_TO_MINUS6_TIME_RANGE,OPENMETEO_ROUTE_LINEAR_INTERPOLATION_EXISTING_CONTRACT,+5.0_0040,5.0,40.0,PRIMARY_GT10_40KM,4.975837706666667,0.9939594266666667,0.0,14883.503532533334,87.98791885333333,0.0,2026-09-14 18:00:21.746064+08:00,0.0,NEAREST_EXISTING_NATIVE_SNAPSHOT_WITHIN_TOLERANCE,0.0,,,,1.0,0.0,0.0,NATIVE_NO_CLOUD_COLUMN_AT_THRESHOLD,COARSE_LOW_CLOUD_NATIVE_NO_COLUMN_AT_THRESHOLD,OBSERVER_ENVIRONMENT_TIMELINE_ONLY_NO_PHYSICS_PROMOTION,False,False,False,False
2026-09-14 18:00:21.746064+08:00,2026-09-14 18:00:21.746064+08:00,0,5,EVENT_TIME,CORE_0_TO_MINUS6_TIME_RANGE,OPENMETEO_ROUTE_LINEAR_INTERPOLATION_EXISTING_CONTRACT,+5.0_0050,5.0,50.0,EXTENDED_GT40_100KM,29.861066813333334,0.9939594266666667,0.0,12836.188736533333,87.0,0.0,2026-09-14 18:00:21.746064+08:00,0.0,NEAREST_EXISTING_NATIVE_SNAPSHOT_WITHIN_TOLERANCE,0.0,,,,1.0,0.0,0.0,NATIVE_NO_CLOUD_COLUMN_AT_THRESHOLD,COARSE_LOW_CLOUD_NATIVE_NO_COLUMN_AT_THRESHOLD,OBSERVER_ENVIRONMENT_TIMELINE_ONLY_NO_PHYSICS_PROMOTION,False,False,False,False
2026-09-14 18:00:21.746064+08:00,2026-09-14 18:00:21.746064+08:00,0,5,EVENT_TIME,CORE_0_TO_MINUS6_TIME_RANGE,OPENMETEO_ROUTE_LINEAR_INTERPOLATION_EXISTING_CONTRACT,+5.0_0060,5.0,60.0,EXTENDED_GT40_100KM,46.92751312,0.9939594266666667,0.0,12424.107589866666,86.98791885333333,0.0,2026-09-14 18:00:21.746064+08:00,0.0,NEAREST_EXISTING_NATIVE_SNAPSHOT_WITHIN_TOLERANCE,0.0,,,,1.0,0.0,0.0,NATIVE_NO_CLOUD_COLUMN_AT_THRESHOLD,COARSE_LOW_CLOUD_NATIVE_NO_COLUMN_AT_THRESHOLD,OBSERVER_ENVIRONMENT_TIMELINE_ONLY_NO_PHYSICS_PROMOTION,False,False,False,False
2026-09-14 18:00:21.746064+08:00,2026-09-14 18:00:21.746064+08:00,0,5,EVENT_TIME,CORE_0_TO_MINUS6_TIME_RANGE,OPENMETEO_ROUTE_LINEAR_INTERPOLATION_EXISTING_CONTRACT,+5.0_0070,5.0,70.0,EXTENDED_GT40_100KM,57.921472546666664,1.0,0.0,13094.080238133334,87.98791885333333,0.0,2026-09-14 18:00:21.746064+08:00,0.0,NEAREST_EXISTING_NATIVE_SNAPSHOT_WITHIN_TOLERANCE,0.0,,,,1.0,0.0,0.0,NATIVE_NO_CLOUD_COLUMN_AT_THRESHOLD,COARSE_LOW_CLOUD_NATIVE_NO_COLUMN_AT_THRESHOLD,OBSERVER_ENVIRONMENT_TIMELINE_ONLY_NO_PHYSICS_PROMOTION,False,False,False,False
2026-09-14 18:00:21.746064+08:00,2026-09-14 18:00:21.746064+08:00,0,5,EVENT_TIME,CORE_0_TO_MINUS6_TIME_RANGE,OPENMETEO_ROUTE_LINEAR_INTERPOLATION_EXISTING_CONTRACT,+5.0_0080,5.0,80.0,EXTENDED_GT40_100KM,41.01812172,0.006040573333333334,0.0,13524.953270133334,87.98791885333333,0.0,2026-09-14 18:00:21.746064+08:00,0.0,NEAREST_EXISTING_NATIVE_SNAPSHOT_WITHIN_TOLERANCE,0.0,,,,1.0,0.0,0.0,NATIVE_NO_CLOUD_COLUMN_AT_THRESHOLD,COARSE_LOW_CLOUD_NATIVE_NO_COLUMN_AT_THRESHOLD,OBSERVER_ENVIRONMENT_TIMELINE_ONLY_NO_PHYSICS_PROMOTION,False,False,False,False
2026-09-14 18:00:21.746064+08:00,2026-09-14 18:00:21.746064+08:00,0,5,EVENT_TIME,CORE_0_TO_MINUS6_TIME_RANGE,OPENMETEO_ROUTE_LINEAR_INTERPOLATION_EXISTING_CONTRACT,+5.0_0090,5.0,90.0,EXTENDED_GT40_100KM,47.07248688,0.006040573333333334,0.0,13372.3888776,87.98187828,0.0,2026-09-14 18:00:21.746064+08:00,0.0,NEAREST_EXISTING_NATIVE_SNAPSHOT_WITHIN_TOLERANCE,0.0,,,,1.0,0.0,0.0,NATIVE_NO_CLOUD_COLUMN_AT_THRESHOLD,COARSE_LOW_CLOUD_NATIVE_NO_COLUMN_AT_THRESHOLD,OBSERVER_ENVIRONMENT_TIMELINE_ONLY_NO_PHYSICS_PROMOTION,False,False,False,False
2026-09-14 18:00:21.746064+08:00,2026-09-14 18:00:21.746064+08:00,0,5,EVENT_TIME,CORE_0_TO_MINUS6_TIME_RANGE,OPENMETEO_ROUTE_LINEAR_INTERPOLATION_EXISTING_CONTRACT,+5.0_0100,5.0,100.0,EXTENDED_GT40_100KM,33.14497376,0.006040573333333334,0.0,13274.442672533334,87.98791885333333,0.0,2026-09-14 18:00:21.746064+08:00,0.0,NEAREST_EXISTING_NATIVE_SNAPSHOT_WITHIN_TOLERANCE,0.0,,,,1.0,0.0,0.0,NATIVE_NO_CLOUD_COLUMN_AT_THRESHOLD,COARSE_LOW_CLOUD_NATIVE_NO_COLUMN_AT_THRESHOLD,OBSERVER_ENVIRONMENT_TIMELINE_ONLY_NO_PHYSICS_PROMOTION,False,False,False,False
2026-09-14 18:05:21.746064+08:00,2026-09-14 18:00:21.746064+08:00,5,5,POST_EVENT_DIAGNOSTIC,CORE_0_TO_MINUS6_TIME_RANGE,OPENMETEO_ROUTE_LINEAR_INTERPOLATION_EXISTING_CONTRACT,-5.0_0000,-5.0,0.0,NEAR_OBSERVER_0_10KM,2.6256173466666666,2.089373906666667,0.0,17099.958585866665,86.37438265333333,0.0,2026-09-14 18:04:45.666274+08:00,36.07979,NEAREST_EXISTING_NATIVE_SNAPSHOT_WITHIN_TOLERANCE,-1.0,,,,1.0,0.0,0.0,NATIVE_NO_CLOUD_COLUMN_AT_THRESHOLD,COARSE_LOW_CLOUD_NATIVE_NO_COLUMN_AT_THRESHOLD,OBSERVER_ENVIRONMENT_TIMELINE_ONLY_NO_PHYSICS_PROMOTION,False,False,False,False
2026-09-14 18:05:21.746064+08:00,2026-09-14 18:00:21.746064+08:00,5,5,POST_EVENT_DIAGNOSTIC,CORE_0_TO_MINUS6_TIME_RANGE,OPENMETEO_ROUTE_LINEAR_INTERPOLATION_EXISTING_CONTRACT,+0.0_0000,0.0,0.0,NEAR_OBSERVER_0_10KM,2.6256173466666666,2.089373906666667,0.0,17099.958585866665,86.37438265333333,0.0,2026-09-14 18:04:45.666274+08:00,36.07979,NEAREST_EXISTING_NATIVE_SNAPSHOT_WITHIN_TOLERANCE,-1.0,,,,1.0,0.0,0.0,NATIVE_NO_CLOUD_COLUMN_AT_THRESHOLD,COARSE_LOW_CLOUD_NATIVE_NO_COLUMN_AT_THRESHOLD,OBSERVER_ENVIRONMENT_TIMELINE_ONLY_NO_PHYSICS_PROMOTION,False,False,False,False
2026-09-14 18:05:21.746064+08:00,2026-09-14 18:00:21.746064+08:00,5,5,POST_EVENT_DIAGNOSTIC,CORE_0_TO_MINUS6_TIME_RANGE,OPENMETEO_ROUTE_LINEAR_INTERPOLATION_EXISTING_CONTRACT,+5.0_0000,5.0,0.0,NEAR_OBSERVER_0_10KM,2.6256173466666666,2.089373906666667,0.0,17099.958585866665,86.37438265333333,0.0,2026-09-14 18:04:45.666274+08:00,36.07979,NEAREST_EXISTING_NATIVE_SNAPSHOT_WITHIN_TOLERANCE,-1.0,,,,1.0,0.0,0.0,NATIVE_NO_CLOUD_COLUMN_AT_THRESHOLD,COARSE_LOW_CLOUD_NATIVE_NO_COLUMN_AT_THRESHOLD,OBSERVER_ENVIRONMENT_TIMELINE_ONLY_NO_PHYSICS_PROMOTION,False,False,False,False
2026-09-14 18:05:21.746064+08:00,2026-09-14 18:00:21.746064+08:00,5,5,POST_EVENT_DIAGNOSTIC,CORE_0_TO_MINUS6_TIME_RANGE,OPENMETEO_ROUTE_LINEAR_INTERPOLATION_EXISTING_CONTRACT,-5.0_0005,-5.0,5.0,NEAR_OBSERVER_0_10KM,2.6256173466666666,2.089373906666667,0.0,17099.958585866665,86.37438265333333,0.0,2026-09-14 18:04:45.666274+08:00,36.07979,NEAREST_EXISTING_NATIVE_SNAPSHOT_WITHIN_TOLERANCE,-1.0,,,,1.0,0.0,0.0,NATIVE_NO_CLOUD_COLUMN_AT_THRESHOLD,COARSE_LOW_CLOUD_NATIVE_NO_COLUMN_AT_THRESHOLD,OBSERVER_ENVIRONMENT_TIMELINE_ONLY_NO_PHYSICS_PROMOTION,False,False,False,False
2026-09-14 18:05:21.746064+08:00,2026-09-14 18:00:21.746064+08:00,5,5,POST_EVENT_DIAGNOSTIC,CORE_0_TO_MINUS6_TIME_RANGE,OPENMETEO_ROUTE_LINEAR_INTERPOLATION_EXISTING_CONTRACT,-5.0_0010,-5.0,10.0,NEAR_OBSERVER_0_10KM,1.3574956266666667,2.26812172,0.0,19232.6111224,84.55313046666667,0.0,2026-09-14 18:04:45.666274+08:00,36.07979,NEAREST_EXISTING_NATIVE_SNAPSHOT_WITHIN_TOLERANCE,-1.0,,,,1.0,0.0,0.0,NATIVE_NO_CLOUD_COLUMN_AT_THRESHOLD,COARSE_LOW_CLOUD_NATIVE_NO_COLUMN_AT_THRESHOLD,OBSERVER_ENVIRONMENT_TIMELINE_ONLY_NO_PHYSICS_PROMOTION,False,False,False,False
2026-09-14 18:05:21.746064+08:00,2026-09-14 18:00:21.746064+08:00,5,5,POST_EVENT_DIAGNOSTIC,CORE_0_TO_MINUS6_TIME_RANGE,OPENMETEO_ROUTE_LINEAR_INTERPOLATION_EXISTING_CONTRACT,-5.0_0015,-5.0,15.0,PRIMARY_GT10_40KM,1.3574956266666667,2.26812172,0.0,19232.6111224,84.55313046666667,0.0,2026-09-14 18:04:45.666274+08:00,36.07979,NEAREST_EXISTING_NATIVE_SNAPSHOT_WITHIN_TOLERANCE,-1.0,,,,1.0,0.0,0.0,NATIVE_NO_CLOUD_COLUMN_AT_THRESHOLD,COARSE_LOW_CLOUD_NATIVE_NO_COLUMN_AT_THRESHOLD,OBSERVER_ENVIRONMENT_TIMELINE_ONLY_NO_PHYSICS_PROMOTION,False,False,False,False
2026-09-14 18:05:21.746064+08:00,2026-09-14 18:00:21.746064+08:00,5,5,POST_EVENT_DIAGNOSTIC,CORE_0_TO_MINUS6_TIME_RANGE,OPENMETEO_ROUTE_LINEAR_INTERPOLATION_EXISTING_CONTRACT,-5.0_0020,-5.0,20.0,PRIMARY_GT10_40KM,2.0,0.08937390666666667,0.0,16274.299825066666,89.91062609333333,0.0,2026-09-14 18:04:45.666274+08:00,36.07979,NEAREST_EXISTING_NATIVE_SNAPSHOT_WITHIN_TOLERANCE,-1.0,,,,1.0,0.0,0.0,NATIVE_NO_CLOUD_COLUMN_AT_THRESHOLD,COARSE_LOW_CLOUD_NATIVE_NO_COLUMN_AT_THRESHOLD,OBSERVER_ENVIRONMENT_TIMELINE_ONLY_NO_PHYSICS_PROMOTION,False,False,False,False
2026-09-14 18:05:21.746064+08:00,2026-09-14 18:00:21.746064+08:00,5,5,POST_EVENT_DIAGNOSTIC,CORE_0_TO_MINUS6_TIME_RANGE,OPENMETEO_ROUTE_LINEAR_INTERPOLATION_EXISTING_CONTRACT,-5.0_0025,-5.0,25.0,PRIMARY_GT10_40KM,4.642504373333333,0.9106260933333333,0.0,16105.3624344,88.08937390666667,0.0,2026-09-14 18:04:45.666274+08:00,36.07979,NEAREST_EXISTING_NATIVE_SNAPSHOT_WITHIN_TOLERANCE,-1.0,,,,1.0,0.0,0.0,NATIVE_NO_CLOUD_COLUMN_AT_THRESHOLD,COARSE_LOW_CLOUD_NATIVE_NO_COLUMN_AT_THRESHOLD,OBSERVER_ENVIRONMENT_TIMELINE_ONLY_NO_PHYSICS_PROMOTION,False,False,False,False
2026-09-14 18:05:21.746064+08:00,2026-09-14 18:00:21.746064+08:00,5,5,POST_EVENT_DIAGNOSTIC,CORE_0_TO_MINUS6_TIME_RANGE,OPENMETEO_ROUTE_LINEAR_INTERPOLATION_EXISTING_CONTRACT,-5.0_0030,-5.0,30.0,PRIMARY_GT10_40KM,4.642504373333333,0.9106260933333333,0.0,16105.3624344,88.08937390666667,0.0,2026-09-14 18:04:45.666274+08:00,36.07979,NEAREST_EXISTING_NATIVE_SNAPSHOT_WITHIN_TOLERANCE,-1.0,,,,1.0,0.0,0.0,NATIVE_NO_CLOUD_COLUMN_AT_THRESHOLD,COARSE_LOW_CLOUD_NATIVE_NO_COLUMN_AT_THRESHOLD,OBSERVER_ENVIRONMENT_TIMELINE_ONLY_NO_PHYSICS_PROMOTION,False,False,False,False
2026-09-14 18:05:21.746064+08:00,2026-09-14 18:00:21.746064+08:00,5,5,POST_EVENT_DIAGNOSTIC,CORE_0_TO_MINUS6_TIME_RANGE,OPENMETEO_ROUTE_LINEAR_INTERPOLATION_EXISTING_CONTRACT,-5.0_0035,-5.0,35.0,PRIMARY_GT10_40KM,10.19563484,0.9106260933333333,0.0,15883.237215733334,87.91062609333333,0.0,2026-09-14 18:04:45.666274+08:00,36.07979,NEAREST_EXISTING_NATIVE_SNAPSHOT_WITHIN_TOLERANCE,-1.0,,,,1.0,0.0,0.0,NATIVE_NO_CLOUD_COLUMN_AT_THRESHOLD,COARSE_LOW_CLOUD_NATIVE_NO_COLUMN_AT_THRESHOLD,OBSERVER_ENVIRONMENT_TIMELINE_ONLY_NO_PHYSICS_PROMOTION,False,False,False,False
2026-09-14 18:05:21.746064+08:00,2026-09-14 18:00:21.746064+08:00,5,5,POST_EVENT_DIAGNOSTIC,CORE_0_TO_MINUS6_TIME_RANGE,OPENMETEO_ROUTE_LINEAR_INTERPOLATION_EXISTING_CONTRACT,-5.0_0040,-5.0,40.0,PRIMARY_GT10_40KM,10.19563484,0.9106260933333333,0.0,15883.237215733334,87.91062609333333,0.0,2026-09-14 18:04:45.666274+08:00,36.07979,NEAREST_EXISTING_NATIVE_SNAPSHOT_WITHIN_TOLERANCE,-1.0,,,,1.0,0.0,0.0,NATIVE_NO_CLOUD_COLUMN_AT_THRESHOLD,COARSE_LOW_CLOUD_NATIVE_NO_COLUMN_AT_THRESHOLD,OBSERVER_ENVIRONMENT_TIMELINE_ONLY_NO_PHYSICS_PROMOTION,False,False,False,False
2026-09-14 18:05:21.746064+08:00,2026-09-14 18:00:21.746064+08:00,5,5,POST_EVENT_DIAGNOSTIC,CORE_0_TO_MINUS6_TIME_RANGE,OPENMETEO_ROUTE_LINEAR_INTERPOLATION_EXISTING_CONTRACT,-5.0_0050,-5.0,50.0,EXTENDED_GT40_100KM,9.374382653333333,0.9106260933333333,0.0,15323.434766666667,88.73187828,0.0,2026-09-14 18:04:45.666274+08:00,36.07979,NEAREST_EXISTING_NATIVE_SNAPSHOT_WITHIN_TOLERANCE,-1.0,,,,1.0,0.0,0.0,NATIVE_NO_CLOUD_COLUMN_AT_THRESHOLD,COARSE_LOW_CLOUD_NATIVE_NO_COLUMN_AT_THRESHOLD,OBSERVER_ENVIRONMENT_TIMELINE_ONLY_NO_PHYSICS_PROMOTION,False,False,False,False
2026-09-14 18:05:21.746064+08:00,2026-09-14 18:00:21.746064+08:00,5,5,POST_EVENT_DIAGNOSTIC,CORE_0_TO_MINUS6_TIME_RANGE,OPENMETEO_ROUTE_LINEAR_INTERPOLATION_EXISTING_CONTRACT,-5.0_0060,-5.0,60.0,EXTENDED_GT40_100KM,12.106260933333333,0.0,0.0,14733.286603466666,88.82125218666667,0.0,2026-09-14 18:04:45.666274+08:00,36.07979,NEAREST_EXISTING_NATIVE_SNAPSHOT_WITHIN_TOLERANCE,-1.0,,,,1.0,0.0,0.0,NATIVE_NO_CLOUD_COLUMN_AT_THRESHOLD,COARSE_LOW_CLOUD_NATIVE_NO_COLUMN_AT_THRESHOLD,OBSERVER_ENVIRONMENT_TIMELINE_ONLY_NO_PHYSICS_PROMOTION,False,False,False,False
2026-09-14 18:05:21.746064+08:00,2026-09-14 18:00:21.746064+08:00,5,5,POST_EVENT_DIAGNOSTIC,CORE_0_TO_MINUS6_TIME_RANGE,OPENMETEO_ROUTE_LINEAR_INTERPOLATION_EXISTING_CONTRACT,-5.0_0070,-5.0,70.0,EXTENDED_GT40_100KM,21.748765306666666,0.08937390666666667,0.0,14324.250437333334,87.91062609333333,0.0,2026-09-14 18:04:45.666274+08:00,36.07979,NEAREST_EXISTING_NATIVE_SNAPSHOT_WITHIN_TOLERANCE,-1.0,,,,1.0,0.0,0.0,NATIVE_NO_CLOUD_COLUMN_AT_THRESHOLD,COARSE_LOW_CLOUD_NATIVE_NO_COLUMN_AT_THRESHOLD,OBSERVER_ENVIRONMENT_TIMELINE_ONLY_NO_PHYSICS_PROMOTION,False,False,False,False
2026-09-14 18:05:21.746064+08:00,2026-09-14 18:00:21.746064+08:00,5,5,POST_EVENT_DIAGNOSTIC,CORE_0_TO_MINUS6_TIME_RANGE,OPENMETEO_ROUTE_LINEAR_INTERPOLATION_EXISTING_CONTRACT,-5.0_0080,-5.0,80.0,EXTENDED_GT40_100KM,30.3406086,0.08937390666666667,0.0,14015.749562666666,87.82125218666667,0.0,2026-09-14 18:04:45.666274+08:00,36.07979,NEAREST_EXISTING_NATIVE_SNAPSHOT_WITHIN_TOLERANCE,-1.0,,,,1.0,0.0,0.0,NATIVE_NO_CLOUD_COLUMN_AT_THRESHOLD,COARSE_LOW_CLOUD_NATIVE_NO_COLUMN_AT_THRESHOLD,OBSERVER_ENVIRONMENT_TIMELINE_ONLY_NO_PHYSICS_PROMOTION,False,False,False,False
2026-09-14 18:05:21.746064+08:00,2026-09-14 18:00:21.746064+08:00,5,5,POST_EVENT_DIAGNOSTIC,CORE_0_TO_MINUS6_TIME_RANGE,OPENMETEO_ROUTE_LINEAR_INTERPOLATION_EXISTING_CONTRACT,-5.0_0090,-5.0,90.0,EXTENDED_GT40_100KM,26.323721573333334,0.0,0.0,14069.514096266666,86.91062609333333,0.0,2026-09-14 18:04:45.666274+08:00,36.07979,NEAREST_EXISTING_NATIVE_SNAPSHOT_WITHIN_TOLERANCE,-1.0,,,,1.0,0.0,0.0,NATIVE_NO_CLOUD_COLUMN_AT_THRESHOLD,COARSE_LOW_CLOUD_NATIVE_NO_COLUMN_AT_THRESHOLD,OBSERVER_ENVIRONMENT_TIMELINE_ONLY_NO_PHYSICS_PROMOTION,False,False,False,False
2026-09-14 18:05:21.746064+08:00,2026-09-14 18:00:21.746064+08:00,5,5,POST_EVENT_DIAGNOSTIC,CORE_0_TO_MINUS6_TIME_RANGE,OPENMETEO_ROUTE_LINEAR_INTERPOLATION_EXISTING_CONTRACT,-5.0_0100,-5.0,100.0,EXTENDED_GT40_100KM,33.983112973333334,0.0,0.0,13206.713396533334,86.08937390666667,0.0,2026-09-14 18:04:45.666274+08:00,36.07979,NEAREST_EXISTING_NATIVE_SNAPSHOT_WITHIN_TOLERANCE,-1.0,,,,1.0,0.0,0.0,NATIVE_NO_CLOUD_COLUMN_AT_THRESHOLD,COARSE_LOW_CLOUD_NATIVE_NO_COLUMN_AT_THRESHOLD,OBSERVER_ENVIRONMENT_TIMELINE_ONLY_NO_PHYSICS_PROMOTION,False,False,False,False
2026-09-14 18:05:21.746064+08:00,2026-09-14 18:00:21.746064+08:00,5,5,POST_EVENT_DIAGNOSTIC,CORE_0_TO_MINUS6_TIME_RANGE,OPENMETEO_ROUTE_LINEAR_INTERPOLATION_EXISTING_CONTRACT,+0.0_0005,0.0,5.0,NEAR_OBSERVER_0_10KM,2.6256173466666666,2.089373906666667,0.0,17099.958585866665,86.37438265333333,0.0,2026-09-14 18:04:45.666274+08:00,36.07979,NEAREST_EXISTING_NATIVE_SNAPSHOT_WITHIN_TOLERANCE,-1.0,,,,1.0,0.0,0.0,NATIVE_NO_CLOUD_COLUMN_AT_THRESHOLD,COARSE_LOW_CLOUD_NATIVE_NO_COLUMN_AT_THRESHOLD,OBSERVER_ENVIRONMENT_TIMELINE_ONLY_NO_PHYSICS_PROMOTION,False,False,False,False
2026-09-14 18:05:21.746064+08:00,2026-09-14 18:00:21.746064+08:00,5,5,POST_EVENT_DIAGNOSTIC,CORE_0_TO_MINUS6_TIME_RANGE,OPENMETEO_ROUTE_LINEAR_INTERPOLATION_EXISTING_CONTRACT,+0.0_0010,0.0,10.0,NEAR_OBSERVER_0_10KM,1.3574956266666667,2.26812172,0.0,19232.6111224,84.55313046666667,0.0,2026-09-14 18:04:45.666274+08:00,36.07979,NEAREST_EXISTING_NATIVE_SNAPSHOT_WITHIN_TOLERANCE,-1.0,,,,1.0,0.0,0.0,NATIVE_NO_CLOUD_COLUMN_AT_THRESHOLD,COARSE_LOW_CLOUD_NATIVE_NO_COLUMN_AT_THRESHOLD,OBSERVER_ENVIRONMENT_TIMELINE_ONLY_NO_PHYSICS_PROMOTION,False,False,False,False
2026-09-14 18:05:21.746064+08:00,2026-09-14 18:00:21.746064+08:00,5,5,POST_EVENT_DIAGNOSTIC,CORE_0_TO_MINUS6_TIME_RANGE,OPENMETEO_ROUTE_LINEAR_INTERPOLATION_EXISTING_CONTRACT,+0.0_0015,0.0,15.0,PRIMARY_GT10_40KM,2.26812172,0.0,0.0,16252.512346933334,88.91062609333333,0.0,2026-09-14 18:04:45.666274+08:00,36.07979,NEAREST_EXISTING_NATIVE_SNAPSHOT_WITHIN_TOLERANCE,-1.0,,,,1.0,0.0,0.0,NATIVE_NO_CLOUD_COLUMN_AT_THRESHOLD,COARSE_LOW_CLOUD_NATIVE_NO_COLUMN_AT_THRESHOLD,OBSERVER_ENVIRONMENT_TIMELINE_ONLY_NO_PHYSICS_PROMOTION,False,False,False,False
2026-09-14 18:05:21.746064+08:00,2026-09-14 18:00:21.746064+08:00,5,5,POST_EVENT_DIAGNOSTIC,CORE_0_TO_MINUS6_TIME_RANGE,OPENMETEO_ROUTE_LINEAR_INTERPOLATION_EXISTING_CONTRACT,+0.0_0020,0.0,20.0,PRIMARY_GT10_40KM,3.910626093333333,0.9106260933333333,0.0,16028.937390666666,87.17874781333333,0.0,2026-09-14 18:04:45.666274+08:00,36.07979,NEAREST_EXISTING_NATIVE_SNAPSHOT_WITHIN_TOLERANCE,-1.0,,,,1.0,0.0,0.0,NATIVE_NO_CLOUD_COLUMN_AT_THRESHOLD,COARSE_LOW_CLOUD_NATIVE_NO_COLUMN_AT_THRESHOLD,OBSERVER_ENVIRONMENT_TIMELINE_ONLY_NO_PHYSICS_PROMOTION,False,False,False,False
2026-09-14 18:05:21.746064+08:00,2026-09-14 18:00:21.746064+08:00,5,5,POST_EVENT_DIAGNOSTIC,CORE_0_TO_MINUS6_TIME_RANGE,OPENMETEO_ROUTE_LINEAR_INTERPOLATION_EXISTING_CONTRACT,+0.0_0025,0.0,25.0,PRIMARY_GT10_40KM,3.910626093333333,0.9106260933333333,0.0,16028.937390666666,87.17874781333333,0.0,2026-09-14 18:04:45.666274+08:00,36.07979,NEAREST_EXISTING_NATIVE_SNAPSHOT_WITHIN_TOLERANCE,-1.0,,,,1.0,0.0,0.0,NATIVE_NO_CLOUD_COLUMN_AT_THRESHOLD,COARSE_LOW_CLOUD_NATIVE_NO_COLUMN_AT_THRESHOLD,OBSERVER_ENVIRONMENT_TIMELINE_ONLY_NO_PHYSICS_PROMOTION,False,False,False,False
2026-09-14 18:05:21.746064+08:00,2026-09-14 18:00:21.746064+08:00,5,5,POST_EVENT_DIAGNOSTIC,CORE_0_TO_MINUS6_TIME_RANGE,OPENMETEO_ROUTE_LINEAR_INTERPOLATION_EXISTING_CONTRACT,+0.0_0030,0.0,30.0,PRIMARY_GT10_40KM,4.73187828,0.9106260933333333,0.0,16092.850087466666,88.0,0.0,2026-09-14 18:04:45.666274+08:00,36.07979,NEAREST_EXISTING_NATIVE_SNAPSHOT_WITHIN_TOLERANCE,-1.0,,,,1.0,0.0,0.0,NATIVE_NO_CLOUD_COLUMN_AT_THRESHOLD,COARSE_LOW_CLOUD_NATIVE_NO_COLUMN_AT_THRESHOLD,OBSERVER_ENVIRONMENT_TIMELINE_ONLY_NO_PHYSICS_PROMOTION,False,False,False,False
2026-09-14 18:05:21.746064+08:00,2026-09-14 18:00:21.746064+08:00,5,5,POST_EVENT_DIAGNOSTIC,CORE_0_TO_MINUS6_TIME_RANGE,OPENMETEO_ROUTE_LINEAR_INTERPOLATION_EXISTING_CONTRACT,+0.0_0035,0.0,35.0,PRIMARY_GT10_40KM,4.73187828,0.9106260933333333,0.0,16092.850087466666,88.0,0.0,2026-09-14 18:04:45.666274+08:00,36.07979,NEAREST_EXISTING_NATIVE_SNAPSHOT_WITHIN_TOLERANCE,-1.0,,,,1.0,0.0,0.0,NATIVE_NO_CLOUD_COLUMN_AT_THRESHOLD,COARSE_LOW_CLOUD_NATIVE_NO_COLUMN_AT_THRESHOLD,OBSERVER_ENVIRONMENT_TIMELINE_ONLY_NO_PHYSICS_PROMOTION,False,False,False,False
2026-09-14 18:05:21.746064+08:00,2026-09-14 18:00:21.746064+08:00,5,5,POST_EVENT_DIAGNOSTIC,CORE_0_TO_MINUS6_TIME_RANGE,OPENMETEO_ROUTE_LINEAR_INTERPOLATION_EXISTING_CONTRACT,+0.0_0040,0.0,40.0,PRIMARY_GT10_40KM,4.642504373333333,0.9106260933333333,0.0,14931.836865866666,87.82125218666667,0.0,2026-09-14 18:04:45.666274+08:00,36.07979,NEAREST_EXISTING_NATIVE_SNAPSHOT_WITHIN_TOLERANCE,-1.0,,,,1.0,0.0,0.0,NATIVE_NO_CLOUD_COLUMN_AT_THRESHOLD,COARSE_LOW_CLOUD_NATIVE_NO_COLUMN_AT_THRESHOLD,OBSERVER_ENVIRONMENT_TIMELINE_ONLY_NO_PHYSICS_PROMOTION,False,False,False,False
2026-09-14 18:05:21.746064+08:00,2026-09-14 18:00:21.746064+08:00,5,5,POST_EVENT_DIAGNOSTIC,CORE_0_TO_MINUS6_TIME_RANGE,OPENMETEO_ROUTE_LINEAR_INTERPOLATION_EXISTING_CONTRACT,+0.0_0050,0.0,50.0,EXTENDED_GT40_100KM,24.676278426666666,0.9106260933333333,0.0,14079.4232944,87.91062609333333,0.0,2026-09-14 18:04:45.666274+08:00,36.07979,NEAREST_EXISTING_NATIVE_SNAPSHOT_WITHIN_TOLERANCE,-1.0,,,,1.0,0.0,0.0,NATIVE_NO_CLOUD_COLUMN_AT_THRESHOLD,COARSE_LOW_CLOUD_NATIVE_NO_COLUMN_AT_THRESHOLD,OBSERVER_ENVIRONMENT_TIMELINE_ONLY_NO_PHYSICS_PROMOTION,False,False,False,False
2026-09-14 18:05:21.746064+08:00,2026-09-14 18:00:21.746064+08:00,5,5,POST_EVENT_DIAGNOSTIC,CORE_0_TO_MINUS6_TIME_RANGE,OPENMETEO_ROUTE_LINEAR_INTERPOLATION_EXISTING_CONTRACT,+0.0_0060,0.0,60.0,EXTENDED_GT40_100KM,26.642504373333335,0.08937390666666667,0.0,13650.823644266668,87.82125218666667,0.0,2026-09-14 18:04:45.666274+08:00,36.07979,NEAREST_EXISTING_NATIVE_SNAPSHOT_WITHIN_TOLERANCE,-1.0,,,,1.0,0.0,0.0,NATIVE_NO_CLOUD_COLUMN_AT_THRESHOLD,COARSE_LOW_CLOUD_NATIVE_NO_COLUMN_AT_THRESHOLD,OBSERVER_ENVIRONMENT_TIMELINE_ONLY_NO_PHYSICS_PROMOTION,False,False,False,False
2026-09-14 18:05:21.746064+08:00,2026-09-14 18:00:21.746064+08:00,5,5,POST_EVENT_DIAGNOSTIC,CORE_0_TO_MINUS6_TIME_RANGE,OPENMETEO_ROUTE_LINEAR_INTERPOLATION_EXISTING_CONTRACT,+0.0_0070,0.0,70.0,EXTENDED_GT40_100KM,37.910626093333335,0.08937390666666667,0.0,13694.975306133334,87.82125218666667,0.0,2026-09-14 18:04:45.666274+08:00,36.07979,NEAREST_EXISTING_NATIVE_SNAPSHOT_WITHIN_TOLERANCE,-1.0,,,,1.0,0.0,0.0,NATIVE_NO_CLOUD_COLUMN_AT_THRESHOLD,COARSE_LOW_CLOUD_NATIVE_NO_COLUMN_AT_THRESHOLD,OBSERVER_ENVIRONMENT_TIMELINE_ONLY_NO_PHYSICS_PROMOTION,False,False,False,False
2026-09-14 18:05:21.746064+08:00,2026-09-14 18:00:21.746064+08:00,5,5,POST_EVENT_DIAGNOSTIC,CORE_0_TO_MINUS6_TIME_RANGE,OPENMETEO_ROUTE_LINEAR_INTERPOLATION_EXISTING_CONTRACT,+0.0_0080,0.0,80.0,EXTENDED_GT40_100KM,30.3406086,0.08937390666666667,0.0,14015.749562666666,87.82125218666667,0.0,2026-09-14 18:04:45.666274+08:00,36.07979,NEAREST_EXISTING_NATIVE_SNAPSHOT_WITHIN_TOLERANCE,-1.0,,,,1.0,0.0,0.0,NATIVE_NO_CLOUD_COLUMN_AT_THRESHOLD,COARSE_LOW_CLOUD_NATIVE_NO_COLUMN_AT_THRESHOLD,OBSERVER_ENVIRONMENT_TIMELINE_ONLY_NO_PHYSICS_PROMOTION,False,False,False,False
2026-09-14 18:05:21.746064+08:00,2026-09-14 18:00:21.746064+08:00,5,5,POST_EVENT_DIAGNOSTIC,CORE_0_TO_MINUS6_TIME_RANGE,OPENMETEO_ROUTE_LINEAR_INTERPOLATION_EXISTING_CONTRACT,+0.0_0090,0.0,90.0,EXTENDED_GT40_100KM,27.48558236,0.08937390666666667,0.0,13988.2619096,87.82125218666667,0.0,2026-09-14 18:04:45.666274+08:00,36.07979,NEAREST_EXISTING_NATIVE_SNAPSHOT_WITHIN_TOLERANCE,-1.0,,,,1.0,0.0,0.0,NATIVE_NO_CLOUD_COLUMN_AT_THRESHOLD,COARSE_LOW_CLOUD_NATIVE_NO_COLUMN_AT_THRESHOLD,OBSERVER_ENVIRONMENT_TIMELINE_ONLY_NO_PHYSICS_PROMOTION,False,False,False,False
2026-09-14 18:05:21.746064+08:00,2026-09-14 18:00:21.746064+08:00,5,5,POST_EVENT_DIAGNOSTIC,CORE_0_TO_MINUS6_TIME_RANGE,OPENMETEO_ROUTE_LINEAR_INTERPOLATION_EXISTING_CONTRACT,+0.0_0100,0.0,100.0,EXTENDED_GT40_100KM,19.75370408,0.0,0.0,13720.914446133333,87.0,0.0,2026-09-14 18:04:45.666274+08:00,36.07979,NEAREST_EXISTING_NATIVE_SNAPSHOT_WITHIN_TOLERANCE,-1.0,,,,1.0,0.0,0.0,NATIVE_NO_CLOUD_COLUMN_AT_THRESHOLD,COARSE_LOW_CLOUD_NATIVE_NO_COLUMN_AT_THRESHOLD,OBSERVER_ENVIRONMENT_TIMELINE_ONLY_NO_PHYSICS_PROMOTION,False,False,False,False
2026-09-14 18:05:21.746064+08:00,2026-09-14 18:00:21.746064+08:00,5,5,POST_EVENT_DIAGNOSTIC,CORE_0_TO_MINUS6_TIME_RANGE,OPENMETEO_ROUTE_LINEAR_INTERPOLATION_EXISTING_CONTRACT,+5.0_0005,5.0,5.0,NEAR_OBSERVER_0_10KM,2.6256173466666666,2.089373906666667,0.0,17099.958585866665,86.37438265333333,0.0,2026-09-14 18:04:45.666274+08:00,36.07979,NEAREST_EXISTING_NATIVE_SNAPSHOT_WITHIN_TOLERANCE,-1.0,,,,1.0,0.0,0.0,NATIVE_NO_CLOUD_COLUMN_AT_THRESHOLD,COARSE_LOW_CLOUD_NATIVE_NO_COLUMN_AT_THRESHOLD,OBSERVER_ENVIRONMENT_TIMELINE_ONLY_NO_PHYSICS_PROMOTION,False,False,False,False
2026-09-14 18:05:21.746064+08:00,2026-09-14 18:00:21.746064+08:00,5,5,POST_EVENT_DIAGNOSTIC,CORE_0_TO_MINUS6_TIME_RANGE,OPENMETEO_ROUTE_LINEAR_INTERPOLATION_EXISTING_CONTRACT,+5.0_0010,5.0,10.0,NEAR_OBSERVER_0_10KM,2.6256173466666666,2.089373906666667,0.0,17099.958585866665,86.37438265333333,0.0,2026-09-14 18:04:45.666274+08:00,36.07979,NEAREST_EXISTING_NATIVE_SNAPSHOT_WITHIN_TOLERANCE,-1.0,,,,1.0,0.0,0.0,NATIVE_NO_CLOUD_COLUMN_AT_THRESHOLD,COARSE_LOW_CLOUD_NATIVE_NO_COLUMN_AT_THRESHOLD,OBSERVER_ENVIRONMENT_TIMELINE_ONLY_NO_PHYSICS_PROMOTION,False,False,False,False
2026-09-14 18:05:21.746064+08:00,2026-09-14 18:00:21.746064+08:00,5,5,POST_EVENT_DIAGNOSTIC,CORE_0_TO_MINUS6_TIME_RANGE,OPENMETEO_ROUTE_LINEAR_INTERPOLATION_EXISTING_CONTRACT,+5.0_0015,5.0,15.0,PRIMARY_GT10_40KM,2.26812172,0.0,0.0,16252.512346933334,88.91062609333333,0.0,2026-09-14 18:04:45.666274+08:00,36.07979,NEAREST_EXISTING_NATIVE_SNAPSHOT_WITHIN_TOLERANCE,-1.0,,,,1.0,0.0,0.0,NATIVE_NO_CLOUD_COLUMN_AT_THRESHOLD,COARSE_LOW_CLOUD_NATIVE_NO_COLUMN_AT_THRESHOLD,OBSERVER_ENVIRONMENT_TIMELINE_ONLY_NO_PHYSICS_PROMOTION,False,False,False,False
2026-09-14 18:05:21.746064+08:00,2026-09-14 18:00:21.746064+08:00,5,5,POST_EVENT_DIAGNOSTIC,CORE_0_TO_MINUS6_TIME_RANGE,OPENMETEO_ROUTE_LINEAR_INTERPOLATION_EXISTING_CONTRACT,+5.0_0020,5.0,20.0,PRIMARY_GT10_40KM,3.910626093333333,0.9106260933333333,0.0,16028.937390666666,87.17874781333333,0.0,2026-09-14 18:04:45.666274+08:00,36.07979,NEAREST_EXISTING_NATIVE_SNAPSHOT_WITHIN_TOLERANCE,-1.0,,,,1.0,0.0,0.0,NATIVE_NO_CLOUD_COLUMN_AT_THRESHOLD,COARSE_LOW_CLOUD_NATIVE_NO_COLUMN_AT_THRESHOLD,OBSERVER_ENVIRONMENT_TIMELINE_ONLY_NO_PHYSICS_PROMOTION,False,False,False,False
2026-09-14 18:05:21.746064+08:00,2026-09-14 18:00:21.746064+08:00,5,5,POST_EVENT_DIAGNOSTIC,CORE_0_TO_MINUS6_TIME_RANGE,OPENMETEO_ROUTE_LINEAR_INTERPOLATION_EXISTING_CONTRACT,+5.0_0025,5.0,25.0,PRIMARY_GT10_40KM,3.910626093333333,0.9106260933333333,0.0,16028.937390666666,87.17874781333333,0.0,2026-09-14 18:04:45.666274+08:00,36.07979,NEAREST_EXISTING_NATIVE_SNAPSHOT_WITHIN_TOLERANCE,-1.0,,,,1.0,0.0,0.0,NATIVE_NO_CLOUD_COLUMN_AT_THRESHOLD,COARSE_LOW_CLOUD_NATIVE_NO_COLUMN_AT_THRESHOLD,OBSERVER_ENVIRONMENT_TIMELINE_ONLY_NO_PHYSICS_PROMOTION,False,False,False,False
2026-09-14 18:05:21.746064+08:00,2026-09-14 18:00:21.746064+08:00,5,5,POST_EVENT_DIAGNOSTIC,CORE_0_TO_MINUS6_TIME_RANGE,OPENMETEO_ROUTE_LINEAR_INTERPOLATION_EXISTING_CONTRACT,+5.0_0030,5.0,30.0,PRIMARY_GT10_40KM,4.73187828,0.9106260933333333,0.0,16092.850087466666,88.0,0.0,2026-09-14 18:04:45.666274+08:00,36.07979,NEAREST_EXISTING_NATIVE_SNAPSHOT_WITHIN_TOLERANCE,-1.0,,,,1.0,0.0,0.0,NATIVE_NO_CLOUD_COLUMN_AT_THRESHOLD,COARSE_LOW_CLOUD_NATIVE_NO_COLUMN_AT_THRESHOLD,OBSERVER_ENVIRONMENT_TIMELINE_ONLY_NO_PHYSICS_PROMOTION,False,False,False,False
2026-09-14 18:05:21.746064+08:00,2026-09-14 18:00:21.746064+08:00,5,5,POST_EVENT_DIAGNOSTIC,CORE_0_TO_MINUS6_TIME_RANGE,OPENMETEO_ROUTE_LINEAR_INTERPOLATION_EXISTING_CONTRACT,+5.0_0035,5.0,35.0,PRIMARY_GT10_40KM,4.73187828,0.9106260933333333,0.0,16092.850087466666,88.0,0.0,2026-09-14 18:04:45.666274+08:00,36.07979,NEAREST_EXISTING_NATIVE_SNAPSHOT_WITHIN_TOLERANCE,-1.0,,,,1.0,0.0,0.0,NATIVE_NO_CLOUD_COLUMN_AT_THRESHOLD,COARSE_LOW_CLOUD_NATIVE_NO_COLUMN_AT_THRESHOLD,OBSERVER_ENVIRONMENT_TIMELINE_ONLY_NO_PHYSICS_PROMOTION,False,False,False,False
2026-09-14 18:05:21.746064+08:00,2026-09-14 18:00:21.746064+08:00,5,5,POST_EVENT_DIAGNOSTIC,CORE_0_TO_MINUS6_TIME_RANGE,OPENMETEO_ROUTE_LINEAR_INTERPOLATION_EXISTING_CONTRACT,+5.0_0040,5.0,40.0,PRIMARY_GT10_40KM,4.642504373333333,0.9106260933333333,0.0,14931.836865866666,87.82125218666667,0.0,2026-09-14 18:04:45.666274+08:00,36.07979,NEAREST_EXISTING_NATIVE_SNAPSHOT_WITHIN_TOLERANCE,-1.0,,,,1.0,0.0,0.0,NATIVE_NO_CLOUD_COLUMN_AT_THRESHOLD,COARSE_LOW_CLOUD_NATIVE_NO_COLUMN_AT_THRESHOLD,OBSERVER_ENVIRONMENT_TIMELINE_ONLY_NO_PHYSICS_PROMOTION,False,False,False,False
2026-09-14 18:05:21.746064+08:00,2026-09-14 18:00:21.746064+08:00,5,5,POST_EVENT_DIAGNOSTIC,CORE_0_TO_MINUS6_TIME_RANGE,OPENMETEO_ROUTE_LINEAR_INTERPOLATION_EXISTING_CONTRACT,+5.0_0050,5.0,50.0,EXTENDED_GT40_100KM,27.944400146666666,0.9106260933333333,0.0,13059.522069866667,87.0,0.0,2026-09-14 18:04:45.666274+08:00,36.07979,NEAREST_EXISTING_NATIVE_SNAPSHOT_WITHIN_TOLERANCE,-1.0,,,,1.0,0.0,0.0,NATIVE_NO_CLOUD_COLUMN_AT_THRESHOLD,COARSE_LOW_CLOUD_NATIVE_NO_COLUMN_AT_THRESHOLD,OBSERVER_ENVIRONMENT_TIMELINE_ONLY_NO_PHYSICS_PROMOTION,False,False,False,False
2026-09-14 18:05:21.746064+08:00,2026-09-14 18:00:21.746064+08:00,5,5,POST_EVENT_DIAGNOSTIC,CORE_0_TO_MINUS6_TIME_RANGE,OPENMETEO_ROUTE_LINEAR_INTERPOLATION_EXISTING_CONTRACT,+5.0_0060,5.0,60.0,EXTENDED_GT40_100KM,45.92751312,0.9106260933333333,0.0,12480.774256533334,86.82125218666667,0.0,2026-09-14 18:04:45.666274+08:00,36.07979,NEAREST_EXISTING_NATIVE_SNAPSHOT_WITHIN_TOLERANCE,-1.0,,,,1.0,0.0,0.0,NATIVE_NO_CLOUD_COLUMN_AT_THRESHOLD,COARSE_LOW_CLOUD_NATIVE_NO_COLUMN_AT_THRESHOLD,OBSERVER_ENVIRONMENT_TIMELINE_ONLY_NO_PHYSICS_PROMOTION,False,False,False,False
2026-09-14 18:05:21.746064+08:00,2026-09-14 18:00:21.746064+08:00,5,5,POST_EVENT_DIAGNOSTIC,CORE_0_TO_MINUS6_TIME_RANGE,OPENMETEO_ROUTE_LINEAR_INTERPOLATION_EXISTING_CONTRACT,+5.0_0070,5.0,70.0,EXTENDED_GT40_100KM,56.838139213333335,1.0,0.0,13012.413571466666,87.82125218666667,0.0,2026-09-14 18:04:45.666274+08:00,36.07979,NEAREST_EXISTING_NATIVE_SNAPSHOT_WITHIN_TOLERANCE,-1.0,,,,1.0,0.0,0.0,NATIVE_NO_CLOUD_COLUMN_AT_THRESHOLD,COARSE_LOW_CLOUD_NATIVE_NO_COLUMN_AT_THRESHOLD,OBSERVER_ENVIRONMENT_TIMELINE_ONLY_NO_PHYSICS_PROMOTION,False,False,False,False
2026-09-14 18:05:21.746064+08:00,2026-09-14 18:00:21.746064+08:00,5,5,POST_EVENT_DIAGNOSTIC,CORE_0_TO_MINUS6_TIME_RANGE,OPENMETEO_ROUTE_LINEAR_INTERPOLATION_EXISTING_CONTRACT,+5.0_0080,5.0,80.0,EXTENDED_GT40_100KM,41.26812172,0.08937390666666667,0.0,13593.286603466666,87.82125218666667,0.0,2026-09-14 18:04:45.666274+08:00,36.07979,NEAREST_EXISTING_NATIVE_SNAPSHOT_WITHIN_TOLERANCE,-1.0,,,,1.0,0.0,0.0,NATIVE_NO_CLOUD_COLUMN_AT_THRESHOLD,COARSE_LOW_CLOUD_NATIVE_NO_COLUMN_AT_THRESHOLD,OBSERVER_ENVIRONMENT_TIMELINE_ONLY_NO_PHYSICS_PROMOTION,False,False,False,False
2026-09-14 18:05:21.746064+08:00,2026-09-14 18:00:21.746064+08:00,5,5,POST_EVENT_DIAGNOSTIC,CORE_0_TO_MINUS6_TIME_RANGE,OPENMETEO_ROUTE_LINEAR_INTERPOLATION_EXISTING_CONTRACT,+5.0_0090,5.0,90.0,EXTENDED_GT40_100KM,48.07248688,0.08937390666666667,0.0,13267.3888776,87.73187828,0.0,2026-09-14 18:04:45.666274+08:00,36.07979,NEAREST_EXISTING_NATIVE_SNAPSHOT_WITHIN_TOLERANCE,-1.0,,,,1.0,0.0,0.0,NATIVE_NO_CLOUD_COLUMN_AT_THRESHOLD,COARSE_LOW_CLOUD_NATIVE_NO_COLUMN_AT_THRESHOLD,OBSERVER_ENVIRONMENT_TIMELINE_ONLY_NO_PHYSICS_PROMOTION,False,False,False,False
2026-09-14 18:05:21.746064+08:00,2026-09-14 18:00:21.746064+08:00,5,5,POST_EVENT_DIAGNOSTIC,CORE_0_TO_MINUS6_TIME_RANGE,OPENMETEO_ROUTE_LINEAR_INTERPOLATION_EXISTING_CONTRACT,+5.0_0100,5.0,100.0,EXTENDED_GT40_100KM,35.14497376,0.08937390666666667,0.0,13197.776005866666,87.82125218666667,0.0,2026-09-14 18:04:45.666274+08:00,36.07979,NEAREST_EXISTING_NATIVE_SNAPSHOT_WITHIN_TOLERANCE,-1.0,,,,1.0,0.0,0.0,NATIVE_NO_CLOUD_COLUMN_AT_THRESHOLD,COARSE_LOW_CLOUD_NATIVE_NO_COLUMN_AT_THRESHOLD,OBSERVER_ENVIRONMENT_TIMELINE_ONLY_NO_PHYSICS_PROMOTION,False,False,False,False
2026-09-14 18:10:21.746064+08:00,2026-09-14 18:00:21.746064+08:00,10,5,POST_EVENT_DIAGNOSTIC,CORE_0_TO_MINUS6_TIME_RANGE,OPENMETEO_ROUTE_LINEAR_INTERPOLATION_EXISTING_CONTRACT,-5.0_0000,-5.0,0.0,NEAR_OBSERVER_0_10KM,3.20895068,2.17270724,0.0,17398.2919192,85.79104932,0.0,2026-09-14 18:11:21.865023+08:00,60.118959,NEAREST_EXISTING_NATIVE_SNAPSHOT_WITHIN_TOLERANCE,-2.5,,,,1.0,0.0,0.0,NATIVE_NO_CLOUD_COLUMN_AT_THRESHOLD,COARSE_LOW_CLOUD_NATIVE_NO_COLUMN_AT_THRESHOLD,OBSERVER_ENVIRONMENT_TIMELINE_ONLY_NO_PHYSICS_PROMOTION,False,False,False,False
2026-09-14 18:10:21.746064+08:00,2026-09-14 18:00:21.746064+08:00,10,5,POST_EVENT_DIAGNOSTIC,CORE_0_TO_MINUS6_TIME_RANGE,OPENMETEO_ROUTE_LINEAR_INTERPOLATION_EXISTING_CONTRACT,+0.0_0000,0.0,0.0,NEAR_OBSERVER_0_10KM,3.20895068,2.17270724,0.0,17398.2919192,85.79104932,0.0,2026-09-14 18:11:21.865023+08:00,60.118959,NEAREST_EXISTING_NATIVE_SNAPSHOT_WITHIN_TOLERANCE,-2.5,,,,1.0,0.0,0.0,NATIVE_NO_CLOUD_COLUMN_AT_THRESHOLD,COARSE_LOW_CLOUD_NATIVE_NO_COLUMN_AT_THRESHOLD,OBSERVER_ENVIRONMENT_TIMELINE_ONLY_NO_PHYSICS_PROMOTION,False,False,False,False
2026-09-14 18:10:21.746064+08:00,2026-09-14 18:00:21.746064+08:00,10,5,POST_EVENT_DIAGNOSTIC,CORE_0_TO_MINUS6_TIME_RANGE,OPENMETEO_ROUTE_LINEAR_INTERPOLATION_EXISTING_CONTRACT,+5.0_0000,5.0,0.0,NEAR_OBSERVER_0_10KM,3.20895068,2.17270724,0.0,17398.2919192,85.79104932,0.0,2026-09-14 18:11:21.865023+08:00,60.118959,NEAREST_EXISTING_NATIVE_SNAPSHOT_WITHIN_TOLERANCE,-2.5,,,,1.0,0.0,0.0,NATIVE_NO_CLOUD_COLUMN_AT_THRESHOLD,COARSE_LOW_CLOUD_NATIVE_NO_COLUMN_AT_THRESHOLD,OBSERVER_ENVIRONMENT_TIMELINE_ONLY_NO_PHYSICS_PROMOTION,False,False,False,False
2026-09-14 18:10:21.746064+08:00,2026-09-14 18:00:21.746064+08:00,10,5,POST_EVENT_DIAGNOSTIC,CORE_0_TO_MINUS6_TIME_RANGE,OPENMETEO_ROUTE_LINEAR_INTERPOLATION_EXISTING_CONTRACT,-5.0_0005,-5.0,5.0,NEAR_OBSERVER_0_10KM,3.20895068,2.17270724,0.0,17398.2919192,85.79104932,0.0,2026-09-14 18:11:21.865023+08:00,60.118959,NEAREST_EXISTING_NATIVE_SNAPSHOT_WITHIN_TOLERANCE,-2.5,,,,1.0,0.0,0.0,NATIVE_NO_CLOUD_COLUMN_AT_THRESHOLD,COARSE_LOW_CLOUD_NATIVE_NO_COLUMN_AT_THRESHOLD,OBSERVER_ENVIRONMENT_TIMELINE_ONLY_NO_PHYSICS_PROMOTION,False,False,False,False
2026-09-14 18:10:21.746064+08:00,2026-09-14 18:00:21.746064+08:00,10,5,POST_EVENT_DIAGNOSTIC,CORE_0_TO_MINUS6_TIME_RANGE,OPENMETEO_ROUTE_LINEAR_INTERPOLATION_EXISTING_CONTRACT,-5.0_0010,-5.0,10.0,NEAR_OBSERVER_0_10KM,1.6908289600000002,2.51812172,0.0,19337.6111224,84.1364638,0.0,2026-09-14 18:11:21.865023+08:00,60.118959,NEAREST_EXISTING_NATIVE_SNAPSHOT_WITHIN_TOLERANCE,-2.5,,,,1.0,0.0,0.0,NATIVE_NO_CLOUD_COLUMN_AT_THRESHOLD,COARSE_LOW_CLOUD_NATIVE_NO_COLUMN_AT_THRESHOLD,OBSERVER_ENVIRONMENT_TIMELINE_ONLY_NO_PHYSICS_PROMOTION,False,False,False,False
2026-09-14 18:10:21.746064+08:00,2026-09-14 18:00:21.746064+08:00,10,5,POST_EVENT_DIAGNOSTIC,CORE_0_TO_MINUS6_TIME_RANGE,OPENMETEO_ROUTE_LINEAR_INTERPOLATION_EXISTING_CONTRACT,-5.0_0015,-5.0,15.0,PRIMARY_GT10_40KM,1.6908289600000002,2.51812172,0.0,19337.6111224,84.1364638,0.0,2026-09-14 18:11:21.865023+08:00,60.118959,NEAREST_EXISTING_NATIVE_SNAPSHOT_WITHIN_TOLERANCE,-2.5,,,,1.0,0.0,0.0,NATIVE_NO_CLOUD_COLUMN_AT_THRESHOLD,COARSE_LOW_CLOUD_NATIVE_NO_COLUMN_AT_THRESHOLD,OBSERVER_ENVIRONMENT_TIMELINE_ONLY_NO_PHYSICS_PROMOTION,False,False,False,False
2026-09-14 18:10:21.746064+08:00,2026-09-14 18:00:21.746064+08:00,10,5,POST_EVENT_DIAGNOSTIC,CORE_0_TO_MINUS6_TIME_RANGE,OPENMETEO_ROUTE_LINEAR_INTERPOLATION_EXISTING_CONTRACT,-5.0_0020,-5.0,20.0,PRIMARY_GT10_40KM,2.0,0.17270724,0.0,16287.6331584,89.82729276,0.0,2026-09-14 18:11:21.865023+08:00,60.118959,NEAREST_EXISTING_NATIVE_SNAPSHOT_WITHIN_TOLERANCE,-2.5,,,,1.0,0.0,0.0,NATIVE_NO_CLOUD_COLUMN_AT_THRESHOLD,COARSE_LOW_CLOUD_NATIVE_NO_COLUMN_AT_THRESHOLD,OBSERVER_ENVIRONMENT_TIMELINE_ONLY_NO_PHYSICS_PROMOTION,False,False,False,False
2026-09-14 18:10:21.746064+08:00,2026-09-14 18:00:21.746064+08:00,10,5,POST_EVENT_DIAGNOSTIC,CORE_0_TO_MINUS6_TIME_RANGE,OPENMETEO_ROUTE_LINEAR_INTERPOLATION_EXISTING_CONTRACT,-5.0_0025,-5.0,25.0,PRIMARY_GT10_40KM,4.30917104,0.82729276,0.0,16110.3624344,88.17270724,0.0,2026-09-14 18:11:21.865023+08:00,60.118959,NEAREST_EXISTING_NATIVE_SNAPSHOT_WITHIN_TOLERANCE,-2.5,,,,1.0,0.0,0.0,NATIVE_NO_CLOUD_COLUMN_AT_THRESHOLD,COARSE_LOW_CLOUD_NATIVE_NO_COLUMN_AT_THRESHOLD,OBSERVER_ENVIRONMENT_TIMELINE_ONLY_NO_PHYSICS_PROMOTION,False,False,False,False
2026-09-14 18:10:21.746064+08:00,2026-09-14 18:00:21.746064+08:00,10,5,POST_EVENT_DIAGNOSTIC,CORE_0_TO_MINUS6_TIME_RANGE,OPENMETEO_ROUTE_LINEAR_INTERPOLATION_EXISTING_CONTRACT,-5.0_0030,-5.0,30.0,PRIMARY_GT10_40KM,4.30917104,0.82729276,0.0,16110.3624344,88.17270724,0.0,2026-09-14 18:11:21.865023+08:00,60.118959,NEAREST_EXISTING_NATIVE_SNAPSHOT_WITHIN_TOLERANCE,-2.5,,,,1.0,0.0,0.0,NATIVE_NO_CLOUD_COLUMN_AT_THRESHOLD,COARSE_LOW_CLOUD_NATIVE_NO_COLUMN_AT_THRESHOLD,OBSERVER_ENVIRONMENT_TIMELINE_ONLY_NO_PHYSICS_PROMOTION,False,False,False,False
2026-09-14 18:10:21.746064+08:00,2026-09-14 18:00:21.746064+08:00,10,5,POST_EVENT_DIAGNOSTIC,CORE_0_TO_MINUS6_TIME_RANGE,OPENMETEO_ROUTE_LINEAR_INTERPOLATION_EXISTING_CONTRACT,-5.0_0035,-5.0,35.0,PRIMARY_GT10_40KM,9.44563484,0.82729276,0.0,15904.9038824,87.82729276,0.0,2026-09-14 18:11:21.865023+08:00,60.118959,NEAREST_EXISTING_NATIVE_SNAPSHOT_WITHIN_TOLERANCE,-2.5,,,,1.0,0.0,0.0,NATIVE_NO_CLOUD_COLUMN_AT_THRESHOLD,COARSE_LOW_CLOUD_NATIVE_NO_COLUMN_AT_THRESHOLD,OBSERVER_ENVIRONMENT_TIMELINE_ONLY_NO_PHYSICS_PROMOTION,False,False,False,False
2026-09-14 18:10:21.746064+08:00,2026-09-14 18:00:21.746064+08:00,10,5,POST_EVENT_DIAGNOSTIC,CORE_0_TO_MINUS6_TIME_RANGE,OPENMETEO_ROUTE_LINEAR_INTERPOLATION_EXISTING_CONTRACT,-5.0_0040,-5.0,40.0,PRIMARY_GT10_40KM,9.44563484,0.82729276,0.0,15904.9038824,87.82729276,0.0,2026-09-14 18:11:21.865023+08:00,60.118959,NEAREST_EXISTING_NATIVE_SNAPSHOT_WITHIN_TOLERANCE,-2.5,,,,1.0,0.0,0.0,NATIVE_NO_CLOUD_COLUMN_AT_THRESHOLD,COARSE_LOW_CLOUD_NATIVE_NO_COLUMN_AT_THRESHOLD,OBSERVER_ENVIRONMENT_TIMELINE_ONLY_NO_PHYSICS_PROMOTION,False,False,False,False
2026-09-14 18:10:21.746064+08:00,2026-09-14 18:00:21.746064+08:00,10,5,POST_EVENT_DIAGNOSTIC,CORE_0_TO_MINUS6_TIME_RANGE,OPENMETEO_ROUTE_LINEAR_INTERPOLATION_EXISTING_CONTRACT,-5.0_0050,-5.0,50.0,EXTENDED_GT40_100KM,8.791049319999999,0.82729276,0.0,15531.7681,88.48187828,0.0,2026-09-14 18:11:21.865023+08:00,60.118959,NEAREST_EXISTING_NATIVE_SNAPSHOT_WITHIN_TOLERANCE,-2.5,,,,1.0,0.0,0.0,NATIVE_NO_CLOUD_COLUMN_AT_THRESHOLD,COARSE_LOW_CLOUD_NATIVE_NO_COLUMN_AT_THRESHOLD,OBSERVER_ENVIRONMENT_TIMELINE_ONLY_NO_PHYSICS_PROMOTION,False,False,False,False
2026-09-14 18:10:21.746064+08:00,2026-09-14 18:00:21.746064+08:00,10,5,POST_EVENT_DIAGNOSTIC,CORE_0_TO_MINUS6_TIME_RANGE,OPENMETEO_ROUTE_LINEAR_INTERPOLATION_EXISTING_CONTRACT,-5.0_0060,-5.0,60.0,EXTENDED_GT40_100KM,11.2729276,0.0,0.0,14801.6199368,88.65458552,0.0,2026-09-14 18:11:21.865023+08:00,60.118959,NEAREST_EXISTING_NATIVE_SNAPSHOT_WITHIN_TOLERANCE,-2.5,,,,1.0,0.0,0.0,NATIVE_NO_CLOUD_COLUMN_AT_THRESHOLD,COARSE_LOW_CLOUD_NATIVE_NO_COLUMN_AT_THRESHOLD,OBSERVER_ENVIRONMENT_TIMELINE_ONLY_NO_PHYSICS_PROMOTION,False,False,False,False
2026-09-14 18:10:21.746064+08:00,2026-09-14 18:00:21.746064+08:00,10,5,POST_EVENT_DIAGNOSTIC,CORE_0_TO_MINUS6_TIME_RANGE,OPENMETEO_ROUTE_LINEAR_INTERPOLATION_EXISTING_CONTRACT,-5.0_0070,-5.0,70.0,EXTENDED_GT40_100KM,20.582098639999998,0.17270724,0.0,14290.917104,87.82729276,0.0,2026-09-14 18:11:21.865023+08:00,60.118959,NEAREST_EXISTING_NATIVE_SNAPSHOT_WITHIN_TOLERANCE,-2.5,,,,1.0,0.0,0.0,NATIVE_NO_CLOUD_COLUMN_AT_THRESHOLD,COARSE_LOW_CLOUD_NATIVE_NO_COLUMN_AT_THRESHOLD,OBSERVER_ENVIRONMENT_TIMELINE_ONLY_NO_PHYSICS_PROMOTION,False,False,False,False
2026-09-14 18:10:21.746064+08:00,2026-09-14 18:00:21.746064+08:00,10,5,POST_EVENT_DIAGNOSTIC,CORE_0_TO_MINUS6_TIME_RANGE,OPENMETEO_ROUTE_LINEAR_INTERPOLATION_EXISTING_CONTRACT,-5.0_0080,-5.0,80.0,EXTENDED_GT40_100KM,31.5906086,0.17270724,0.0,14049.082896,87.65458552,0.0,2026-09-14 18:11:21.865023+08:00,60.118959,NEAREST_EXISTING_NATIVE_SNAPSHOT_WITHIN_TOLERANCE,-2.5,,,,1.0,0.0,0.0,NATIVE_NO_CLOUD_COLUMN_AT_THRESHOLD,COARSE_LOW_CLOUD_NATIVE_NO_COLUMN_AT_THRESHOLD,OBSERVER_ENVIRONMENT_TIMELINE_ONLY_NO_PHYSICS_PROMOTION,False,False,False,False
2026-09-14 18:10:21.746064+08:00,2026-09-14 18:00:21.746064+08:00,10,5,POST_EVENT_DIAGNOSTIC,CORE_0_TO_MINUS6_TIME_RANGE,OPENMETEO_ROUTE_LINEAR_INTERPOLATION_EXISTING_CONTRACT,-5.0_0090,-5.0,90.0,EXTENDED_GT40_100KM,28.49038824,0.0,0.0,13947.8474296,86.82729276,0.0,2026-09-14 18:11:21.865023+08:00,60.118959,NEAREST_EXISTING_NATIVE_SNAPSHOT_WITHIN_TOLERANCE,-2.5,,,,1.0,0.0,0.0,NATIVE_NO_CLOUD_COLUMN_AT_THRESHOLD,COARSE_LOW_CLOUD_NATIVE_NO_COLUMN_AT_THRESHOLD,OBSERVER_ENVIRONMENT_TIMELINE_ONLY_NO_PHYSICS_PROMOTION,False,False,False,False
2026-09-14 18:10:21.746064+08:00,2026-09-14 18:00:21.746064+08:00,10,5,POST_EVENT_DIAGNOSTIC,CORE_0_TO_MINUS6_TIME_RANGE,OPENMETEO_ROUTE_LINEAR_INTERPOLATION_EXISTING_CONTRACT,-5.0_0100,-5.0,100.0,EXTENDED_GT40_100KM,34.89977964,0.0,0.0,13138.3800632,86.17270724,0.0,2026-09-14 18:11:21.865023+08:00,60.118959,NEAREST_EXISTING_NATIVE_SNAPSHOT_WITHIN_TOLERANCE,-2.5,,,,1.0,0.0,0.0,NATIVE_NO_CLOUD_COLUMN_AT_THRESHOLD,COARSE_LOW_CLOUD_NATIVE_NO_COLUMN_AT_THRESHOLD,OBSERVER_ENVIRONMENT_TIMELINE_ONLY_NO_PHYSICS_PROMOTION,False,False,False,False
2026-09-14 18:10:21.746064+08:00,2026-09-14 18:00:21.746064+08:00,10,5,POST_EVENT_DIAGNOSTIC,CORE_0_TO_MINUS6_TIME_RANGE,OPENMETEO_ROUTE_LINEAR_INTERPOLATION_EXISTING_CONTRACT,+0.0_0005,0.0,5.0,NEAR_OBSERVER_0_10KM,3.20895068,2.17270724,0.0,17398.2919192,85.79104932,0.0,2026-09-14 18:11:21.865023+08:00,60.118959,NEAREST_EXISTING_NATIVE_SNAPSHOT_WITHIN_TOLERANCE,-2.5,,,,1.0,0.0,0.0,NATIVE_NO_CLOUD_COLUMN_AT_THRESHOLD,COARSE_LOW_CLOUD_NATIVE_NO_COLUMN_AT_THRESHOLD,OBSERVER_ENVIRONMENT_TIMELINE_ONLY_NO_PHYSICS_PROMOTION,False,False,False,False
2026-09-14 18:10:21.746064+08:00,2026-09-14 18:00:21.746064+08:00,10,5,POST_EVENT_DIAGNOSTIC,CORE_0_TO_MINUS6_TIME_RANGE,OPENMETEO_ROUTE_LINEAR_INTERPOLATION_EXISTING_CONTRACT,+0.0_0010,0.0,10.0,NEAR_OBSERVER_0_10KM,1.6908289600000002,2.51812172,0.0,19337.6111224,84.1364638,0.0,2026-09-14 18:11:21.865023+08:00,60.118959,NEAREST_EXISTING_NATIVE_SNAPSHOT_WITHIN_TOLERANCE,-2.5,,,,1.0,0.0,0.0,NATIVE_NO_CLOUD_COLUMN_AT_THRESHOLD,COARSE_LOW_CLOUD_NATIVE_NO_COLUMN_AT_THRESHOLD,OBSERVER_ENVIRONMENT_TIMELINE_ONLY_NO_PHYSICS_PROMOTION,False,False,False,False
2026-09-14 18:10:21.746064+08:00,2026-09-14 18:00:21.746064+08:00,10,5,POST_EVENT_DIAGNOSTIC,CORE_0_TO_MINUS6_TIME_RANGE,OPENMETEO_ROUTE_LINEAR_INTERPOLATION_EXISTING_CONTRACT,+0.0_0015,0.0,15.0,PRIMARY_GT10_40KM,2.51812172,0.0,0.0,16264.1790136,88.82729276,0.0,2026-09-14 18:11:21.865023+08:00,60.118959,NEAREST_EXISTING_NATIVE_SNAPSHOT_WITHIN_TOLERANCE,-2.5,,,,1.0,0.0,0.0,NATIVE_NO_CLOUD_COLUMN_AT_THRESHOLD,COARSE_LOW_CLOUD_NATIVE_NO_COLUMN_AT_THRESHOLD,OBSERVER_ENVIRONMENT_TIMELINE_ONLY_NO_PHYSICS_PROMOTION,False,False,False,False
2026-09-14 18:10:21.746064+08:00,2026-09-14 18:00:21.746064+08:00,10,5,POST_EVENT_DIAGNOSTIC,CORE_0_TO_MINUS6_TIME_RANGE,OPENMETEO_ROUTE_LINEAR_INTERPOLATION_EXISTING_CONTRACT,+0.0_0020,0.0,20.0,PRIMARY_GT10_40KM,3.82729276,0.82729276,0.0,16037.270724,87.34541448,0.0,2026-09-14 18:11:21.865023+08:00,60.118959,NEAREST_EXISTING_NATIVE_SNAPSHOT_WITHIN_TOLERANCE,-2.5,,,,1.0,0.0,0.0,NATIVE_NO_CLOUD_COLUMN_AT_THRESHOLD,COARSE_LOW_CLOUD_NATIVE_NO_COLUMN_AT_THRESHOLD,OBSERVER_ENVIRONMENT_TIMELINE_ONLY_NO_PHYSICS_PROMOTION,False,False,False,False
2026-09-14 18:10:21.746064+08:00,2026-09-14 18:00:21.746064+08:00,10,5,POST_EVENT_DIAGNOSTIC,CORE_0_TO_MINUS6_TIME_RANGE,OPENMETEO_ROUTE_LINEAR_INTERPOLATION_EXISTING_CONTRACT,+0.0_0025,0.0,25.0,PRIMARY_GT10_40KM,3.82729276,0.82729276,0.0,16037.270724,87.34541448,0.0,2026-09-14 18:11:21.865023+08:00,60.118959,NEAREST_EXISTING_NATIVE_SNAPSHOT_WITHIN_TOLERANCE,-2.5,,,,1.0,0.0,0.0,NATIVE_NO_CLOUD_COLUMN_AT_THRESHOLD,COARSE_LOW_CLOUD_NATIVE_NO_COLUMN_AT_THRESHOLD,OBSERVER_ENVIRONMENT_TIMELINE_ONLY_NO_PHYSICS_PROMOTION,False,False,False,False
2026-09-14 18:10:21.746064+08:00,2026-09-14 18:00:21.746064+08:00,10,5,POST_EVENT_DIAGNOSTIC,CORE_0_TO_MINUS6_TIME_RANGE,OPENMETEO_ROUTE_LINEAR_INTERPOLATION_EXISTING_CONTRACT,+0.0_0030,0.0,30.0,PRIMARY_GT10_40KM,4.48187828,0.82729276,0.0,16086.1834208,88.0,0.0,2026-09-14 18:11:21.865023+08:00,60.118959,NEAREST_EXISTING_NATIVE_SNAPSHOT_WITHIN_TOLERANCE,-2.5,,,,1.0,0.0,0.0,NATIVE_NO_CLOUD_COLUMN_AT_THRESHOLD,COARSE_LOW_CLOUD_NATIVE_NO_COLUMN_AT_THRESHOLD,OBSERVER_ENVIRONMENT_TIMELINE_ONLY_NO_PHYSICS_PROMOTION,False,False,False,False
2026-09-14 18:10:21.746064+08:00,2026-09-14 18:00:21.746064+08:00,10,5,POST_EVENT_DIAGNOSTIC,CORE_0_TO_MINUS6_TIME_RANGE,OPENMETEO_ROUTE_LINEAR_INTERPOLATION_EXISTING_CONTRACT,+0.0_0035,0.0,35.0,PRIMARY_GT10_40KM,4.48187828,0.82729276,0.0,16086.1834208,88.0,0.0,2026-09-14 18:11:21.865023+08:00,60.118959,NEAREST_EXISTING_NATIVE_SNAPSHOT_WITHIN_TOLERANCE,-2.5,,,,1.0,0.0,0.0,NATIVE_NO_CLOUD_COLUMN_AT_THRESHOLD,COARSE_LOW_CLOUD_NATIVE_NO_COLUMN_AT_THRESHOLD,OBSERVER_ENVIRONMENT_TIMELINE_ONLY_NO_PHYSICS_PROMOTION,False,False,False,False
2026-09-14 18:10:21.746064+08:00,2026-09-14 18:00:21.746064+08:00,10,5,POST_EVENT_DIAGNOSTIC,CORE_0_TO_MINUS6_TIME_RANGE,OPENMETEO_ROUTE_LINEAR_INTERPOLATION_EXISTING_CONTRACT,+0.0_0040,0.0,40.0,PRIMARY_GT10_40KM,4.30917104,0.82729276,0.0,14980.1701992,87.65458552,0.0,2026-09-14 18:11:21.865023+08:00,60.118959,NEAREST_EXISTING_NATIVE_SNAPSHOT_WITHIN_TOLERANCE,-2.5,,,,1.0,0.0,0.0,NATIVE_NO_CLOUD_COLUMN_AT_THRESHOLD,COARSE_LOW_CLOUD_NATIVE_NO_COLUMN_AT_THRESHOLD,OBSERVER_ENVIRONMENT_TIMELINE_ONLY_NO_PHYSICS_PROMOTION,False,False,False,False
2026-09-14 18:10:21.746064+08:00,2026-09-14 18:00:21.746064+08:00,10,5,POST_EVENT_DIAGNOSTIC,CORE_0_TO_MINUS6_TIME_RANGE,OPENMETEO_ROUTE_LINEAR_INTERPOLATION_EXISTING_CONTRACT,+0.0_0050,0.0,50.0,EXTENDED_GT40_100KM,22.50961176,0.82729276,0.0,14209.4232944,87.82729276,0.0,2026-09-14 18:11:21.865023+08:00,60.118959,NEAREST_EXISTING_NATIVE_SNAPSHOT_WITHIN_TOLERANCE,-2.5,,,,1.0,0.0,0.0,NATIVE_NO_CLOUD_COLUMN_AT_THRESHOLD,COARSE_LOW_CLOUD_NATIVE_NO_COLUMN_AT_THRESHOLD,OBSERVER_ENVIRONMENT_TIMELINE_ONLY_NO_PHYSICS_PROMOTION,False,False,False,False
2026-09-14 18:10:21.746064+08:00,2026-09-14 18:00:21.746064+08:00,10,5,POST_EVENT_DIAGNOSTIC,CORE_0_TO_MINUS6_TIME_RANGE,OPENMETEO_ROUTE_LINEAR_INTERPOLATION_EXISTING_CONTRACT,+0.0_0060,0.0,60.0,EXTENDED_GT40_100KM,26.30917104,0.17270724,0.0,13754.1569776,87.65458552,0.0,2026-09-14 18:11:21.865023+08:00,60.118959,NEAREST_EXISTING_NATIVE_SNAPSHOT_WITHIN_TOLERANCE,-2.5,,,,1.0,0.0,0.0,NATIVE_NO_CLOUD_COLUMN_AT_THRESHOLD,COARSE_LOW_CLOUD_NATIVE_NO_COLUMN_AT_THRESHOLD,OBSERVER_ENVIRONMENT_TIMELINE_ONLY_NO_PHYSICS_PROMOTION,False,False,False,False
2026-09-14 18:10:21.746064+08:00,2026-09-14 18:00:21.746064+08:00,10,5,POST_EVENT_DIAGNOSTIC,CORE_0_TO_MINUS6_TIME_RANGE,OPENMETEO_ROUTE_LINEAR_INTERPOLATION_EXISTING_CONTRACT,+0.0_0070,0.0,70.0,EXTENDED_GT40_100KM,37.82729276,0.17270724,0.0,13671.6419728,87.65458552,0.0,2026-09-14 18:11:21.865023+08:00,60.118959,NEAREST_EXISTING_NATIVE_SNAPSHOT_WITHIN_TOLERANCE,-2.5,,,,1.0,0.0,0.0,NATIVE_NO_CLOUD_COLUMN_AT_THRESHOLD,COARSE_LOW_CLOUD_NATIVE_NO_COLUMN_AT_THRESHOLD,OBSERVER_ENVIRONMENT_TIMELINE_ONLY_NO_PHYSICS_PROMOTION,False,False,False,False
2026-09-14 18:10:21.746064+08:00,2026-09-14 18:00:21.746064+08:00,10,5,POST_EVENT_DIAGNOSTIC,CORE_0_TO_MINUS6_TIME_RANGE,OPENMETEO_ROUTE_LINEAR_INTERPOLATION_EXISTING_CONTRACT,+0.0_0080,0.0,80.0,EXTENDED_GT40_100KM,31.5906086,0.17270724,0.0,14049.082896,87.65458552,0.0,2026-09-14 18:11:21.865023+08:00,60.118959,NEAREST_EXISTING_NATIVE_SNAPSHOT_WITHIN_TOLERANCE,-2.5,,,,1.0,0.0,0.0,NATIVE_NO_CLOUD_COLUMN_AT_THRESHOLD,COARSE_LOW_CLOUD_NATIVE_NO_COLUMN_AT_THRESHOLD,OBSERVER_ENVIRONMENT_TIMELINE_ONLY_NO_PHYSICS_PROMOTION,False,False,False,False
2026-09-14 18:10:21.746064+08:00,2026-09-14 18:00:21.746064+08:00,10,5,POST_EVENT_DIAGNOSTIC,CORE_0_TO_MINUS6_TIME_RANGE,OPENMETEO_ROUTE_LINEAR_INTERPOLATION_EXISTING_CONTRACT,+0.0_0090,0.0,90.0,EXTENDED_GT40_100KM,30.735582360000002,0.17270724,0.0,14033.2619096,87.65458552,0.0,2026-09-14 18:11:21.865023+08:00,60.118959,NEAREST_EXISTING_NATIVE_SNAPSHOT_WITHIN_TOLERANCE,-2.5,,,,1.0,0.0,0.0,NATIVE_NO_CLOUD_COLUMN_AT_THRESHOLD,COARSE_LOW_CLOUD_NATIVE_NO_COLUMN_AT_THRESHOLD,OBSERVER_ENVIRONMENT_TIMELINE_ONLY_NO_PHYSICS_PROMOTION,False,False,False,False
2026-09-14 18:10:21.746064+08:00,2026-09-14 18:00:21.746064+08:00,10,5,POST_EVENT_DIAGNOSTIC,CORE_0_TO_MINUS6_TIME_RANGE,OPENMETEO_ROUTE_LINEAR_INTERPOLATION_EXISTING_CONTRACT,+0.0_0100,0.0,100.0,EXTENDED_GT40_100KM,23.25370408,0.0,0.0,13572.5811128,87.0,0.0,2026-09-14 18:11:21.865023+08:00,60.118959,NEAREST_EXISTING_NATIVE_SNAPSHOT_WITHIN_TOLERANCE,-2.5,,,,1.0,0.0,0.0,NATIVE_NO_CLOUD_COLUMN_AT_THRESHOLD,COARSE_LOW_CLOUD_NATIVE_NO_COLUMN_AT_THRESHOLD,OBSERVER_ENVIRONMENT_TIMELINE_ONLY_NO_PHYSICS_PROMOTION,False,False,False,False
2026-09-14 18:10:21.746064+08:00,2026-09-14 18:00:21.746064+08:00,10,5,POST_EVENT_DIAGNOSTIC,CORE_0_TO_MINUS6_TIME_RANGE,OPENMETEO_ROUTE_LINEAR_INTERPOLATION_EXISTING_CONTRACT,+5.0_0005,5.0,5.0,NEAR_OBSERVER_0_10KM,3.20895068,2.17270724,0.0,17398.2919192,85.79104932,0.0,2026-09-14 18:11:21.865023+08:00,60.118959,NEAREST_EXISTING_NATIVE_SNAPSHOT_WITHIN_TOLERANCE,-2.5,,,,1.0,0.0,0.0,NATIVE_NO_CLOUD_COLUMN_AT_THRESHOLD,COARSE_LOW_CLOUD_NATIVE_NO_COLUMN_AT_THRESHOLD,OBSERVER_ENVIRONMENT_TIMELINE_ONLY_NO_PHYSICS_PROMOTION,False,False,False,False
2026-09-14 18:10:21.746064+08:00,2026-09-14 18:00:21.746064+08:00,10,5,POST_EVENT_DIAGNOSTIC,CORE_0_TO_MINUS6_TIME_RANGE,OPENMETEO_ROUTE_LINEAR_INTERPOLATION_EXISTING_CONTRACT,+5.0_0010,5.0,10.0,NEAR_OBSERVER_0_10KM,3.20895068,2.17270724,0.0,17398.2919192,85.79104932,0.0,2026-09-14 18:11:21.865023+08:00,60.118959,NEAREST_EXISTING_NATIVE_SNAPSHOT_WITHIN_TOLERANCE,-2.5,,,,1.0,0.0,0.0,NATIVE_NO_CLOUD_COLUMN_AT_THRESHOLD,COARSE_LOW_CLOUD_NATIVE_NO_COLUMN_AT_THRESHOLD,OBSERVER_ENVIRONMENT_TIMELINE_ONLY_NO_PHYSICS_PROMOTION,False,False,False,False
2026-09-14 18:10:21.746064+08:00,2026-09-14 18:00:21.746064+08:00,10,5,POST_EVENT_DIAGNOSTIC,CORE_0_TO_MINUS6_TIME_RANGE,OPENMETEO_ROUTE_LINEAR_INTERPOLATION_EXISTING_CONTRACT,+5.0_0015,5.0,15.0,PRIMARY_GT10_40KM,2.51812172,0.0,0.0,16264.1790136,88.82729276,0.0,2026-09-14 18:11:21.865023+08:00,60.118959,NEAREST_EXISTING_NATIVE_SNAPSHOT_WITHIN_TOLERANCE,-2.5,,,,1.0,0.0,0.0,NATIVE_NO_CLOUD_COLUMN_AT_THRESHOLD,COARSE_LOW_CLOUD_NATIVE_NO_COLUMN_AT_THRESHOLD,OBSERVER_ENVIRONMENT_TIMELINE_ONLY_NO_PHYSICS_PROMOTION,False,False,False,False
2026-09-14 18:10:21.746064+08:00,2026-09-14 18:00:21.746064+08:00,10,5,POST_EVENT_DIAGNOSTIC,CORE_0_TO_MINUS6_TIME_RANGE,OPENMETEO_ROUTE_LINEAR_INTERPOLATION_EXISTING_CONTRACT,+5.0_0020,5.0,20.0,PRIMARY_GT10_40KM,3.82729276,0.82729276,0.0,16037.270724,87.34541448,0.0,2026-09-14 18:11:21.865023+08:00,60.118959,NEAREST_EXISTING_NATIVE_SNAPSHOT_WITHIN_TOLERANCE,-2.5,,,,1.0,0.0,0.0,NATIVE_NO_CLOUD_COLUMN_AT_THRESHOLD,COARSE_LOW_CLOUD_NATIVE_NO_COLUMN_AT_THRESHOLD,OBSERVER_ENVIRONMENT_TIMELINE_ONLY_NO_PHYSICS_PROMOTION,False,False,False,False
2026-09-14 18:10:21.746064+08:00,2026-09-14 18:00:21.746064+08:00,10,5,POST_EVENT_DIAGNOSTIC,CORE_0_TO_MINUS6_TIME_RANGE,OPENMETEO_ROUTE_LINEAR_INTERPOLATION_EXISTING_CONTRACT,+5.0_0025,5.0,25.0,PRIMARY_GT10_40KM,3.82729276,0.82729276,0.0,16037.270724,87.34541448,0.0,2026-09-14 18:11:21.865023+08:00,60.118959,NEAREST_EXISTING_NATIVE_SNAPSHOT_WITHIN_TOLERANCE,-2.5,,,,1.0,0.0,0.0,NATIVE_NO_CLOUD_COLUMN_AT_THRESHOLD,COARSE_LOW_CLOUD_NATIVE_NO_COLUMN_AT_THRESHOLD,OBSERVER_ENVIRONMENT_TIMELINE_ONLY_NO_PHYSICS_PROMOTION,False,False,False,False
2026-09-14 18:10:21.746064+08:00,2026-09-14 18:00:21.746064+08:00,10,5,POST_EVENT_DIAGNOSTIC,CORE_0_TO_MINUS6_TIME_RANGE,OPENMETEO_ROUTE_LINEAR_INTERPOLATION_EXISTING_CONTRACT,+5.0_0030,5.0,30.0,PRIMARY_GT10_40KM,4.48187828,0.82729276,0.0,16086.1834208,88.0,0.0,2026-09-14 18:11:21.865023+08:00,60.118959,NEAREST_EXISTING_NATIVE_SNAPSHOT_WITHIN_TOLERANCE,-2.5,,,,1.0,0.0,0.0,NATIVE_NO_CLOUD_COLUMN_AT_THRESHOLD,COARSE_LOW_CLOUD_NATIVE_NO_COLUMN_AT_THRESHOLD,OBSERVER_ENVIRONMENT_TIMELINE_ONLY_NO_PHYSICS_PROMOTION,False,False,False,False
2026-09-14 18:10:21.746064+08:00,2026-09-14 18:00:21.746064+08:00,10,5,POST_EVENT_DIAGNOSTIC,CORE_0_TO_MINUS6_TIME_RANGE,OPENMETEO_ROUTE_LINEAR_INTERPOLATION_EXISTING_CONTRACT,+5.0_0035,5.0,35.0,PRIMARY_GT10_40KM,4.48187828,0.82729276,0.0,16086.1834208,88.0,0.0,2026-09-14 18:11:21.865023+08:00,60.118959,NEAREST_EXISTING_NATIVE_SNAPSHOT_WITHIN_TOLERANCE,-2.5,,,,1.0,0.0,0.0,NATIVE_NO_CLOUD_COLUMN_AT_THRESHOLD,COARSE_LOW_CLOUD_NATIVE_NO_COLUMN_AT_THRESHOLD,OBSERVER_ENVIRONMENT_TIMELINE_ONLY_NO_PHYSICS_PROMOTION,False,False,False,False
2026-09-14 18:10:21.746064+08:00,2026-09-14 18:00:21.746064+08:00,10,5,POST_EVENT_DIAGNOSTIC,CORE_0_TO_MINUS6_TIME_RANGE,OPENMETEO_ROUTE_LINEAR_INTERPOLATION_EXISTING_CONTRACT,+5.0_0040,5.0,40.0,PRIMARY_GT10_40KM,4.30917104,0.82729276,0.0,14980.1701992,87.65458552,0.0,2026-09-14 18:11:21.865023+08:00,60.118959,NEAREST_EXISTING_NATIVE_SNAPSHOT_WITHIN_TOLERANCE,-2.5,,,,1.0,0.0,0.0,NATIVE_NO_CLOUD_COLUMN_AT_THRESHOLD,COARSE_LOW_CLOUD_NATIVE_NO_COLUMN_AT_THRESHOLD,OBSERVER_ENVIRONMENT_TIMELINE_ONLY_NO_PHYSICS_PROMOTION,False,False,False,False
2026-09-14 18:10:21.746064+08:00,2026-09-14 18:00:21.746064+08:00,10,5,POST_EVENT_DIAGNOSTIC,CORE_0_TO_MINUS6_TIME_RANGE,OPENMETEO_ROUTE_LINEAR_INTERPOLATION_EXISTING_CONTRACT,+5.0_0050,5.0,50.0,EXTENDED_GT40_100KM,26.02773348,0.82729276,0.0,13282.8554032,87.0,0.0,2026-09-14 18:11:21.865023+08:00,60.118959,NEAREST_EXISTING_NATIVE_SNAPSHOT_WITHIN_TOLERANCE,-2.5,,,,1.0,0.0,0.0,NATIVE_NO_CLOUD_COLUMN_AT_THRESHOLD,COARSE_LOW_CLOUD_NATIVE_NO_COLUMN_AT_THRESHOLD,OBSERVER_ENVIRONMENT_TIMELINE_ONLY_NO_PHYSICS_PROMOTION,False,False,False,False
2026-09-14 18:10:21.746064+08:00,2026-09-14 18:00:21.746064+08:00,10,5,POST_EVENT_DIAGNOSTIC,CORE_0_TO_MINUS6_TIME_RANGE,OPENMETEO_ROUTE_LINEAR_INTERPOLATION_EXISTING_CONTRACT,+5.0_0060,5.0,60.0,EXTENDED_GT40_100KM,44.92751312,0.82729276,0.0,12537.4409232,86.65458552,0.0,2026-09-14 18:11:21.865023+08:00,60.118959,NEAREST_EXISTING_NATIVE_SNAPSHOT_WITHIN_TOLERANCE,-2.5,,,,1.0,0.0,0.0,NATIVE_NO_CLOUD_COLUMN_AT_THRESHOLD,COARSE_LOW_CLOUD_NATIVE_NO_COLUMN_AT_THRESHOLD,OBSERVER_ENVIRONMENT_TIMELINE_ONLY_NO_PHYSICS_PROMOTION,False,False,False,False
2026-09-14 18:10:21.746064+08:00,2026-09-14 18:00:21.746064+08:00,10,5,POST_EVENT_DIAGNOSTIC,CORE_0_TO_MINUS6_TIME_RANGE,OPENMETEO_ROUTE_LINEAR_INTERPOLATION_EXISTING_CONTRACT,+5.0_0070,5.0,70.0,EXTENDED_GT40_100KM,55.75480588,1.0,0.0,12930.7469048,87.65458552,0.0,2026-09-14 18:11:21.865023+08:00,60.118959,NEAREST_EXISTING_NATIVE_SNAPSHOT_WITHIN_TOLERANCE,-2.5,,,,1.0,0.0,0.0,NATIVE_NO_CLOUD_COLUMN_AT_THRESHOLD,COARSE_LOW_CLOUD_NATIVE_NO_COLUMN_AT_THRESHOLD,OBSERVER_ENVIRONMENT_TIMELINE_ONLY_NO_PHYSICS_PROMOTION,False,False,False,False
2026-09-14 18:10:21.746064+08:00,2026-09-14 18:00:21.746064+08:00,10,5,POST_EVENT_DIAGNOSTIC,CORE_0_TO_MINUS6_TIME_RANGE,OPENMETEO_ROUTE_LINEAR_INTERPOLATION_EXISTING_CONTRACT,+5.0_0080,5.0,80.0,EXTENDED_GT40_100KM,41.51812172,0.17270724,0.0,13661.6199368,87.65458552,0.0,2026-09-14 18:11:21.865023+08:00,60.118959,NEAREST_EXISTING_NATIVE_SNAPSHOT_WITHIN_TOLERANCE,-2.5,,,,1.0,0.0,0.0,NATIVE_NO_CLOUD_COLUMN_AT_THRESHOLD,COARSE_LOW_CLOUD_NATIVE_NO_COLUMN_AT_THRESHOLD,OBSERVER_ENVIRONMENT_TIMELINE_ONLY_NO_PHYSICS_PROMOTION,False,False,False,False
2026-09-14 18:10:21.746064+08:00,2026-09-14 18:00:21.746064+08:00,10,5,POST_EVENT_DIAGNOSTIC,CORE_0_TO_MINUS6_TIME_RANGE,OPENMETEO_ROUTE_LINEAR_INTERPOLATION_EXISTING_CONTRACT,+5.0_0090,5.0,90.0,EXTENDED_GT40_100KM,49.07248688,0.17270724,0.0,13162.3888776,87.48187828,0.0,2026-09-14 18:11:21.865023+08:00,60.118959,NEAREST_EXISTING_NATIVE_SNAPSHOT_WITHIN_TOLERANCE,-2.5,,,,1.0,0.0,0.0,NATIVE_NO_CLOUD_COLUMN_AT_THRESHOLD,COARSE_LOW_CLOUD_NATIVE_NO_COLUMN_AT_THRESHOLD,OBSERVER_ENVIRONMENT_TIMELINE_ONLY_NO_PHYSICS_PROMOTION,False,False,False,False
2026-09-14 18:10:21.746064+08:00,2026-09-14 18:00:21.746064+08:00,10,5,POST_EVENT_DIAGNOSTIC,CORE_0_TO_MINUS6_TIME_RANGE,OPENMETEO_ROUTE_LINEAR_INTERPOLATION_EXISTING_CONTRACT,+5.0_0100,5.0,100.0,EXTENDED_GT40_100KM,37.14497376,0.17270724,0.0,13121.1093392,87.65458552,0.0,2026-09-14 18:11:21.865023+08:00,60.118959,NEAREST_EXISTING_NATIVE_SNAPSHOT_WITHIN_TOLERANCE,-2.5,,,,1.0,0.0,0.0,NATIVE_NO_CLOUD_COLUMN_AT_THRESHOLD,COARSE_LOW_CLOUD_NATIVE_NO_COLUMN_AT_THRESHOLD,OBSERVER_ENVIRONMENT_TIMELINE_ONLY_NO_PHYSICS_PROMOTION,False,False,False,False
2026-09-14 18:15:21.746064+08:00,2026-09-14 18:00:21.746064+08:00,15,5,POST_EVENT_DIAGNOSTIC,CORE_0_TO_MINUS6_TIME_RANGE,OPENMETEO_ROUTE_LINEAR_INTERPOLATION_EXISTING_CONTRACT,-5.0_0000,-5.0,0.0,NEAR_OBSERVER_0_10KM,3.7922840133333335,2.2560405733333333,0.0,17696.625252533333,85.20771598666667,0.0,2026-09-14 18:15:46.234703+08:00,24.488639,NEAREST_EXISTING_NATIVE_SNAPSHOT_WITHIN_TOLERANCE,-3.5,,,,1.0,0.0,0.0,NATIVE_NO_CLOUD_COLUMN_AT_THRESHOLD,COARSE_LOW_CLOUD_NATIVE_NO_COLUMN_AT_THRESHOLD,OBSERVER_ENVIRONMENT_TIMELINE_ONLY_NO_PHYSICS_PROMOTION,False,False,False,False
2026-09-14 18:15:21.746064+08:00,2026-09-14 18:00:21.746064+08:00,15,5,POST_EVENT_DIAGNOSTIC,CORE_0_TO_MINUS6_TIME_RANGE,OPENMETEO_ROUTE_LINEAR_INTERPOLATION_EXISTING_CONTRACT,+0.0_0000,0.0,0.0,NEAR_OBSERVER_0_10KM,3.7922840133333335,2.2560405733333333,0.0,17696.625252533333,85.20771598666667,0.0,2026-09-14 18:15:46.234703+08:00,24.488639,NEAREST_EXISTING_NATIVE_SNAPSHOT_WITHIN_TOLERANCE,-3.5,,,,1.0,0.0,0.0,NATIVE_NO_CLOUD_COLUMN_AT_THRESHOLD,COARSE_LOW_CLOUD_NATIVE_NO_COLUMN_AT_THRESHOLD,OBSERVER_ENVIRONMENT_TIMELINE_ONLY_NO_PHYSICS_PROMOTION,False,False,False,False
2026-09-14 18:15:21.746064+08:00,2026-09-14 18:00:21.746064+08:00,15,5,POST_EVENT_DIAGNOSTIC,CORE_0_TO_MINUS6_TIME_RANGE,OPENMETEO_ROUTE_LINEAR_INTERPOLATION_EXISTING_CONTRACT,+5.0_0000,5.0,0.0,NEAR_OBSERVER_0_10KM,3.7922840133333335,2.2560405733333333,0.0,17696.625252533333,85.20771598666667,0.0,2026-09-14 18:15:46.234703+08:00,24.488639,NEAREST_EXISTING_NATIVE_SNAPSHOT_WITHIN_TOLERANCE,-3.5,,,,1.0,0.0,0.0,NATIVE_NO_CLOUD_COLUMN_AT_THRESHOLD,COARSE_LOW_CLOUD_NATIVE_NO_COLUMN_AT_THRESHOLD,OBSERVER_ENVIRONMENT_TIMELINE_ONLY_NO_PHYSICS_PROMOTION,False,False,False,False
2026-09-14 18:15:21.746064+08:00,2026-09-14 18:00:21.746064+08:00,15,5,POST_EVENT_DIAGNOSTIC,CORE_0_TO_MINUS6_TIME_RANGE,OPENMETEO_ROUTE_LINEAR_INTERPOLATION_EXISTING_CONTRACT,-5.0_0005,-5.0,5.0,NEAR_OBSERVER_0_10KM,3.7922840133333335,2.2560405733333333,0.0,17696.625252533333,85.20771598666667,0.0,2026-09-14 18:15:46.234703+08:00,24.488639,NEAREST_EXISTING_NATIVE_SNAPSHOT_WITHIN_TOLERANCE,-3.5,,,,1.0,0.0,0.0,NATIVE_NO_CLOUD_COLUMN_AT_THRESHOLD,COARSE_LOW_CLOUD_NATIVE_NO_COLUMN_AT_THRESHOLD,OBSERVER_ENVIRONMENT_TIMELINE_ONLY_NO_PHYSICS_PROMOTION,False,False,False,False
2026-09-14 18:15:21.746064+08:00,2026-09-14 18:00:21.746064+08:00,15,5,POST_EVENT_DIAGNOSTIC,CORE_0_TO_MINUS6_TIME_RANGE,OPENMETEO_ROUTE_LINEAR_INTERPOLATION_EXISTING_CONTRACT,-5.0_0010,-5.0,10.0,NEAR_OBSERVER_0_10KM,2.024162293333333,2.76812172,0.0,19442.6111224,83.71979713333333,0.0,2026-09-14 18:15:46.234703+08:00,24.488639,NEAREST_EXISTING_NATIVE_SNAPSHOT_WITHIN_TOLERANCE,-3.5,,,,1.0,0.0,0.0,NATIVE_NO_CLOUD_COLUMN_AT_THRESHOLD,COARSE_LOW_CLOUD_NATIVE_NO_COLUMN_AT_THRESHOLD,OBSERVER_ENVIRONMENT_TIMELINE_ONLY_NO_PHYSICS_PROMOTION,False,False,False,False
2026-09-14 18:15:21.746064+08:00,2026-09-14 18:00:21.746064+08:00,15,5,POST_EVENT_DIAGNOSTIC,CORE_0_TO_MINUS6_TIME_RANGE,OPENMETEO_ROUTE_LINEAR_INTERPOLATION_EXISTING_CONTRACT,-5.0_0015,-5.0,15.0,PRIMARY_GT10_40KM,2.024162293333333,2.76812172,0.0,19442.6111224,83.71979713333333,0.0,2026-09-14 18:15:46.234703+08:00,24.488639,NEAREST_EXISTING_NATIVE_SNAPSHOT_WITHIN_TOLERANCE,-3.5,,,,1.0,0.0,0.0,NATIVE_NO_CLOUD_COLUMN_AT_THRESHOLD,COARSE_LOW_CLOUD_NATIVE_NO_COLUMN_AT_THRESHOLD,OBSERVER_ENVIRONMENT_TIMELINE_ONLY_NO_PHYSICS_PROMOTION,False,False,False,False
2026-09-14 18:15:21.746064+08:00,2026-09-14 18:00:21.746064+08:00,15,5,POST_EVENT_DIAGNOSTIC,CORE_0_TO_MINUS6_TIME_RANGE,OPENMETEO_ROUTE_LINEAR_INTERPOLATION_EXISTING_CONTRACT,-5.0_0020,-5.0,20.0,PRIMARY_GT10_40KM,2.0,0.25604057333333335,0.0,16300.966491733334,89.74395942666666,0.0,2026-09-14 18:15:46.234703+08:00,24.488639,NEAREST_EXISTING_NATIVE_SNAPSHOT_WITHIN_TOLERANCE,-3.5,,,,1.0,0.0,0.0,NATIVE_NO_CLOUD_COLUMN_AT_THRESHOLD,COARSE_LOW_CLOUD_NATIVE_NO_COLUMN_AT_THRESHOLD,OBSERVER_ENVIRONMENT_TIMELINE_ONLY_NO_PHYSICS_PROMOTION,False,False,False,False
2026-09-14 18:15:21.746064+08:00,2026-09-14 18:00:21.746064+08:00,15,5,POST_EVENT_DIAGNOSTIC,CORE_0_TO_MINUS6_TIME_RANGE,OPENMETEO_ROUTE_LINEAR_INTERPOLATION_EXISTING_CONTRACT,-5.0_0025,-5.0,25.0,PRIMARY_GT10_40KM,3.975837706666667,0.7439594266666667,0.0,16115.3624344,88.25604057333334,0.0,2026-09-14 18:15:46.234703+08:00,24.488639,NEAREST_EXISTING_NATIVE_SNAPSHOT_WITHIN_TOLERANCE,-3.5,,,,1.0,0.0,0.0,NATIVE_NO_CLOUD_COLUMN_AT_THRESHOLD,COARSE_LOW_CLOUD_NATIVE_NO_COLUMN_AT_THRESHOLD,OBSERVER_ENVIRONMENT_TIMELINE_ONLY_NO_PHYSICS_PROMOTION,False,False,False,False
2026-09-14 18:15:21.746064+08:00,2026-09-14 18:00:21.746064+08:00,15,5,POST_EVENT_DIAGNOSTIC,CORE_0_TO_MINUS6_TIME_RANGE,OPENMETEO_ROUTE_LINEAR_INTERPOLATION_EXISTING_CONTRACT,-5.0_0030,-5.0,30.0,PRIMARY_GT10_40KM,3.975837706666667,0.7439594266666667,0.0,16115.3624344,88.25604057333334,0.0,2026-09-14 18:15:46.234703+08:00,24.488639,NEAREST_EXISTING_NATIVE_SNAPSHOT_WITHIN_TOLERANCE,-3.5,,,,1.0,0.0,0.0,NATIVE_NO_CLOUD_COLUMN_AT_THRESHOLD,COARSE_LOW_CLOUD_NATIVE_NO_COLUMN_AT_THRESHOLD,OBSERVER_ENVIRONMENT_TIMELINE_ONLY_NO_PHYSICS_PROMOTION,False,False,False,False
2026-09-14 18:15:21.746064+08:00,2026-09-14 18:00:21.746064+08:00,15,5,POST_EVENT_DIAGNOSTIC,CORE_0_TO_MINUS6_TIME_RANGE,OPENMETEO_ROUTE_LINEAR_INTERPOLATION_EXISTING_CONTRACT,-5.0_0035,-5.0,35.0,PRIMARY_GT10_40KM,8.69563484,0.7439594266666667,0.0,15926.570549066666,87.74395942666666,0.0,2026-09-14 18:15:46.234703+08:00,24.488639,NEAREST_EXISTING_NATIVE_SNAPSHOT_WITHIN_TOLERANCE,-3.5,,,,1.0,0.0,0.0,NATIVE_NO_CLOUD_COLUMN_AT_THRESHOLD,COARSE_LOW_CLOUD_NATIVE_NO_COLUMN_AT_THRESHOLD,OBSERVER_ENVIRONMENT_TIMELINE_ONLY_NO_PHYSICS_PROMOTION,False,False,False,False
2026-09-14 18:15:21.746064+08:00,2026-09-14 18:00:21.746064+08:00,15,5,POST_EVENT_DIAGNOSTIC,CORE_0_TO_MINUS6_TIME_RANGE,OPENMETEO_ROUTE_LINEAR_INTERPOLATION_EXISTING_CONTRACT,-5.0_0040,-5.0,40.0,PRIMARY_GT10_40KM,8.69563484,0.7439594266666667,0.0,15926.570549066666,87.74395942666666,0.0,2026-09-14 18:15:46.234703+08:00,24.488639,NEAREST_EXISTING_NATIVE_SNAPSHOT_WITHIN_TOLERANCE,-3.5,,,,1.0,0.0,0.0,NATIVE_NO_CLOUD_COLUMN_AT_THRESHOLD,COARSE_LOW_CLOUD_NATIVE_NO_COLUMN_AT_THRESHOLD,OBSERVER_ENVIRONMENT_TIMELINE_ONLY_NO_PHYSICS_PROMOTION,False,False,False,False
2026-09-14 18:15:21.746064+08:00,2026-09-14 18:00:21.746064+08:00,15,5,POST_EVENT_DIAGNOSTIC,CORE_0_TO_MINUS6_TIME_RANGE,OPENMETEO_ROUTE_LINEAR_INTERPOLATION_EXISTING_CONTRACT,-5.0_0050,-5.0,50.0,EXTENDED_GT40_100KM,8.207715986666667,0.7439594266666667,0.0,15740.101433333333,88.23187828,0.0,2026-09-14 18:15:46.234703+08:00,24.488639,NEAREST_EXISTING_NATIVE_SNAPSHOT_WITHIN_TOLERANCE,-3.5,,,,1.0,0.0,0.0,NATIVE_NO_CLOUD_COLUMN_AT_THRESHOLD,COARSE_LOW_CLOUD_NATIVE_NO_COLUMN_AT_THRESHOLD,OBSERVER_ENVIRONMENT_TIMELINE_ONLY_NO_PHYSICS_PROMOTION,False,False,False,False
2026-09-14 18:15:21.746064+08:00,2026-09-14 18:00:21.746064+08:00,15,5,POST_EVENT_DIAGNOSTIC,CORE_0_TO_MINUS6_TIME_RANGE,OPENMETEO_ROUTE_LINEAR_INTERPOLATION_EXISTING_CONTRACT,-5.0_0060,-5.0,60.0,EXTENDED_GT40_100KM,10.439594266666667,0.0,0.0,14869.953270133334,88.48791885333333,0.0,2026-09-14 18:15:46.234703+08:00,24.488639,NEAREST_EXISTING_NATIVE_SNAPSHOT_WITHIN_TOLERANCE,-3.5,,,,1.0,0.0,0.0,NATIVE_NO_CLOUD_COLUMN_AT_THRESHOLD,COARSE_LOW_CLOUD_NATIVE_NO_COLUMN_AT_THRESHOLD,OBSERVER_ENVIRONMENT_TIMELINE_ONLY_NO_PHYSICS_PROMOTION,False,False,False,False
2026-09-14 18:15:21.746064+08:00,2026-09-14 18:00:21.746064+08:00,15,5,POST_EVENT_DIAGNOSTIC,CORE_0_TO_MINUS6_TIME_RANGE,OPENMETEO_ROUTE_LINEAR_INTERPOLATION_EXISTING_CONTRACT,-5.0_0070,-5.0,70.0,EXTENDED_GT40_100KM,19.415431973333334,0.25604057333333335,0.0,14257.583770666666,87.74395942666666,0.0,2026-09-14 18:15:46.234703+08:00,24.488639,NEAREST_EXISTING_NATIVE_SNAPSHOT_WITHIN_TOLERANCE,-3.5,,,,1.0,0.0,0.0,NATIVE_NO_CLOUD_COLUMN_AT_THRESHOLD,COARSE_LOW_CLOUD_NATIVE_NO_COLUMN_AT_THRESHOLD,OBSERVER_ENVIRONMENT_TIMELINE_ONLY_NO_PHYSICS_PROMOTION,False,False,False,False
2026-09-14 18:15:21.746064+08:00,2026-09-14 18:00:21.746064+08:00,15,5,POST_EVENT_DIAGNOSTIC,CORE_0_TO_MINUS6_TIME_RANGE,OPENMETEO_ROUTE_LINEAR_INTERPOLATION_EXISTING_CONTRACT,-5.0_0080,-5.0,80.0,EXTENDED_GT40_100KM,32.8406086,0.25604057333333335,0.0,14082.416229333334,87.48791885333333,0.0,2026-09-14 18:15:46.234703+08:00,24.488639,NEAREST_EXISTING_NATIVE_SNAPSHOT_WITHIN_TOLERANCE,-3.5,,,,1.0,0.0,0.0,NATIVE_NO_CLOUD_COLUMN_AT_THRESHOLD,COARSE_LOW_CLOUD_NATIVE_NO_COLUMN_AT_THRESHOLD,OBSERVER_ENVIRONMENT_TIMELINE_ONLY_NO_PHYSICS_PROMOTION,False,False,False,False
2026-09-14 18:15:21.746064+08:00,2026-09-14 18:00:21.746064+08:00,15,5,POST_EVENT_DIAGNOSTIC,CORE_0_TO_MINUS6_TIME_RANGE,OPENMETEO_ROUTE_LINEAR_INTERPOLATION_EXISTING_CONTRACT,-5.0_0090,-5.0,90.0,EXTENDED_GT40_100KM,30.657054906666666,0.0,0.0,13826.180762933333,86.74395942666666,0.0,2026-09-14 18:15:46.234703+08:00,24.488639,NEAREST_EXISTING_NATIVE_SNAPSHOT_WITHIN_TOLERANCE,-3.5,,,,1.0,0.0,0.0,NATIVE_NO_CLOUD_COLUMN_AT_THRESHOLD,COARSE_LOW_CLOUD_NATIVE_NO_COLUMN_AT_THRESHOLD,OBSERVER_ENVIRONMENT_TIMELINE_ONLY_NO_PHYSICS_PROMOTION,False,False,False,False
2026-09-14 18:15:21.746064+08:00,2026-09-14 18:00:21.746064+08:00,15,5,POST_EVENT_DIAGNOSTIC,CORE_0_TO_MINUS6_TIME_RANGE,OPENMETEO_ROUTE_LINEAR_INTERPOLATION_EXISTING_CONTRACT,-5.0_0100,-5.0,100.0,EXTENDED_GT40_100KM,35.81644630666667,0.0,0.0,13070.046729866666,86.25604057333334,0.0,2026-09-14 18:15:46.234703+08:00,24.488639,NEAREST_EXISTING_NATIVE_SNAPSHOT_WITHIN_TOLERANCE,-3.5,,,,1.0,0.0,0.0,NATIVE_NO_CLOUD_COLUMN_AT_THRESHOLD,COARSE_LOW_CLOUD_NATIVE_NO_COLUMN_AT_THRESHOLD,OBSERVER_ENVIRONMENT_TIMELINE_ONLY_NO_PHYSICS_PROMOTION,False,False,False,False
2026-09-14 18:15:21.746064+08:00,2026-09-14 18:00:21.746064+08:00,15,5,POST_EVENT_DIAGNOSTIC,CORE_0_TO_MINUS6_TIME_RANGE,OPENMETEO_ROUTE_LINEAR_INTERPOLATION_EXISTING_CONTRACT,+0.0_0005,0.0,5.0,NEAR_OBSERVER_0_10KM,3.7922840133333335,2.2560405733333333,0.0,17696.625252533333,85.20771598666667,0.0,2026-09-14 18:15:46.234703+08:00,24.488639,NEAREST_EXISTING_NATIVE_SNAPSHOT_WITHIN_TOLERANCE,-3.5,,,,1.0,0.0,0.0,NATIVE_NO_CLOUD_COLUMN_AT_THRESHOLD,COARSE_LOW_CLOUD_NATIVE_NO_COLUMN_AT_THRESHOLD,OBSERVER_ENVIRONMENT_TIMELINE_ONLY_NO_PHYSICS_PROMOTION,False,False,False,False
2026-09-14 18:15:21.746064+08:00,2026-09-14 18:00:21.746064+08:00,15,5,POST_EVENT_DIAGNOSTIC,CORE_0_TO_MINUS6_TIME_RANGE,OPENMETEO_ROUTE_LINEAR_INTERPOLATION_EXISTING_CONTRACT,+0.0_0010,0.0,10.0,NEAR_OBSERVER_0_10KM,2.024162293333333,2.76812172,0.0,19442.6111224,83.71979713333333,0.0,2026-09-14 18:15:46.234703+08:00,24.488639,NEAREST_EXISTING_NATIVE_SNAPSHOT_WITHIN_TOLERANCE,-3.5,,,,1.0,0.0,0.0,NATIVE_NO_CLOUD_COLUMN_AT_THRESHOLD,COARSE_LOW_CLOUD_NATIVE_NO_COLUMN_AT_THRESHOLD,OBSERVER_ENVIRONMENT_TIMELINE_ONLY_NO_PHYSICS_PROMOTION,False,False,False,False
2026-09-14 18:15:21.746064+08:00,2026-09-14 18:00:21.746064+08:00,15,5,POST_EVENT_DIAGNOSTIC,CORE_0_TO_MINUS6_TIME_RANGE,OPENMETEO_ROUTE_LINEAR_INTERPOLATION_EXISTING_CONTRACT,+0.0_0015,0.0,15.0,PRIMARY_GT10_40KM,2.76812172,0.0,0.0,16275.845680266666,88.74395942666666,0.0,2026-09-14 18:15:46.234703+08:00,24.488639,NEAREST_EXISTING_NATIVE_SNAPSHOT_WITHIN_TOLERANCE,-3.5,,,,1.0,0.0,0.0,NATIVE_NO_CLOUD_COLUMN_AT_THRESHOLD,COARSE_LOW_CLOUD_NATIVE_NO_COLUMN_AT_THRESHOLD,OBSERVER_ENVIRONMENT_TIMELINE_ONLY_NO_PHYSICS_PROMOTION,False,False,False,False
2026-09-14 18:15:21.746064+08:00,2026-09-14 18:00:21.746064+08:00,15,5,POST_EVENT_DIAGNOSTIC,CORE_0_TO_MINUS6_TIME_RANGE,OPENMETEO_ROUTE_LINEAR_INTERPOLATION_EXISTING_CONTRACT,+0.0_0020,0.0,20.0,PRIMARY_GT10_40KM,3.7439594266666667,0.7439594266666667,0.0,16045.604057333334,87.51208114666667,0.0,2026-09-14 18:15:46.234703+08:00,24.488639,NEAREST_EXISTING_NATIVE_SNAPSHOT_WITHIN_TOLERANCE,-3.5,,,,1.0,0.0,0.0,NATIVE_NO_CLOUD_COLUMN_AT_THRESHOLD,COARSE_LOW_CLOUD_NATIVE_NO_COLUMN_AT_THRESHOLD,OBSERVER_ENVIRONMENT_TIMELINE_ONLY_NO_PHYSICS_PROMOTION,False,False,False,False
2026-09-14 18:15:21.746064+08:00,2026-09-14 18:00:21.746064+08:00,15,5,POST_EVENT_DIAGNOSTIC,CORE_0_TO_MINUS6_TIME_RANGE,OPENMETEO_ROUTE_LINEAR_INTERPOLATION_EXISTING_CONTRACT,+0.0_0025,0.0,25.0,PRIMARY_GT10_40KM,3.7439594266666667,0.7439594266666667,0.0,16045.604057333334,87.51208114666667,0.0,2026-09-14 18:15:46.234703+08:00,24.488639,NEAREST_EXISTING_NATIVE_SNAPSHOT_WITHIN_TOLERANCE,-3.5,,,,1.0,0.0,0.0,NATIVE_NO_CLOUD_COLUMN_AT_THRESHOLD,COARSE_LOW_CLOUD_NATIVE_NO_COLUMN_AT_THRESHOLD,OBSERVER_ENVIRONMENT_TIMELINE_ONLY_NO_PHYSICS_PROMOTION,False,False,False,False
2026-09-14 18:15:21.746064+08:00,2026-09-14 18:00:21.746064+08:00,15,5,POST_EVENT_DIAGNOSTIC,CORE_0_TO_MINUS6_TIME_RANGE,OPENMETEO_ROUTE_LINEAR_INTERPOLATION_EXISTING_CONTRACT,+0.0_0030,0.0,30.0,PRIMARY_GT10_40KM,4.23187828,0.7439594266666667,0.0,16079.516754133334,88.0,0.0,2026-09-14 18:15:46.234703+08:00,24.488639,NEAREST_EXISTING_NATIVE_SNAPSHOT_WITHIN_TOLERANCE,-3.5,,,,1.0,0.0,0.0,NATIVE_NO_CLOUD_COLUMN_AT_THRESHOLD,COARSE_LOW_CLOUD_NATIVE_NO_COLUMN_AT_THRESHOLD,OBSERVER_ENVIRONMENT_TIMELINE_ONLY_NO_PHYSICS_PROMOTION,False,False,False,False
2026-09-14 18:15:21.746064+08:00,2026-09-14 18:00:21.746064+08:00,15,5,POST_EVENT_DIAGNOSTIC,CORE_0_TO_MINUS6_TIME_RANGE,OPENMETEO_ROUTE_LINEAR_INTERPOLATION_EXISTING_CONTRACT,+0.0_0035,0.0,35.0,PRIMARY_GT10_40KM,4.23187828,0.7439594266666667,0.0,16079.516754133334,88.0,0.0,2026-09-14 18:15:46.234703+08:00,24.488639,NEAREST_EXISTING_NATIVE_SNAPSHOT_WITHIN_TOLERANCE,-3.5,,,,1.0,0.0,0.0,NATIVE_NO_CLOUD_COLUMN_AT_THRESHOLD,COARSE_LOW_CLOUD_NATIVE_NO_COLUMN_AT_THRESHOLD,OBSERVER_ENVIRONMENT_TIMELINE_ONLY_NO_PHYSICS_PROMOTION,False,False,False,False
2026-09-14 18:15:21.746064+08:00,2026-09-14 18:00:21.746064+08:00,15,5,POST_EVENT_DIAGNOSTIC,CORE_0_TO_MINUS6_TIME_RANGE,OPENMETEO_ROUTE_LINEAR_INTERPOLATION_EXISTING_CONTRACT,+0.0_0040,0.0,40.0,PRIMARY_GT10_40KM,3.975837706666667,0.7439594266666667,0.0,15028.503532533334,87.48791885333333,0.0,2026-09-14 18:15:46.234703+08:00,24.488639,NEAREST_EXISTING_NATIVE_SNAPSHOT_WITHIN_TOLERANCE,-3.5,,,,1.0,0.0,0.0,NATIVE_NO_CLOUD_COLUMN_AT_THRESHOLD,COARSE_LOW_CLOUD_NATIVE_NO_COLUMN_AT_THRESHOLD,OBSERVER_ENVIRONMENT_TIMELINE_ONLY_NO_PHYSICS_PROMOTION,False,False,False,False
2026-09-14 18:15:21.746064+08:00,2026-09-14 18:00:21.746064+08:00,15,5,POST_EVENT_DIAGNOSTIC,CORE_0_TO_MINUS6_TIME_RANGE,OPENMETEO_ROUTE_LINEAR_INTERPOLATION_EXISTING_CONTRACT,+0.0_0050,0.0,50.0,EXTENDED_GT40_100KM,20.342945093333334,0.7439594266666667,0.0,14339.4232944,87.74395942666666,0.0,2026-09-14 18:15:46.234703+08:00,24.488639,NEAREST_EXISTING_NATIVE_SNAPSHOT_WITHIN_TOLERANCE,-3.5,,,,1.0,0.0,0.0,NATIVE_NO_CLOUD_COLUMN_AT_THRESHOLD,COARSE_LOW_CLOUD_NATIVE_NO_COLUMN_AT_THRESHOLD,OBSERVER_ENVIRONMENT_TIMELINE_ONLY_NO_PHYSICS_PROMOTION,False,False,False,False
2026-09-14 18:15:21.746064+08:00,2026-09-14 18:00:21.746064+08:00,15,5,POST_EVENT_DIAGNOSTIC,CORE_0_TO_MINUS6_TIME_RANGE,OPENMETEO_ROUTE_LINEAR_INTERPOLATION_EXISTING_CONTRACT,+0.0_0060,0.0,60.0,EXTENDED_GT40_100KM,25.975837706666667,0.25604057333333335,0.0,13857.490310933334,87.48791885333333,0.0,2026-09-14 18:15:46.234703+08:00,24.488639,NEAREST_EXISTING_NATIVE_SNAPSHOT_WITHIN_TOLERANCE,-3.5,,,,1.0,0.0,0.0,NATIVE_NO_CLOUD_COLUMN_AT_THRESHOLD,COARSE_LOW_CLOUD_NATIVE_NO_COLUMN_AT_THRESHOLD,OBSERVER_ENVIRONMENT_TIMELINE_ONLY_NO_PHYSICS_PROMOTION,False,False,False,False
2026-09-14 18:15:21.746064+08:00,2026-09-14 18:00:21.746064+08:00,15,5,POST_EVENT_DIAGNOSTIC,CORE_0_TO_MINUS6_TIME_RANGE,OPENMETEO_ROUTE_LINEAR_INTERPOLATION_EXISTING_CONTRACT,+0.0_0070,0.0,70.0,EXTENDED_GT40_100KM,37.74395942666666,0.25604057333333335,0.0,13648.308639466666,87.48791885333333,0.0,2026-09-14 18:15:46.234703+08:00,24.488639,NEAREST_EXISTING_NATIVE_SNAPSHOT_WITHIN_TOLERANCE,-3.5,,,,1.0,0.0,0.0,NATIVE_NO_CLOUD_COLUMN_AT_THRESHOLD,COARSE_LOW_CLOUD_NATIVE_NO_COLUMN_AT_THRESHOLD,OBSERVER_ENVIRONMENT_TIMELINE_ONLY_NO_PHYSICS_PROMOTION,False,False,False,False
2026-09-14 18:15:21.746064+08:00,2026-09-14 18:00:21.746064+08:00,15,5,POST_EVENT_DIAGNOSTIC,CORE_0_TO_MINUS6_TIME_RANGE,OPENMETEO_ROUTE_LINEAR_INTERPOLATION_EXISTING_CONTRACT,+0.0_0080,0.0,80.0,EXTENDED_GT40_100KM,32.8406086,0.25604057333333335,0.0,14082.416229333334,87.48791885333333,0.0,2026-09-14 18:15:46.234703+08:00,24.488639,NEAREST_EXISTING_NATIVE_SNAPSHOT_WITHIN_TOLERANCE,-3.5,,,,1.0,0.0,0.0,NATIVE_NO_CLOUD_COLUMN_AT_THRESHOLD,COARSE_LOW_CLOUD_NATIVE_NO_COLUMN_AT_THRESHOLD,OBSERVER_ENVIRONMENT_TIMELINE_ONLY_NO_PHYSICS_PROMOTION,False,False,False,False
2026-09-14 18:15:21.746064+08:00,2026-09-14 18:00:21.746064+08:00,15,5,POST_EVENT_DIAGNOSTIC,CORE_0_TO_MINUS6_TIME_RANGE,OPENMETEO_ROUTE_LINEAR_INTERPOLATION_EXISTING_CONTRACT,+0.0_0090,0.0,90.0,EXTENDED_GT40_100KM,33.98558236,0.25604057333333335,0.0,14078.2619096,87.48791885333333,0.0,2026-09-14 18:15:46.234703+08:00,24.488639,NEAREST_EXISTING_NATIVE_SNAPSHOT_WITHIN_TOLERANCE,-3.5,,,,1.0,0.0,0.0,NATIVE_NO_CLOUD_COLUMN_AT_THRESHOLD,COARSE_LOW_CLOUD_NATIVE_NO_COLUMN_AT_THRESHOLD,OBSERVER_ENVIRONMENT_TIMELINE_ONLY_NO_PHYSICS_PROMOTION,False,False,False,False
2026-09-14 18:15:21.746064+08:00,2026-09-14 18:00:21.746064+08:00,15,5,POST_EVENT_DIAGNOSTIC,CORE_0_TO_MINUS6_TIME_RANGE,OPENMETEO_ROUTE_LINEAR_INTERPOLATION_EXISTING_CONTRACT,+0.0_0100,0.0,100.0,EXTENDED_GT40_100KM,26.75370408,0.0,0.0,13424.247779466667,87.0,0.0,2026-09-14 18:15:46.234703+08:00,24.488639,NEAREST_EXISTING_NATIVE_SNAPSHOT_WITHIN_TOLERANCE,-3.5,,,,1.0,0.0,0.0,NATIVE_NO_CLOUD_COLUMN_AT_THRESHOLD,COARSE_LOW_CLOUD_NATIVE_NO_COLUMN_AT_THRESHOLD,OBSERVER_ENVIRONMENT_TIMELINE_ONLY_NO_PHYSICS_PROMOTION,False,False,False,False
2026-09-14 18:15:21.746064+08:00,2026-09-14 18:00:21.746064+08:00,15,5,POST_EVENT_DIAGNOSTIC,CORE_0_TO_MINUS6_TIME_RANGE,OPENMETEO_ROUTE_LINEAR_INTERPOLATION_EXISTING_CONTRACT,+5.0_0005,5.0,5.0,NEAR_OBSERVER_0_10KM,3.7922840133333335,2.2560405733333333,0.0,17696.625252533333,85.20771598666667,0.0,2026-09-14 18:15:46.234703+08:00,24.488639,NEAREST_EXISTING_NATIVE_SNAPSHOT_WITHIN_TOLERANCE,-3.5,,,,1.0,0.0,0.0,NATIVE_NO_CLOUD_COLUMN_AT_THRESHOLD,COARSE_LOW_CLOUD_NATIVE_NO_COLUMN_AT_THRESHOLD,OBSERVER_ENVIRONMENT_TIMELINE_ONLY_NO_PHYSICS_PROMOTION,False,False,False,False
2026-09-14 18:15:21.746064+08:00,2026-09-14 18:00:21.746064+08:00,15,5,POST_EVENT_DIAGNOSTIC,CORE_0_TO_MINUS6_TIME_RANGE,OPENMETEO_ROUTE_LINEAR_INTERPOLATION_EXISTING_CONTRACT,+5.0_0010,5.0,10.0,NEAR_OBSERVER_0_10KM,3.7922840133333335,2.2560405733333333,0.0,17696.625252533333,85.20771598666667,0.0,2026-09-14 18:15:46.234703+08:00,24.488639,NEAREST_EXISTING_NATIVE_SNAPSHOT_WITHIN_TOLERANCE,-3.5,,,,1.0,0.0,0.0,NATIVE_NO_CLOUD_COLUMN_AT_THRESHOLD,COARSE_LOW_CLOUD_NATIVE_NO_COLUMN_AT_THRESHOLD,OBSERVER_ENVIRONMENT_TIMELINE_ONLY_NO_PHYSICS_PROMOTION,False,False,False,False
2026-09-14 18:15:21.746064+08:00,2026-09-14 18:00:21.746064+08:00,15,5,POST_EVENT_DIAGNOSTIC,CORE_0_TO_MINUS6_TIME_RANGE,OPENMETEO_ROUTE_LINEAR_INTERPOLATION_EXISTING_CONTRACT,+5.0_0015,5.0,15.0,PRIMARY_GT10_40KM,2.76812172,0.0,0.0,16275.845680266666,88.74395942666666,0.0,2026-09-14 18:15:46.234703+08:00,24.488639,NEAREST_EXISTING_NATIVE_SNAPSHOT_WITHIN_TOLERANCE,-3.5,,,,1.0,0.0,0.0,NATIVE_NO_CLOUD_COLUMN_AT_THRESHOLD,COARSE_LOW_CLOUD_NATIVE_NO_COLUMN_AT_THRESHOLD,OBSERVER_ENVIRONMENT_TIMELINE_ONLY_NO_PHYSICS_PROMOTION,False,False,False,False
2026-09-14 18:15:21.746064+08:00,2026-09-14 18:00:21.746064+08:00,15,5,POST_EVENT_DIAGNOSTIC,CORE_0_TO_MINUS6_TIME_RANGE,OPENMETEO_ROUTE_LINEAR_INTERPOLATION_EXISTING_CONTRACT,+5.0_0020,5.0,20.0,PRIMARY_GT10_40KM,3.7439594266666667,0.7439594266666667,0.0,16045.604057333334,87.51208114666667,0.0,2026-09-14 18:15:46.234703+08:00,24.488639,NEAREST_EXISTING_NATIVE_SNAPSHOT_WITHIN_TOLERANCE,-3.5,,,,1.0,0.0,0.0,NATIVE_NO_CLOUD_COLUMN_AT_THRESHOLD,COARSE_LOW_CLOUD_NATIVE_NO_COLUMN_AT_THRESHOLD,OBSERVER_ENVIRONMENT_TIMELINE_ONLY_NO_PHYSICS_PROMOTION,False,False,False,False
2026-09-14 18:15:21.746064+08:00,2026-09-14 18:00:21.746064+08:00,15,5,POST_EVENT_DIAGNOSTIC,CORE_0_TO_MINUS6_TIME_RANGE,OPENMETEO_ROUTE_LINEAR_INTERPOLATION_EXISTING_CONTRACT,+5.0_0025,5.0,25.0,PRIMARY_GT10_40KM,3.7439594266666667,0.7439594266666667,0.0,16045.604057333334,87.51208114666667,0.0,2026-09-14 18:15:46.234703+08:00,24.488639,NEAREST_EXISTING_NATIVE_SNAPSHOT_WITHIN_TOLERANCE,-3.5,,,,1.0,0.0,0.0,NATIVE_NO_CLOUD_COLUMN_AT_THRESHOLD,COARSE_LOW_CLOUD_NATIVE_NO_COLUMN_AT_THRESHOLD,OBSERVER_ENVIRONMENT_TIMELINE_ONLY_NO_PHYSICS_PROMOTION,False,False,False,False
2026-09-14 18:15:21.746064+08:00,2026-09-14 18:00:21.746064+08:00,15,5,POST_EVENT_DIAGNOSTIC,CORE_0_TO_MINUS6_TIME_RANGE,OPENMETEO_ROUTE_LINEAR_INTERPOLATION_EXISTING_CONTRACT,+5.0_0030,5.0,30.0,PRIMARY_GT10_40KM,4.23187828,0.7439594266666667,0.0,16079.516754133334,88.0,0.0,2026-09-14 18:15:46.234703+08:00,24.488639,NEAREST_EXISTING_NATIVE_SNAPSHOT_WITHIN_TOLERANCE,-3.5,,,,1.0,0.0,0.0,NATIVE_NO_CLOUD_COLUMN_AT_THRESHOLD,COARSE_LOW_CLOUD_NATIVE_NO_COLUMN_AT_THRESHOLD,OBSERVER_ENVIRONMENT_TIMELINE_ONLY_NO_PHYSICS_PROMOTION,False,False,False,False
2026-09-14 18:15:21.746064+08:00,2026-09-14 18:00:21.746064+08:00,15,5,POST_EVENT_DIAGNOSTIC,CORE_0_TO_MINUS6_TIME_RANGE,OPENMETEO_ROUTE_LINEAR_INTERPOLATION_EXISTING_CONTRACT,+5.0_0035,5.0,35.0,PRIMARY_GT10_40KM,4.23187828,0.7439594266666667,0.0,16079.516754133334,88.0,0.0,2026-09-14 18:15:46.234703+08:00,24.488639,NEAREST_EXISTING_NATIVE_SNAPSHOT_WITHIN_TOLERANCE,-3.5,,,,1.0,0.0,0.0,NATIVE_NO_CLOUD_COLUMN_AT_THRESHOLD,COARSE_LOW_CLOUD_NATIVE_NO_COLUMN_AT_THRESHOLD,OBSERVER_ENVIRONMENT_TIMELINE_ONLY_NO_PHYSICS_PROMOTION,False,False,False,False
2026-09-14 18:15:21.746064+08:00,2026-09-14 18:00:21.746064+08:00,15,5,POST_EVENT_DIAGNOSTIC,CORE_0_TO_MINUS6_TIME_RANGE,OPENMETEO_ROUTE_LINEAR_INTERPOLATION_EXISTING_CONTRACT,+5.0_0040,5.0,40.0,PRIMARY_GT10_40KM,3.975837706666667,0.7439594266666667,0.0,15028.503532533334,87.48791885333333,0.0,2026-09-14 18:15:46.234703+08:00,24.488639,NEAREST_EXISTING_NATIVE_SNAPSHOT_WITHIN_TOLERANCE,-3.5,,,,1.0,0.0,0.0,NATIVE_NO_CLOUD_COLUMN_AT_THRESHOLD,COARSE_LOW_CLOUD_NATIVE_NO_COLUMN_AT_THRESHOLD,OBSERVER_ENVIRONMENT_TIMELINE_ONLY_NO_PHYSICS_PROMOTION,False,False,False,False
2026-09-14 18:15:21.746064+08:00,2026-09-14 18:00:21.746064+08:00,15,5,POST_EVENT_DIAGNOSTIC,CORE_0_TO_MINUS6_TIME_RANGE,OPENMETEO_ROUTE_LINEAR_INTERPOLATION_EXISTING_CONTRACT,+5.0_0050,5.0,50.0,EXTENDED_GT40_100KM,24.111066813333334,0.7439594266666667,0.0,13506.188736533333,87.0,0.0,2026-09-14 18:15:46.234703+08:00,24.488639,NEAREST_EXISTING_NATIVE_SNAPSHOT_WITHIN_TOLERANCE,-3.5,,,,1.0,0.0,0.0,NATIVE_NO_CLOUD_COLUMN_AT_THRESHOLD,COARSE_LOW_CLOUD_NATIVE_NO_COLUMN_AT_THRESHOLD,OBSERVER_ENVIRONMENT_TIMELINE_ONLY_NO_PHYSICS_PROMOTION,False,False,False,False
2026-09-14 18:15:21.746064+08:00,2026-09-14 18:00:21.746064+08:00,15,5,POST_EVENT_DIAGNOSTIC,CORE_0_TO_MINUS6_TIME_RANGE,OPENMETEO_ROUTE_LINEAR_INTERPOLATION_EXISTING_CONTRACT,+5.0_0060,5.0,60.0,EXTENDED_GT40_100KM,43.92751312,0.7439594266666667,0.0,12594.107589866666,86.48791885333333,0.0,2026-09-14 18:15:46.234703+08:00,24.488639,NEAREST_EXISTING_NATIVE_SNAPSHOT_WITHIN_TOLERANCE,-3.5,,,,1.0,0.0,0.0,NATIVE_NO_CLOUD_COLUMN_AT_THRESHOLD,COARSE_LOW_CLOUD_NATIVE_NO_COLUMN_AT_THRESHOLD,OBSERVER_ENVIRONMENT_TIMELINE_ONLY_NO_PHYSICS_PROMOTION,False,False,False,False
2026-09-14 18:15:21.746064+08:00,2026-09-14 18:00:21.746064+08:00,15,5,POST_EVENT_DIAGNOSTIC,CORE_0_TO_MINUS6_TIME_RANGE,OPENMETEO_ROUTE_LINEAR_INTERPOLATION_EXISTING_CONTRACT,+5.0_0070,5.0,70.0,EXTENDED_GT40_100KM,54.671472546666664,1.0,0.0,12849.080238133334,87.48791885333333,0.0,2026-09-14 18:15:46.234703+08:00,24.488639,NEAREST_EXISTING_NATIVE_SNAPSHOT_WITHIN_TOLERANCE,-3.5,,,,1.0,0.0,0.0,NATIVE_NO_CLOUD_COLUMN_AT_THRESHOLD,COARSE_LOW_CLOUD_NATIVE_NO_COLUMN_AT_THRESHOLD,OBSERVER_ENVIRONMENT_TIMELINE_ONLY_NO_PHYSICS_PROMOTION,False,False,False,False
2026-09-14 18:15:21.746064+08:00,2026-09-14 18:00:21.746064+08:00,15,5,POST_EVENT_DIAGNOSTIC,CORE_0_TO_MINUS6_TIME_RANGE,OPENMETEO_ROUTE_LINEAR_INTERPOLATION_EXISTING_CONTRACT,+5.0_0080,5.0,80.0,EXTENDED_GT40_100KM,41.76812172,0.25604057333333335,0.0,13729.953270133334,87.48791885333333,0.0,2026-09-14 18:15:46.234703+08:00,24.488639,NEAREST_EXISTING_NATIVE_SNAPSHOT_WITHIN_TOLERANCE,-3.5,,,,1.0,0.0,0.0,NATIVE_NO_CLOUD_COLUMN_AT_THRESHOLD,COARSE_LOW_CLOUD_NATIVE_NO_COLUMN_AT_THRESHOLD,OBSERVER_ENVIRONMENT_TIMELINE_ONLY_NO_PHYSICS_PROMOTION,False,False,False,False
2026-09-14 18:15:21.746064+08:00,2026-09-14 18:00:21.746064+08:00,15,5,POST_EVENT_DIAGNOSTIC,CORE_0_TO_MINUS6_TIME_RANGE,OPENMETEO_ROUTE_LINEAR_INTERPOLATION_EXISTING_CONTRACT,+5.0_0090,5.0,90.0,EXTENDED_GT40_100KM,50.07248688,0.25604057333333335,0.0,13057.3888776,87.23187828,0.0,2026-09-14 18:15:46.234703+08:00,24.488639,NEAREST_EXISTING_NATIVE_SNAPSHOT_WITHIN_TOLERANCE,-3.5,,,,1.0,0.0,0.0,NATIVE_NO_CLOUD_COLUMN_AT_THRESHOLD,COARSE_LOW_CLOUD_NATIVE_NO_COLUMN_AT_THRESHOLD,OBSERVER_ENVIRONMENT_TIMELINE_ONLY_NO_PHYSICS_PROMOTION,False,False,False,False
2026-09-14 18:15:21.746064+08:00,2026-09-14 18:00:21.746064+08:00,15,5,POST_EVENT_DIAGNOSTIC,CORE_0_TO_MINUS6_TIME_RANGE,OPENMETEO_ROUTE_LINEAR_INTERPOLATION_EXISTING_CONTRACT,+5.0_0100,5.0,100.0,EXTENDED_GT40_100KM,39.14497376,0.25604057333333335,0.0,13044.442672533334,87.48791885333333,0.0,2026-09-14 18:15:46.234703+08:00,24.488639,NEAREST_EXISTING_NATIVE_SNAPSHOT_WITHIN_TOLERANCE,-3.5,,,,1.0,0.0,0.0,NATIVE_NO_CLOUD_COLUMN_AT_THRESHOLD,COARSE_LOW_CLOUD_NATIVE_NO_COLUMN_AT_THRESHOLD,OBSERVER_ENVIRONMENT_TIMELINE_ONLY_NO_PHYSICS_PROMOTION,False,False,False,False
2026-09-14 18:20:21.746064+08:00,2026-09-14 18:00:21.746064+08:00,20,5,POST_EVENT_DIAGNOSTIC,CORE_0_TO_MINUS6_TIME_RANGE,OPENMETEO_ROUTE_LINEAR_INTERPOLATION_EXISTING_CONTRACT,-5.0_0000,-5.0,0.0,NEAR_OBSERVER_0_10KM,4.375617346666667,2.339373906666667,0.0,17994.958585866665,84.62438265333333,0.0,2026-09-14 18:20:10.816956+08:00,10.929108,NEAREST_EXISTING_NATIVE_SNAPSHOT_WITHIN_TOLERANCE,-4.5,,,,1.0,0.0,0.0,NATIVE_NO_CLOUD_COLUMN_AT_THRESHOLD,COARSE_LOW_CLOUD_NATIVE_NO_COLUMN_AT_THRESHOLD,OBSERVER_ENVIRONMENT_TIMELINE_ONLY_NO_PHYSICS_PROMOTION,False,False,False,False
2026-09-14 18:20:21.746064+08:00,2026-09-14 18:00:21.746064+08:00,20,5,POST_EVENT_DIAGNOSTIC,CORE_0_TO_MINUS6_TIME_RANGE,OPENMETEO_ROUTE_LINEAR_INTERPOLATION_EXISTING_CONTRACT,+0.0_0000,0.0,0.0,NEAR_OBSERVER_0_10KM,4.375617346666667,2.339373906666667,0.0,17994.958585866665,84.62438265333333,0.0,2026-09-14 18:20:10.816956+08:00,10.929108,NEAREST_EXISTING_NATIVE_SNAPSHOT_WITHIN_TOLERANCE,-4.5,,,,1.0,0.0,0.0,NATIVE_NO_CLOUD_COLUMN_AT_THRESHOLD,COARSE_LOW_CLOUD_NATIVE_NO_COLUMN_AT_THRESHOLD,OBSERVER_ENVIRONMENT_TIMELINE_ONLY_NO_PHYSICS_PROMOTION,False,False,False,False
2026-09-14 18:20:21.746064+08:00,2026-09-14 18:00:21.746064+08:00,20,5,POST_EVENT_DIAGNOSTIC,CORE_0_TO_MINUS6_TIME_RANGE,OPENMETEO_ROUTE_LINEAR_INTERPOLATION_EXISTING_CONTRACT,+5.0_0000,5.0,0.0,NEAR_OBSERVER_0_10KM,4.375617346666667,2.339373906666667,0.0,17994.958585866665,84.62438265333333,0.0,2026-09-14 18:20:10.816956+08:00,10.929108,NEAREST_EXISTING_NATIVE_SNAPSHOT_WITHIN_TOLERANCE,-4.5,,,,1.0,0.0,0.0,NATIVE_NO_CLOUD_COLUMN_AT_THRESHOLD,COARSE_LOW_CLOUD_NATIVE_NO_COLUMN_AT_THRESHOLD,OBSERVER_ENVIRONMENT_TIMELINE_ONLY_NO_PHYSICS_PROMOTION,False,False,False,False
2026-09-14 18:20:21.746064+08:00,2026-09-14 18:00:21.746064+08:00,20,5,POST_EVENT_DIAGNOSTIC,CORE_0_TO_MINUS6_TIME_RANGE,OPENMETEO_ROUTE_LINEAR_INTERPOLATION_EXISTING_CONTRACT,-5.0_0005,-5.0,5.0,NEAR_OBSERVER_0_10KM,4.375617346666667,2.339373906666667,0.0,17994.958585866665,84.62438265333333,0.0,2026-09-14 18:20:10.816956+08:00,10.929108,NEAREST_EXISTING_NATIVE_SNAPSHOT_WITHIN_TOLERANCE,-4.5,,,,1.0,0.0,0.0,NATIVE_NO_CLOUD_COLUMN_AT_THRESHOLD,COARSE_LOW_CLOUD_NATIVE_NO_COLUMN_AT_THRESHOLD,OBSERVER_ENVIRONMENT_TIMELINE_ONLY_NO_PHYSICS_PROMOTION,False,False,False,False
2026-09-14 18:20:21.746064+08:00,2026-09-14 18:00:21.746064+08:00,20,5,POST_EVENT_DIAGNOSTIC,CORE_0_TO_MINUS6_TIME_RANGE,OPENMETEO_ROUTE_LINEAR_INTERPOLATION_EXISTING_CONTRACT,-5.0_0010,-5.0,10.0,NEAR_OBSERVER_0_10KM,2.3574956266666667,3.01812172,0.0,19547.6111224,83.30313046666667,0.0,2026-09-14 18:20:10.816956+08:00,10.929108,NEAREST_EXISTING_NATIVE_SNAPSHOT_WITHIN_TOLERANCE,-4.5,,,,1.0,0.0,0.0,NATIVE_NO_CLOUD_COLUMN_AT_THRESHOLD,COARSE_LOW_CLOUD_NATIVE_NO_COLUMN_AT_THRESHOLD,OBSERVER_ENVIRONMENT_TIMELINE_ONLY_NO_PHYSICS_PROMOTION,False,False,False,False
2026-09-14 18:20:21.746064+08:00,2026-09-14 18:00:21.746064+08:00,20,5,POST_EVENT_DIAGNOSTIC,CORE_0_TO_MINUS6_TIME_RANGE,OPENMETEO_ROUTE_LINEAR_INTERPOLATION_EXISTING_CONTRACT,-5.0_0015,-5.0,15.0,PRIMARY_GT10_40KM,2.3574956266666667,3.01812172,0.0,19547.6111224,83.30313046666667,0.0,2026-09-14 18:20:10.816956+08:00,10.929108,NEAREST_EXISTING_NATIVE_SNAPSHOT_WITHIN_TOLERANCE,-4.5,,,,1.0,0.0,0.0,NATIVE_NO_CLOUD_COLUMN_AT_THRESHOLD,COARSE_LOW_CLOUD_NATIVE_NO_COLUMN_AT_THRESHOLD,OBSERVER_ENVIRONMENT_TIMELINE_ONLY_NO_PHYSICS_PROMOTION,False,False,False,False
2026-09-14 18:20:21.746064+08:00,2026-09-14 18:00:21.746064+08:00,20,5,POST_EVENT_DIAGNOSTIC,CORE_0_TO_MINUS6_TIME_RANGE,OPENMETEO_ROUTE_LINEAR_INTERPOLATION_EXISTING_CONTRACT,-5.0_0020,-5.0,20.0,PRIMARY_GT10_40KM,2.0,0.33937390666666667,0.0,16314.299825066666,89.66062609333333,0.0,2026-09-14 18:20:10.816956+08:00,10.929108,NEAREST_EXISTING_NATIVE_SNAPSHOT_WITHIN_TOLERANCE,-4.5,,,,1.0,0.0,0.0,NATIVE_NO_CLOUD_COLUMN_AT_THRESHOLD,COARSE_LOW_CLOUD_NATIVE_NO_COLUMN_AT_THRESHOLD,OBSERVER_ENVIRONMENT_TIMELINE_ONLY_NO_PHYSICS_PROMOTION,False,False,False,False
2026-09-14 18:20:21.746064+08:00,2026-09-14 18:00:21.746064+08:00,20,5,POST_EVENT_DIAGNOSTIC,CORE_0_TO_MINUS6_TIME_RANGE,OPENMETEO_ROUTE_LINEAR_INTERPOLATION_EXISTING_CONTRACT,-5.0_0025,-5.0,25.0,PRIMARY_GT10_40KM,3.6425043733333333,0.6606260933333333,0.0,16120.3624344,88.33937390666667,0.0,2026-09-14 18:20:10.816956+08:00,10.929108,NEAREST_EXISTING_NATIVE_SNAPSHOT_WITHIN_TOLERANCE,-4.5,,,,1.0,0.0,0.0,NATIVE_NO_CLOUD_COLUMN_AT_THRESHOLD,COARSE_LOW_CLOUD_NATIVE_NO_COLUMN_AT_THRESHOLD,OBSERVER_ENVIRONMENT_TIMELINE_ONLY_NO_PHYSICS_PROMOTION,False,False,False,False
2026-09-14 18:20:21.746064+08:00,2026-09-14 18:00:21.746064+08:00,20,5,POST_EVENT_DIAGNOSTIC,CORE_0_TO_MINUS6_TIME_RANGE,OPENMETEO_ROUTE_LINEAR_INTERPOLATION_EXISTING_CONTRACT,-5.0_0030,-5.0,30.0,PRIMARY_GT10_40KM,3.6425043733333333,0.6606260933333333,0.0,16120.3624344,88.33937390666667,0.0,2026-09-14 18:20:10.816956+08:00,10.929108,NEAREST_EXISTING_NATIVE_SNAPSHOT_WITHIN_TOLERANCE,-4.5,,,,1.0,0.0,0.0,NATIVE_NO_CLOUD_COLUMN_AT_THRESHOLD,COARSE_LOW_CLOUD_NATIVE_NO_COLUMN_AT_THRESHOLD,OBSERVER_ENVIRONMENT_TIMELINE_ONLY_NO_PHYSICS_PROMOTION,False,False,False,False
2026-09-14 18:20:21.746064+08:00,2026-09-14 18:00:21.746064+08:00,20,5,POST_EVENT_DIAGNOSTIC,CORE_0_TO_MINUS6_TIME_RANGE,OPENMETEO_ROUTE_LINEAR_INTERPOLATION_EXISTING_CONTRACT,-5.0_0035,-5.0,35.0,PRIMARY_GT10_40KM,7.94563484,0.6606260933333333,0.0,15948.237215733334,87.66062609333333,0.0,2026-09-14 18:20:10.816956+08:00,10.929108,NEAREST_EXISTING_NATIVE_SNAPSHOT_WITHIN_TOLERANCE,-4.5,,,,1.0,0.0,0.0,NATIVE_NO_CLOUD_COLUMN_AT_THRESHOLD,COARSE_LOW_CLOUD_NATIVE_NO_COLUMN_AT_THRESHOLD,OBSERVER_ENVIRONMENT_TIMELINE_ONLY_NO_PHYSICS_PROMOTION,False,False,False,False
2026-09-14 18:20:21.746064+08:00,2026-09-14 18:00:21.746064+08:00,20,5,POST_EVENT_DIAGNOSTIC,CORE_0_TO_MINUS6_TIME_RANGE,OPENMETEO_ROUTE_LINEAR_INTERPOLATION_EXISTING_CONTRACT,-5.0_0040,-5.0,40.0,PRIMARY_GT10_40KM,7.94563484,0.6606260933333333,0.0,15948.237215733334,87.66062609333333,0.0,2026-09-14 18:20:10.816956+08:00,10.929108,NEAREST_EXISTING_NATIVE_SNAPSHOT_WITHIN_TOLERANCE,-4.5,,,,1.0,0.0,0.0,NATIVE_NO_CLOUD_COLUMN_AT_THRESHOLD,COARSE_LOW_CLOUD_NATIVE_NO_COLUMN_AT_THRESHOLD,OBSERVER_ENVIRONMENT_TIMELINE_ONLY_NO_PHYSICS_PROMOTION,False,False,False,False
2026-09-14 18:20:21.746064+08:00,2026-09-14 18:00:21.746064+08:00,20,5,POST_EVENT_DIAGNOSTIC,CORE_0_TO_MINUS6_TIME_RANGE,OPENMETEO_ROUTE_LINEAR_INTERPOLATION_EXISTING_CONTRACT,-5.0_0050,-5.0,50.0,EXTENDED_GT40_100KM,7.624382653333333,0.6606260933333333,0.0,15948.434766666667,87.98187828,0.0,2026-09-14 18:20:10.816956+08:00,10.929108,NEAREST_EXISTING_NATIVE_SNAPSHOT_WITHIN_TOLERANCE,-4.5,,,,1.0,0.0,0.0,NATIVE_NO_CLOUD_COLUMN_AT_THRESHOLD,COARSE_LOW_CLOUD_NATIVE_NO_COLUMN_AT_THRESHOLD,OBSERVER_ENVIRONMENT_TIMELINE_ONLY_NO_PHYSICS_PROMOTION,False,False,False,False
2026-09-14 18:20:21.746064+08:00,2026-09-14 18:00:21.746064+08:00,20,5,POST_EVENT_DIAGNOSTIC,CORE_0_TO_MINUS6_TIME_RANGE,OPENMETEO_ROUTE_LINEAR_INTERPOLATION_EXISTING_CONTRACT,-5.0_0060,-5.0,60.0,EXTENDED_GT40_100KM,9.606260933333333,0.0,0.0,14938.286603466666,88.32125218666667,0.0,2026-09-14 18:20:10.816956+08:00,10.929108,NEAREST_EXISTING_NATIVE_SNAPSHOT_WITHIN_TOLERANCE,-4.5,,,,1.0,0.0,0.0,NATIVE_NO_CLOUD_COLUMN_AT_THRESHOLD,COARSE_LOW_CLOUD_NATIVE_NO_COLUMN_AT_THRESHOLD,OBSERVER_ENVIRONMENT_TIMELINE_ONLY_NO_PHYSICS_PROMOTION,False,False,False,False
2026-09-14 18:20:21.746064+08:00,2026-09-14 18:00:21.746064+08:00,20,5,POST_EVENT_DIAGNOSTIC,CORE_0_TO_MINUS6_TIME_RANGE,OPENMETEO_ROUTE_LINEAR_INTERPOLATION_EXISTING_CONTRACT,-5.0_0070,-5.0,70.0,EXTENDED_GT40_100KM,18.248765306666666,0.33937390666666667,0.0,14224.250437333334,87.66062609333333,0.0,2026-09-14 18:20:10.816956+08:00,10.929108,NEAREST_EXISTING_NATIVE_SNAPSHOT_WITHIN_TOLERANCE,-4.5,,,,1.0,0.0,0.0,NATIVE_NO_CLOUD_COLUMN_AT_THRESHOLD,COARSE_LOW_CLOUD_NATIVE_NO_COLUMN_AT_THRESHOLD,OBSERVER_ENVIRONMENT_TIMELINE_ONLY_NO_PHYSICS_PROMOTION,False,False,False,False
2026-09-14 18:20:21.746064+08:00,2026-09-14 18:00:21.746064+08:00,20,5,POST_EVENT_DIAGNOSTIC,CORE_0_TO_MINUS6_TIME_RANGE,OPENMETEO_ROUTE_LINEAR_INTERPOLATION_EXISTING_CONTRACT,-5.0_0080,-5.0,80.0,EXTENDED_GT40_100KM,34.0906086,0.33937390666666667,0.0,14115.749562666666,87.32125218666667,0.0,2026-09-14 18:20:10.816956+08:00,10.929108,NEAREST_EXISTING_NATIVE_SNAPSHOT_WITHIN_TOLERANCE,-4.5,,,,1.0,0.0,0.0,NATIVE_NO_CLOUD_COLUMN_AT_THRESHOLD,COARSE_LOW_CLOUD_NATIVE_NO_COLUMN_AT_THRESHOLD,OBSERVER_ENVIRONMENT_TIMELINE_ONLY_NO_PHYSICS_PROMOTION,False,False,False,False
2026-09-14 18:20:21.746064+08:00,2026-09-14 18:00:21.746064+08:00,20,5,POST_EVENT_DIAGNOSTIC,CORE_0_TO_MINUS6_TIME_RANGE,OPENMETEO_ROUTE_LINEAR_INTERPOLATION_EXISTING_CONTRACT,-5.0_0090,-5.0,90.0,EXTENDED_GT40_100KM,32.82372157333333,0.0,0.0,13704.514096266666,86.66062609333333,0.0,2026-09-14 18:20:10.816956+08:00,10.929108,NEAREST_EXISTING_NATIVE_SNAPSHOT_WITHIN_TOLERANCE,-4.5,,,,1.0,0.0,0.0,NATIVE_NO_CLOUD_COLUMN_AT_THRESHOLD,COARSE_LOW_CLOUD_NATIVE_NO_COLUMN_AT_THRESHOLD,OBSERVER_ENVIRONMENT_TIMELINE_ONLY_NO_PHYSICS_PROMOTION,False,False,False,False
2026-09-14 18:20:21.746064+08:00,2026-09-14 18:00:21.746064+08:00,20,5,POST_EVENT_DIAGNOSTIC,CORE_0_TO_MINUS6_TIME_RANGE,OPENMETEO_ROUTE_LINEAR_INTERPOLATION_EXISTING_CONTRACT,-5.0_0100,-5.0,100.0,EXTENDED_GT40_100KM,36.733112973333334,0.0,0.0,13001.713396533334,86.33937390666667,0.0,2026-09-14 18:20:10.816956+08:00,10.929108,NEAREST_EXISTING_NATIVE_SNAPSHOT_WITHIN_TOLERANCE,-4.5,,,,1.0,0.0,0.0,NATIVE_NO_CLOUD_COLUMN_AT_THRESHOLD,COARSE_LOW_CLOUD_NATIVE_NO_COLUMN_AT_THRESHOLD,OBSERVER_ENVIRONMENT_TIMELINE_ONLY_NO_PHYSICS_PROMOTION,False,False,False,False
2026-09-14 18:20:21.746064+08:00,2026-09-14 18:00:21.746064+08:00,20,5,POST_EVENT_DIAGNOSTIC,CORE_0_TO_MINUS6_TIME_RANGE,OPENMETEO_ROUTE_LINEAR_INTERPOLATION_EXISTING_CONTRACT,+0.0_0005,0.0,5.0,NEAR_OBSERVER_0_10KM,4.375617346666667,2.339373906666667,0.0,17994.958585866665,84.62438265333333,0.0,2026-09-14 18:20:10.816956+08:00,10.929108,NEAREST_EXISTING_NATIVE_SNAPSHOT_WITHIN_TOLERANCE,-4.5,,,,1.0,0.0,0.0,NATIVE_NO_CLOUD_COLUMN_AT_THRESHOLD,COARSE_LOW_CLOUD_NATIVE_NO_COLUMN_AT_THRESHOLD,OBSERVER_ENVIRONMENT_TIMELINE_ONLY_NO_PHYSICS_PROMOTION,False,False,False,False
2026-09-14 18:20:21.746064+08:00,2026-09-14 18:00:21.746064+08:00,20,5,POST_EVENT_DIAGNOSTIC,CORE_0_TO_MINUS6_TIME_RANGE,OPENMETEO_ROUTE_LINEAR_INTERPOLATION_EXISTING_CONTRACT,+0.0_0010,0.0,10.0,NEAR_OBSERVER_0_10KM,2.3574956266666667,3.01812172,0.0,19547.6111224,83.30313046666667,0.0,2026-09-14 18:20:10.816956+08:00,10.929108,NEAREST_EXISTING_NATIVE_SNAPSHOT_WITHIN_TOLERANCE,-4.5,,,,1.0,0.0,0.0,NATIVE_NO_CLOUD_COLUMN_AT_THRESHOLD,COARSE_LOW_CLOUD_NATIVE_NO_COLUMN_AT_THRESHOLD,OBSERVER_ENVIRONMENT_TIMELINE_ONLY_NO_PHYSICS_PROMOTION,False,False,False,False
2026-09-14 18:20:21.746064+08:00,2026-09-14 18:00:21.746064+08:00,20,5,POST_EVENT_DIAGNOSTIC,CORE_0_TO_MINUS6_TIME_RANGE,OPENMETEO_ROUTE_LINEAR_INTERPOLATION_EXISTING_CONTRACT,+0.0_0015,0.0,15.0,PRIMARY_GT10_40KM,3.01812172,0.0,0.0,16287.512346933334,88.66062609333333,0.0,2026-09-14 18:20:10.816956+08:00,10.929108,NEAREST_EXISTING_NATIVE_SNAPSHOT_WITHIN_TOLERANCE,-4.5,,,,1.0,0.0,0.0,NATIVE_NO_CLOUD_COLUMN_AT_THRESHOLD,COARSE_LOW_CLOUD_NATIVE_NO_COLUMN_AT_THRESHOLD,OBSERVER_ENVIRONMENT_TIMELINE_ONLY_NO_PHYSICS_PROMOTION,False,False,False,False
2026-09-14 18:20:21.746064+08:00,2026-09-14 18:00:21.746064+08:00,20,5,POST_EVENT_DIAGNOSTIC,CORE_0_TO_MINUS6_TIME_RANGE,OPENMETEO_ROUTE_LINEAR_INTERPOLATION_EXISTING_CONTRACT,+0.0_0020,0.0,20.0,PRIMARY_GT10_40KM,3.660626093333333,0.6606260933333333,0.0,16053.937390666666,87.67874781333333,0.0,2026-09-14 18:20:10.816956+08:00,10.929108,NEAREST_EXISTING_NATIVE_SNAPSHOT_WITHIN_TOLERANCE,-4.5,,,,1.0,0.0,0.0,NATIVE_NO_CLOUD_COLUMN_AT_THRESHOLD,COARSE_LOW_CLOUD_NATIVE_NO_COLUMN_AT_THRESHOLD,OBSERVER_ENVIRONMENT_TIMELINE_ONLY_NO_PHYSICS_PROMOTION,False,False,False,False
2026-09-14 18:20:21.746064+08:00,2026-09-14 18:00:21.746064+08:00,20,5,POST_EVENT_DIAGNOSTIC,CORE_0_TO_MINUS6_TIME_RANGE,OPENMETEO_ROUTE_LINEAR_INTERPOLATION_EXISTING_CONTRACT,+0.0_0025,0.0,25.0,PRIMARY_GT10_40KM,3.660626093333333,0.6606260933333333,0.0,16053.937390666666,87.67874781333333,0.0,2026-09-14 18:20:10.816956+08:00,10.929108,NEAREST_EXISTING_NATIVE_SNAPSHOT_WITHIN_TOLERANCE,-4.5,,,,1.0,0.0,0.0,NATIVE_NO_CLOUD_COLUMN_AT_THRESHOLD,COARSE_LOW_CLOUD_NATIVE_NO_COLUMN_AT_THRESHOLD,OBSERVER_ENVIRONMENT_TIMELINE_ONLY_NO_PHYSICS_PROMOTION,False,False,False,False
2026-09-14 18:20:21.746064+08:00,2026-09-14 18:00:21.746064+08:00,20,5,POST_EVENT_DIAGNOSTIC,CORE_0_TO_MINUS6_TIME_RANGE,OPENMETEO_ROUTE_LINEAR_INTERPOLATION_EXISTING_CONTRACT,+0.0_0030,0.0,30.0,PRIMARY_GT10_40KM,3.98187828,0.6606260933333333,0.0,16072.850087466666,88.0,0.0,2026-09-14 18:20:10.816956+08:00,10.929108,NEAREST_EXISTING_NATIVE_SNAPSHOT_WITHIN_TOLERANCE,-4.5,,,,1.0,0.0,0.0,NATIVE_NO_CLOUD_COLUMN_AT_THRESHOLD,COARSE_LOW_CLOUD_NATIVE_NO_COLUMN_AT_THRESHOLD,OBSERVER_ENVIRONMENT_TIMELINE_ONLY_NO_PHYSICS_PROMOTION,False,False,False,False
2026-09-14 18:20:21.746064+08:00,2026-09-14 18:00:21.746064+08:00,20,5,POST_EVENT_DIAGNOSTIC,CORE_0_TO_MINUS6_TIME_RANGE,OPENMETEO_ROUTE_LINEAR_INTERPOLATION_EXISTING_CONTRACT,+0.0_0035,0.0,35.0,PRIMARY_GT10_40KM,3.98187828,0.6606260933333333,0.0,16072.850087466666,88.0,0.0,2026-09-14 18:20:10.816956+08:00,10.929108,NEAREST_EXISTING_NATIVE_SNAPSHOT_WITHIN_TOLERANCE,-4.5,,,,1.0,0.0,0.0,NATIVE_NO_CLOUD_COLUMN_AT_THRESHOLD,COARSE_LOW_CLOUD_NATIVE_NO_COLUMN_AT_THRESHOLD,OBSERVER_ENVIRONMENT_TIMELINE_ONLY_NO_PHYSICS_PROMOTION,False,False,False,False
2026-09-14 18:20:21.746064+08:00,2026-09-14 18:00:21.746064+08:00,20,5,POST_EVENT_DIAGNOSTIC,CORE_0_TO_MINUS6_TIME_RANGE,OPENMETEO_ROUTE_LINEAR_INTERPOLATION_EXISTING_CONTRACT,+0.0_0040,0.0,40.0,PRIMARY_GT10_40KM,3.6425043733333333,0.6606260933333333,0.0,15076.836865866666,87.32125218666667,0.0,2026-09-14 18:20:10.816956+08:00,10.929108,NEAREST_EXISTING_NATIVE_SNAPSHOT_WITHIN_TOLERANCE,-4.5,,,,1.0,0.0,0.0,NATIVE_NO_CLOUD_COLUMN_AT_THRESHOLD,COARSE_LOW_CLOUD_NATIVE_NO_COLUMN_AT_THRESHOLD,OBSERVER_ENVIRONMENT_TIMELINE_ONLY_NO_PHYSICS_PROMOTION,False,False,False,False
2026-09-14 18:20:21.746064+08:00,2026-09-14 18:00:21.746064+08:00,20,5,POST_EVENT_DIAGNOSTIC,CORE_0_TO_MINUS6_TIME_RANGE,OPENMETEO_ROUTE_LINEAR_INTERPOLATION_EXISTING_CONTRACT,+0.0_0050,0.0,50.0,EXTENDED_GT40_100KM,18.176278426666666,0.6606260933333333,0.0,14469.4232944,87.66062609333333,0.0,2026-09-14 18:20:10.816956+08:00,10.929108,NEAREST_EXISTING_NATIVE_SNAPSHOT_WITHIN_TOLERANCE,-4.5,,,,1.0,0.0,0.0,NATIVE_NO_CLOUD_COLUMN_AT_THRESHOLD,COARSE_LOW_CLOUD_NATIVE_NO_COLUMN_AT_THRESHOLD,OBSERVER_ENVIRONMENT_TIMELINE_ONLY_NO_PHYSICS_PROMOTION,False,False,False,False
2026-09-14 18:20:21.746064+08:00,2026-09-14 18:00:21.746064+08:00,20,5,POST_EVENT_DIAGNOSTIC,CORE_0_TO_MINUS6_TIME_RANGE,OPENMETEO_ROUTE_LINEAR_INTERPOLATION_EXISTING_CONTRACT,+0.0_0060,0.0,60.0,EXTENDED_GT40_100KM,25.642504373333335,0.33937390666666667,0.0,13960.823644266668,87.32125218666667,0.0,2026-09-14 18:20:10.816956+08:00,10.929108,NEAREST_EXISTING_NATIVE_SNAPSHOT_WITHIN_TOLERANCE,-4.5,,,,1.0,0.0,0.0,NATIVE_NO_CLOUD_COLUMN_AT_THRESHOLD,COARSE_LOW_CLOUD_NATIVE_NO_COLUMN_AT_THRESHOLD,OBSERVER_ENVIRONMENT_TIMELINE_ONLY_NO_PHYSICS_PROMOTION,False,False,False,False
2026-09-14 18:20:21.746064+08:00,2026-09-14 18:00:21.746064+08:00,20,5,POST_EVENT_DIAGNOSTIC,CORE_0_TO_MINUS6_TIME_RANGE,OPENMETEO_ROUTE_LINEAR_INTERPOLATION_EXISTING_CONTRACT,+0.0_0070,0.0,70.0,EXTENDED_GT40_100KM,37.660626093333335,0.33937390666666667,0.0,13624.975306133334,87.32125218666667,0.0,2026-09-14 18:20:10.816956+08:00,10.929108,NEAREST_EXISTING_NATIVE_SNAPSHOT_WITHIN_TOLERANCE,-4.5,,,,1.0,0.0,0.0,NATIVE_NO_CLOUD_COLUMN_AT_THRESHOLD,COARSE_LOW_CLOUD_NATIVE_NO_COLUMN_AT_THRESHOLD,OBSERVER_ENVIRONMENT_TIMELINE_ONLY_NO_PHYSICS_PROMOTION,False,False,False,False
2026-09-14 18:20:21.746064+08:00,2026-09-14 18:00:21.746064+08:00,20,5,POST_EVENT_DIAGNOSTIC,CORE_0_TO_MINUS6_TIME_RANGE,OPENMETEO_ROUTE_LINEAR_INTERPOLATION_EXISTING_CONTRACT,+0.0_0080,0.0,80.0,EXTENDED_GT40_100KM,34.0906086,0.33937390666666667,0.0,14115.749562666666,87.32125218666667,0.0,2026-09-14 18:20:10.816956+08:00,10.929108,NEAREST_EXISTING_NATIVE_SNAPSHOT_WITHIN_TOLERANCE,-4.5,,,,1.0,0.0,0.0,NATIVE_NO_CLOUD_COLUMN_AT_THRESHOLD,COARSE_LOW_CLOUD_NATIVE_NO_COLUMN_AT_THRESHOLD,OBSERVER_ENVIRONMENT_TIMELINE_ONLY_NO_PHYSICS_PROMOTION,False,False,False,False
2026-09-14 18:20:21.746064+08:00,2026-09-14 18:00:21.746064+08:00,20,5,POST_EVENT_DIAGNOSTIC,CORE_0_TO_MINUS6_TIME_RANGE,OPENMETEO_ROUTE_LINEAR_INTERPOLATION_EXISTING_CONTRACT,+0.0_0090,0.0,90.0,EXTENDED_GT40_100KM,37.23558236,0.33937390666666667,0.0,14123.2619096,87.32125218666667,0.0,2026-09-14 18:20:10.816956+08:00,10.929108,NEAREST_EXISTING_NATIVE_SNAPSHOT_WITHIN_TOLERANCE,-4.5,,,,1.0,0.0,0.0,NATIVE_NO_CLOUD_COLUMN_AT_THRESHOLD,COARSE_LOW_CLOUD_NATIVE_NO_COLUMN_AT_THRESHOLD,OBSERVER_ENVIRONMENT_TIMELINE_ONLY_NO_PHYSICS_PROMOTION,False,False,False,False
2026-09-14 18:20:21.746064+08:00,2026-09-14 18:00:21.746064+08:00,20,5,POST_EVENT_DIAGNOSTIC,CORE_0_TO_MINUS6_TIME_RANGE,OPENMETEO_ROUTE_LINEAR_INTERPOLATION_EXISTING_CONTRACT,+0.0_0100,0.0,100.0,EXTENDED_GT40_100KM,30.25370408,0.0,0.0,13275.914446133333,87.0,0.0,2026-09-14 18:20:10.816956+08:00,10.929108,NEAREST_EXISTING_NATIVE_SNAPSHOT_WITHIN_TOLERANCE,-4.5,,,,1.0,0.0,0.0,NATIVE_NO_CLOUD_COLUMN_AT_THRESHOLD,COARSE_LOW_CLOUD_NATIVE_NO_COLUMN_AT_THRESHOLD,OBSERVER_ENVIRONMENT_TIMELINE_ONLY_NO_PHYSICS_PROMOTION,False,False,False,False
2026-09-14 18:20:21.746064+08:00,2026-09-14 18:00:21.746064+08:00,20,5,POST_EVENT_DIAGNOSTIC,CORE_0_TO_MINUS6_TIME_RANGE,OPENMETEO_ROUTE_LINEAR_INTERPOLATION_EXISTING_CONTRACT,+5.0_0005,5.0,5.0,NEAR_OBSERVER_0_10KM,4.375617346666667,2.339373906666667,0.0,17994.958585866665,84.62438265333333,0.0,2026-09-14 18:20:10.816956+08:00,10.929108,NEAREST_EXISTING_NATIVE_SNAPSHOT_WITHIN_TOLERANCE,-4.5,,,,1.0,0.0,0.0,NATIVE_NO_CLOUD_COLUMN_AT_THRESHOLD,COARSE_LOW_CLOUD_NATIVE_NO_COLUMN_AT_THRESHOLD,OBSERVER_ENVIRONMENT_TIMELINE_ONLY_NO_PHYSICS_PROMOTION,False,False,False,False
2026-09-14 18:20:21.746064+08:00,2026-09-14 18:00:21.746064+08:00,20,5,POST_EVENT_DIAGNOSTIC,CORE_0_TO_MINUS6_TIME_RANGE,OPENMETEO_ROUTE_LINEAR_INTERPOLATION_EXISTING_CONTRACT,+5.0_0010,5.0,10.0,NEAR_OBSERVER_0_10KM,4.375617346666667,2.339373906666667,0.0,17994.958585866665,84.62438265333333,0.0,2026-09-14 18:20:10.816956+08:00,10.929108,NEAREST_EXISTING_NATIVE_SNAPSHOT_WITHIN_TOLERANCE,-4.5,,,,1.0,0.0,0.0,NATIVE_NO_CLOUD_COLUMN_AT_THRESHOLD,COARSE_LOW_CLOUD_NATIVE_NO_COLUMN_AT_THRESHOLD,OBSERVER_ENVIRONMENT_TIMELINE_ONLY_NO_PHYSICS_PROMOTION,False,False,False,False
2026-09-14 18:20:21.746064+08:00,2026-09-14 18:00:21.746064+08:00,20,5,POST_EVENT_DIAGNOSTIC,CORE_0_TO_MINUS6_TIME_RANGE,OPENMETEO_ROUTE_LINEAR_INTERPOLATION_EXISTING_CONTRACT,+5.0_0015,5.0,15.0,PRIMARY_GT10_40KM,3.01812172,0.0,0.0,16287.512346933334,88.66062609333333,0.0,2026-09-14 18:20:10.816956+08:00,10.929108,NEAREST_EXISTING_NATIVE_SNAPSHOT_WITHIN_TOLERANCE,-4.5,,,,1.0,0.0,0.0,NATIVE_NO_CLOUD_COLUMN_AT_THRESHOLD,COARSE_LOW_CLOUD_NATIVE_NO_COLUMN_AT_THRESHOLD,OBSERVER_ENVIRONMENT_TIMELINE_ONLY_NO_PHYSICS_PROMOTION,False,False,False,False
2026-09-14 18:20:21.746064+08:00,2026-09-14 18:00:21.746064+08:00,20,5,POST_EVENT_DIAGNOSTIC,CORE_0_TO_MINUS6_TIME_RANGE,OPENMETEO_ROUTE_LINEAR_INTERPOLATION_EXISTING_CONTRACT,+5.0_0020,5.0,20.0,PRIMARY_GT10_40KM,3.660626093333333,0.6606260933333333,0.0,16053.937390666666,87.67874781333333,0.0,2026-09-14 18:20:10.816956+08:00,10.929108,NEAREST_EXISTING_NATIVE_SNAPSHOT_WITHIN_TOLERANCE,-4.5,,,,1.0,0.0,0.0,NATIVE_NO_CLOUD_COLUMN_AT_THRESHOLD,COARSE_LOW_CLOUD_NATIVE_NO_COLUMN_AT_THRESHOLD,OBSERVER_ENVIRONMENT_TIMELINE_ONLY_NO_PHYSICS_PROMOTION,False,False,False,False
2026-09-14 18:20:21.746064+08:00,2026-09-14 18:00:21.746064+08:00,20,5,POST_EVENT_DIAGNOSTIC,CORE_0_TO_MINUS6_TIME_RANGE,OPENMETEO_ROUTE_LINEAR_INTERPOLATION_EXISTING_CONTRACT,+5.0_0025,5.0,25.0,PRIMARY_GT10_40KM,3.660626093333333,0.6606260933333333,0.0,16053.937390666666,87.67874781333333,0.0,2026-09-14 18:20:10.816956+08:00,10.929108,NEAREST_EXISTING_NATIVE_SNAPSHOT_WITHIN_TOLERANCE,-4.5,,,,1.0,0.0,0.0,NATIVE_NO_CLOUD_COLUMN_AT_THRESHOLD,COARSE_LOW_CLOUD_NATIVE_NO_COLUMN_AT_THRESHOLD,OBSERVER_ENVIRONMENT_TIMELINE_ONLY_NO_PHYSICS_PROMOTION,False,False,False,False
2026-09-14 18:20:21.746064+08:00,2026-09-14 18:00:21.746064+08:00,20,5,POST_EVENT_DIAGNOSTIC,CORE_0_TO_MINUS6_TIME_RANGE,OPENMETEO_ROUTE_LINEAR_INTERPOLATION_EXISTING_CONTRACT,+5.0_0030,5.0,30.0,PRIMARY_GT10_40KM,3.98187828,0.6606260933333333,0.0,16072.850087466666,88.0,0.0,2026-09-14 18:20:10.816956+08:00,10.929108,NEAREST_EXISTING_NATIVE_SNAPSHOT_WITHIN_TOLERANCE,-4.5,,,,1.0,0.0,0.0,NATIVE_NO_CLOUD_COLUMN_AT_THRESHOLD,COARSE_LOW_CLOUD_NATIVE_NO_COLUMN_AT_THRESHOLD,OBSERVER_ENVIRONMENT_TIMELINE_ONLY_NO_PHYSICS_PROMOTION,False,False,False,False
2026-09-14 18:20:21.746064+08:00,2026-09-14 18:00:21.746064+08:00,20,5,POST_EVENT_DIAGNOSTIC,CORE_0_TO_MINUS6_TIME_RANGE,OPENMETEO_ROUTE_LINEAR_INTERPOLATION_EXISTING_CONTRACT,+5.0_0035,5.0,35.0,PRIMARY_GT10_40KM,3.98187828,0.6606260933333333,0.0,16072.850087466666,88.0,0.0,2026-09-14 18:20:10.816956+08:00,10.929108,NEAREST_EXISTING_NATIVE_SNAPSHOT_WITHIN_TOLERANCE,-4.5,,,,1.0,0.0,0.0,NATIVE_NO_CLOUD_COLUMN_AT_THRESHOLD,COARSE_LOW_CLOUD_NATIVE_NO_COLUMN_AT_THRESHOLD,OBSERVER_ENVIRONMENT_TIMELINE_ONLY_NO_PHYSICS_PROMOTION,False,False,False,False
2026-09-14 18:20:21.746064+08:00,2026-09-14 18:00:21.746064+08:00,20,5,POST_EVENT_DIAGNOSTIC,CORE_0_TO_MINUS6_TIME_RANGE,OPENMETEO_ROUTE_LINEAR_INTERPOLATION_EXISTING_CONTRACT,+5.0_0040,5.0,40.0,PRIMARY_GT10_40KM,3.6425043733333333,0.6606260933333333,0.0,15076.836865866666,87.32125218666667,0.0,2026-09-14 18:20:10.816956+08:00,10.929108,NEAREST_EXISTING_NATIVE_SNAPSHOT_WITHIN_TOLERANCE,-4.5,,,,1.0,0.0,0.0,NATIVE_NO_CLOUD_COLUMN_AT_THRESHOLD,COARSE_LOW_CLOUD_NATIVE_NO_COLUMN_AT_THRESHOLD,OBSERVER_ENVIRONMENT_TIMELINE_ONLY_NO_PHYSICS_PROMOTION,False,False,False,False
2026-09-14 18:20:21.746064+08:00,2026-09-14 18:00:21.746064+08:00,20,5,POST_EVENT_DIAGNOSTIC,CORE_0_TO_MINUS6_TIME_RANGE,OPENMETEO_ROUTE_LINEAR_INTERPOLATION_EXISTING_CONTRACT,+5.0_0050,5.0,50.0,EXTENDED_GT40_100KM,22.194400146666666,0.6606260933333333,0.0,13729.522069866667,87.0,0.0,2026-09-14 18:20:10.816956+08:00,10.929108,NEAREST_EXISTING_NATIVE_SNAPSHOT_WITHIN_TOLERANCE,-4.5,,,,1.0,0.0,0.0,NATIVE_NO_CLOUD_COLUMN_AT_THRESHOLD,COARSE_LOW_CLOUD_NATIVE_NO_COLUMN_AT_THRESHOLD,OBSERVER_ENVIRONMENT_TIMELINE_ONLY_NO_PHYSICS_PROMOTION,False,False,False,False
2026-09-14 18:20:21.746064+08:00,2026-09-14 18:00:21.746064+08:00,20,5,POST_EVENT_DIAGNOSTIC,CORE_0_TO_MINUS6_TIME_RANGE,OPENMETEO_ROUTE_LINEAR_INTERPOLATION_EXISTING_CONTRACT,+5.0_0060,5.0,60.0,EXTENDED_GT40_100KM,42.92751312,0.6606260933333333,0.0,12650.774256533334,86.32125218666667,0.0,2026-09-14 18:20:10.816956+08:00,10.929108,NEAREST_EXISTING_NATIVE_SNAPSHOT_WITHIN_TOLERANCE,-4.5,,,,1.0,0.0,0.0,NATIVE_NO_CLOUD_COLUMN_AT_THRESHOLD,COARSE_LOW_CLOUD_NATIVE_NO_COLUMN_AT_THRESHOLD,OBSERVER_ENVIRONMENT_TIMELINE_ONLY_NO_PHYSICS_PROMOTION,False,False,False,False
2026-09-14 18:20:21.746064+08:00,2026-09-14 18:00:21.746064+08:00,20,5,POST_EVENT_DIAGNOSTIC,CORE_0_TO_MINUS6_TIME_RANGE,OPENMETEO_ROUTE_LINEAR_INTERPOLATION_EXISTING_CONTRACT,+5.0_0070,5.0,70.0,EXTENDED_GT40_100KM,53.588139213333335,1.0,0.0,12767.413571466666,87.32125218666667,0.0,2026-09-14 18:20:10.816956+08:00,10.929108,NEAREST_EXISTING_NATIVE_SNAPSHOT_WITHIN_TOLERANCE,-4.5,,,,1.0,0.0,0.0,NATIVE_NO_CLOUD_COLUMN_AT_THRESHOLD,COARSE_LOW_CLOUD_NATIVE_NO_COLUMN_AT_THRESHOLD,OBSERVER_ENVIRONMENT_TIMELINE_ONLY_NO_PHYSICS_PROMOTION,False,False,False,False
2026-09-14 18:20:21.746064+08:00,2026-09-14 18:00:21.746064+08:00,20,5,POST_EVENT_DIAGNOSTIC,CORE_0_TO_MINUS6_TIME_RANGE,OPENMETEO_ROUTE_LINEAR_INTERPOLATION_EXISTING_CONTRACT,+5.0_0080,5.0,80.0,EXTENDED_GT40_100KM,42.018121719999996,0.33937390666666667,0.0,13798.286603466666,87.32125218666667,0.0,2026-09-14 18:20:10.816956+08:00,10.929108,NEAREST_EXISTING_NATIVE_SNAPSHOT_WITHIN_TOLERANCE,-4.5,,,,1.0,0.0,0.0,NATIVE_NO_CLOUD_COLUMN_AT_THRESHOLD,COARSE_LOW_CLOUD_NATIVE_NO_COLUMN_AT_THRESHOLD,OBSERVER_ENVIRONMENT_TIMELINE_ONLY_NO_PHYSICS_PROMOTION,False,False,False,False
2026-09-14 18:20:21.746064+08:00,2026-09-14 18:00:21.746064+08:00,20,5,POST_EVENT_DIAGNOSTIC,CORE_0_TO_MINUS6_TIME_RANGE,OPENMETEO_ROUTE_LINEAR_INTERPOLATION_EXISTING_CONTRACT,+5.0_0090,5.0,90.0,EXTENDED_GT40_100KM,51.07248688,0.33937390666666667,0.0,12952.3888776,86.98187828,0.0,2026-09-14 18:20:10.816956+08:00,10.929108,NEAREST_EXISTING_NATIVE_SNAPSHOT_WITHIN_TOLERANCE,-4.5,,,,1.0,0.0,0.0,NATIVE_NO_CLOUD_COLUMN_AT_THRESHOLD,COARSE_LOW_CLOUD_NATIVE_NO_COLUMN_AT_THRESHOLD,OBSERVER_ENVIRONMENT_TIMELINE_ONLY_NO_PHYSICS_PROMOTION,False,False,False,False
2026-09-14 18:20:21.746064+08:00,2026-09-14 18:00:21.746064+08:00,20,5,POST_EVENT_DIAGNOSTIC,CORE_0_TO_MINUS6_TIME_RANGE,OPENMETEO_ROUTE_LINEAR_INTERPOLATION_EXISTING_CONTRACT,+5.0_0100,5.0,100.0,EXTENDED_GT40_100KM,41.14497376,0.33937390666666667,0.0,12967.776005866666,87.32125218666667,0.0,2026-09-14 18:20:10.816956+08:00,10.929108,NEAREST_EXISTING_NATIVE_SNAPSHOT_WITHIN_TOLERANCE,-4.5,,,,1.0,0.0,0.0,NATIVE_NO_CLOUD_COLUMN_AT_THRESHOLD,COARSE_LOW_CLOUD_NATIVE_NO_COLUMN_AT_THRESHOLD,OBSERVER_ENVIRONMENT_TIMELINE_ONLY_NO_PHYSICS_PROMOTION,False,False,False,False
2026-09-14 18:25:21.746064+08:00,2026-09-14 18:00:21.746064+08:00,25,5,POST_EVENT_DIAGNOSTIC,CORE_0_TO_MINUS6_TIME_RANGE,OPENMETEO_ROUTE_LINEAR_INTERPOLATION_EXISTING_CONTRACT,-5.0_0000,-5.0,0.0,NEAR_OBSERVER_0_10KM,4.95895068,2.42270724,0.0,18293.2919192,84.04104932,0.0,2026-09-14 18:24:35.628662+08:00,46.117402,NEAREST_EXISTING_NATIVE_SNAPSHOT_WITHIN_TOLERANCE,-5.5,,,,1.0,0.0,0.0,NATIVE_NO_CLOUD_COLUMN_AT_THRESHOLD,COARSE_LOW_CLOUD_NATIVE_NO_COLUMN_AT_THRESHOLD,OBSERVER_ENVIRONMENT_TIMELINE_ONLY_NO_PHYSICS_PROMOTION,False,False,False,False
2026-09-14 18:25:21.746064+08:00,2026-09-14 18:00:21.746064+08:00,25,5,POST_EVENT_DIAGNOSTIC,CORE_0_TO_MINUS6_TIME_RANGE,OPENMETEO_ROUTE_LINEAR_INTERPOLATION_EXISTING_CONTRACT,+0.0_0000,0.0,0.0,NEAR_OBSERVER_0_10KM,4.95895068,2.42270724,0.0,18293.2919192,84.04104932,0.0,2026-09-14 18:24:35.628662+08:00,46.117402,NEAREST_EXISTING_NATIVE_SNAPSHOT_WITHIN_TOLERANCE,-5.5,,,,1.0,0.0,0.0,NATIVE_NO_CLOUD_COLUMN_AT_THRESHOLD,COARSE_LOW_CLOUD_NATIVE_NO_COLUMN_AT_THRESHOLD,OBSERVER_ENVIRONMENT_TIMELINE_ONLY_NO_PHYSICS_PROMOTION,False,False,False,False
2026-09-14 18:25:21.746064+08:00,2026-09-14 18:00:21.746064+08:00,25,5,POST_EVENT_DIAGNOSTIC,CORE_0_TO_MINUS6_TIME_RANGE,OPENMETEO_ROUTE_LINEAR_INTERPOLATION_EXISTING_CONTRACT,+5.0_0000,5.0,0.0,NEAR_OBSERVER_0_10KM,4.95895068,2.42270724,0.0,18293.2919192,84.04104932,0.0,2026-09-14 18:24:35.628662+08:00,46.117402,NEAREST_EXISTING_NATIVE_SNAPSHOT_WITHIN_TOLERANCE,-5.5,,,,1.0,0.0,0.0,NATIVE_NO_CLOUD_COLUMN_AT_THRESHOLD,COARSE_LOW_CLOUD_NATIVE_NO_COLUMN_AT_THRESHOLD,OBSERVER_ENVIRONMENT_TIMELINE_ONLY_NO_PHYSICS_PROMOTION,False,False,False,False
2026-09-14 18:25:21.746064+08:00,2026-09-14 18:00:21.746064+08:00,25,5,POST_EVENT_DIAGNOSTIC,CORE_0_TO_MINUS6_TIME_RANGE,OPENMETEO_ROUTE_LINEAR_INTERPOLATION_EXISTING_CONTRACT,-5.0_0005,-5.0,5.0,NEAR_OBSERVER_0_10KM,4.95895068,2.42270724,0.0,18293.2919192,84.04104932,0.0,2026-09-14 18:24:35.628662+08:00,46.117402,NEAREST_EXISTING_NATIVE_SNAPSHOT_WITHIN_TOLERANCE,-5.5,,,,1.0,0.0,0.0,NATIVE_NO_CLOUD_COLUMN_AT_THRESHOLD,COARSE_LOW_CLOUD_NATIVE_NO_COLUMN_AT_THRESHOLD,OBSERVER_ENVIRONMENT_TIMELINE_ONLY_NO_PHYSICS_PROMOTION,False,False,False,False
2026-09-14 18:25:21.746064+08:00,2026-09-14 18:00:21.746064+08:00,25,5,POST_EVENT_DIAGNOSTIC,CORE_0_TO_MINUS6_TIME_RANGE,OPENMETEO_ROUTE_LINEAR_INTERPOLATION_EXISTING_CONTRACT,-5.0_0010,-5.0,10.0,NEAR_OBSERVER_0_10KM,2.69082896,3.26812172,0.0,19652.6111224,82.8864638,0.0,2026-09-14 18:24:35.628662+08:00,46.117402,NEAREST_EXISTING_NATIVE_SNAPSHOT_WITHIN_TOLERANCE,-5.5,,,,1.0,0.0,0.0,NATIVE_NO_CLOUD_COLUMN_AT_THRESHOLD,COARSE_LOW_CLOUD_NATIVE_NO_COLUMN_AT_THRESHOLD,OBSERVER_ENVIRONMENT_TIMELINE_ONLY_NO_PHYSICS_PROMOTION,False,False,False,False
2026-09-14 18:25:21.746064+08:00,2026-09-14 18:00:21.746064+08:00,25,5,POST_EVENT_DIAGNOSTIC,CORE_0_TO_MINUS6_TIME_RANGE,OPENMETEO_ROUTE_LINEAR_INTERPOLATION_EXISTING_CONTRACT,-5.0_0015,-5.0,15.0,PRIMARY_GT10_40KM,2.69082896,3.26812172,0.0,19652.6111224,82.8864638,0.0,2026-09-14 18:24:35.628662+08:00,46.117402,NEAREST_EXISTING_NATIVE_SNAPSHOT_WITHIN_TOLERANCE,-5.5,,,,1.0,0.0,0.0,NATIVE_NO_CLOUD_COLUMN_AT_THRESHOLD,COARSE_LOW_CLOUD_NATIVE_NO_COLUMN_AT_THRESHOLD,OBSERVER_ENVIRONMENT_TIMELINE_ONLY_NO_PHYSICS_PROMOTION,False,False,False,False
2026-09-14 18:25:21.746064+08:00,2026-09-14 18:00:21.746064+08:00,25,5,POST_EVENT_DIAGNOSTIC,CORE_0_TO_MINUS6_TIME_RANGE,OPENMETEO_ROUTE_LINEAR_INTERPOLATION_EXISTING_CONTRACT,-5.0_0020,-5.0,20.0,PRIMARY_GT10_40KM,2.0,0.42270724,0.0,16327.6331584,89.57729276,0.0,2026-09-14 18:24:35.628662+08:00,46.117402,NEAREST_EXISTING_NATIVE_SNAPSHOT_WITHIN_TOLERANCE,-5.5,,,,1.0,0.0,0.0,NATIVE_NO_CLOUD_COLUMN_AT_THRESHOLD,COARSE_LOW_CLOUD_NATIVE_NO_COLUMN_AT_THRESHOLD,OBSERVER_ENVIRONMENT_TIMELINE_ONLY_NO_PHYSICS_PROMOTION,False,False,False,False
2026-09-14 18:25:21.746064+08:00,2026-09-14 18:00:21.746064+08:00,25,5,POST_EVENT_DIAGNOSTIC,CORE_0_TO_MINUS6_TIME_RANGE,OPENMETEO_ROUTE_LINEAR_INTERPOLATION_EXISTING_CONTRACT,-5.0_0025,-5.0,25.0,PRIMARY_GT10_40KM,3.30917104,0.57729276,0.0,16125.3624344,88.42270724,0.0,2026-09-14 18:24:35.628662+08:00,46.117402,NEAREST_EXISTING_NATIVE_SNAPSHOT_WITHIN_TOLERANCE,-5.5,,,,1.0,0.0,0.0,NATIVE_NO_CLOUD_COLUMN_AT_THRESHOLD,COARSE_LOW_CLOUD_NATIVE_NO_COLUMN_AT_THRESHOLD,OBSERVER_ENVIRONMENT_TIMELINE_ONLY_NO_PHYSICS_PROMOTION,False,False,False,False
2026-09-14 18:25:21.746064+08:00,2026-09-14 18:00:21.746064+08:00,25,5,POST_EVENT_DIAGNOSTIC,CORE_0_TO_MINUS6_TIME_RANGE,OPENMETEO_ROUTE_LINEAR_INTERPOLATION_EXISTING_CONTRACT,-5.0_0030,-5.0,30.0,PRIMARY_GT10_40KM,3.30917104,0.57729276,0.0,16125.3624344,88.42270724,0.0,2026-09-14 18:24:35.628662+08:00,46.117402,NEAREST_EXISTING_NATIVE_SNAPSHOT_WITHIN_TOLERANCE,-5.5,,,,1.0,0.0,0.0,NATIVE_NO_CLOUD_COLUMN_AT_THRESHOLD,COARSE_LOW_CLOUD_NATIVE_NO_COLUMN_AT_THRESHOLD,OBSERVER_ENVIRONMENT_TIMELINE_ONLY_NO_PHYSICS_PROMOTION,False,False,False,False
2026-09-14 18:25:21.746064+08:00,2026-09-14 18:00:21.746064+08:00,25,5,POST_EVENT_DIAGNOSTIC,CORE_0_TO_MINUS6_TIME_RANGE,OPENMETEO_ROUTE_LINEAR_INTERPOLATION_EXISTING_CONTRACT,-5.0_0035,-5.0,35.0,PRIMARY_GT10_40KM,7.19563484,0.57729276,0.0,15969.9038824,87.57729276,0.0,2026-09-14 18:24:35.628662+08:00,46.117402,NEAREST_EXISTING_NATIVE_SNAPSHOT_WITHIN_TOLERANCE,-5.5,,,,1.0,0.0,0.0,NATIVE_NO_CLOUD_COLUMN_AT_THRESHOLD,COARSE_LOW_CLOUD_NATIVE_NO_COLUMN_AT_THRESHOLD,OBSERVER_ENVIRONMENT_TIMELINE_ONLY_NO_PHYSICS_PROMOTION,False,False,False,False
2026-09-14 18:25:21.746064+08:00,2026-09-14 18:00:21.746064+08:00,25,5,POST_EVENT_DIAGNOSTIC,CORE_0_TO_MINUS6_TIME_RANGE,OPENMETEO_ROUTE_LINEAR_INTERPOLATION_EXISTING_CONTRACT,-5.0_0040,-5.0,40.0,PRIMARY_GT10_40KM,7.19563484,0.57729276,0.0,15969.9038824,87.57729276,0.0,2026-09-14 18:24:35.628662+08:00,46.117402,NEAREST_EXISTING_NATIVE_SNAPSHOT_WITHIN_TOLERANCE,-5.5,,,,1.0,0.0,0.0,NATIVE_NO_CLOUD_COLUMN_AT_THRESHOLD,COARSE_LOW_CLOUD_NATIVE_NO_COLUMN_AT_THRESHOLD,OBSERVER_ENVIRONMENT_TIMELINE_ONLY_NO_PHYSICS_PROMOTION,False,False,False,False
2026-09-14 18:25:21.746064+08:00,2026-09-14 18:00:21.746064+08:00,25,5,POST_EVENT_DIAGNOSTIC,CORE_0_TO_MINUS6_TIME_RANGE,OPENMETEO_ROUTE_LINEAR_INTERPOLATION_EXISTING_CONTRACT,-5.0_0050,-5.0,50.0,EXTENDED_GT40_100KM,7.04104932,0.57729276,0.0,16156.7681,87.73187828,0.0,2026-09-14 18:24:35.628662+08:00,46.117402,NEAREST_EXISTING_NATIVE_SNAPSHOT_WITHIN_TOLERANCE,-5.5,,,,1.0,0.0,0.0,NATIVE_NO_CLOUD_COLUMN_AT_THRESHOLD,COARSE_LOW_CLOUD_NATIVE_NO_COLUMN_AT_THRESHOLD,OBSERVER_ENVIRONMENT_TIMELINE_ONLY_NO_PHYSICS_PROMOTION,False,False,False,False
2026-09-14 18:25:21.746064+08:00,2026-09-14 18:00:21.746064+08:00,25,5,POST_EVENT_DIAGNOSTIC,CORE_0_TO_MINUS6_TIME_RANGE,OPENMETEO_ROUTE_LINEAR_INTERPOLATION_EXISTING_CONTRACT,-5.0_0060,-5.0,60.0,EXTENDED_GT40_100KM,8.7729276,0.0,0.0,15006.6199368,88.15458552,0.0,2026-09-14 18:24:35.628662+08:00,46.117402,NEAREST_EXISTING_NATIVE_SNAPSHOT_WITHIN_TOLERANCE,-5.5,,,,1.0,0.0,0.0,NATIVE_NO_CLOUD_COLUMN_AT_THRESHOLD,COARSE_LOW_CLOUD_NATIVE_NO_COLUMN_AT_THRESHOLD,OBSERVER_ENVIRONMENT_TIMELINE_ONLY_NO_PHYSICS_PROMOTION,False,False,False,False
2026-09-14 18:25:21.746064+08:00,2026-09-14 18:00:21.746064+08:00,25,5,POST_EVENT_DIAGNOSTIC,CORE_0_TO_MINUS6_TIME_RANGE,OPENMETEO_ROUTE_LINEAR_INTERPOLATION_EXISTING_CONTRACT,-5.0_0070,-5.0,70.0,EXTENDED_GT40_100KM,17.082098639999998,0.42270724,0.0,14190.917104,87.57729276,0.0,2026-09-14 18:24:35.628662+08:00,46.117402,NEAREST_EXISTING_NATIVE_SNAPSHOT_WITHIN_TOLERANCE,-5.5,,,,1.0,0.0,0.0,NATIVE_NO_CLOUD_COLUMN_AT_THRESHOLD,COARSE_LOW_CLOUD_NATIVE_NO_COLUMN_AT_THRESHOLD,OBSERVER_ENVIRONMENT_TIMELINE_ONLY_NO_PHYSICS_PROMOTION,False,False,False,False
2026-09-14 18:25:21.746064+08:00,2026-09-14 18:00:21.746064+08:00,25,5,POST_EVENT_DIAGNOSTIC,CORE_0_TO_MINUS6_TIME_RANGE,OPENMETEO_ROUTE_LINEAR_INTERPOLATION_EXISTING_CONTRACT,-5.0_0080,-5.0,80.0,EXTENDED_GT40_100KM,35.340608599999996,0.42270724,0.0,14149.082896,87.15458552,0.0,2026-09-14 18:24:35.628662+08:00,46.117402,NEAREST_EXISTING_NATIVE_SNAPSHOT_WITHIN_TOLERANCE,-5.5,,,,1.0,0.0,0.0,NATIVE_NO_CLOUD_COLUMN_AT_THRESHOLD,COARSE_LOW_CLOUD_NATIVE_NO_COLUMN_AT_THRESHOLD,OBSERVER_ENVIRONMENT_TIMELINE_ONLY_NO_PHYSICS_PROMOTION,False,False,False,False
2026-09-14 18:25:21.746064+08:00,2026-09-14 18:00:21.746064+08:00,25,5,POST_EVENT_DIAGNOSTIC,CORE_0_TO_MINUS6_TIME_RANGE,OPENMETEO_ROUTE_LINEAR_INTERPOLATION_EXISTING_CONTRACT,-5.0_0090,-5.0,90.0,EXTENDED_GT40_100KM,34.99038824,0.0,0.0,13582.8474296,86.57729276,0.0,2026-09-14 18:24:35.628662+08:00,46.117402,NEAREST_EXISTING_NATIVE_SNAPSHOT_WITHIN_TOLERANCE,-5.5,,,,1.0,0.0,0.0,NATIVE_NO_CLOUD_COLUMN_AT_THRESHOLD,COARSE_LOW_CLOUD_NATIVE_NO_COLUMN_AT_THRESHOLD,OBSERVER_ENVIRONMENT_TIMELINE_ONLY_NO_PHYSICS_PROMOTION,False,False,False,False
2026-09-14 18:25:21.746064+08:00,2026-09-14 18:00:21.746064+08:00,25,5,POST_EVENT_DIAGNOSTIC,CORE_0_TO_MINUS6_TIME_RANGE,OPENMETEO_ROUTE_LINEAR_INTERPOLATION_EXISTING_CONTRACT,-5.0_0100,-5.0,100.0,EXTENDED_GT40_100KM,37.64977964,0.0,0.0,12933.3800632,86.42270724,0.0,2026-09-14 18:24:35.628662+08:00,46.117402,NEAREST_EXISTING_NATIVE_SNAPSHOT_WITHIN_TOLERANCE,-5.5,,,,1.0,0.0,0.0,NATIVE_NO_CLOUD_COLUMN_AT_THRESHOLD,COARSE_LOW_CLOUD_NATIVE_NO_COLUMN_AT_THRESHOLD,OBSERVER_ENVIRONMENT_TIMELINE_ONLY_NO_PHYSICS_PROMOTION,False,False,False,False
2026-09-14 18:25:21.746064+08:00,2026-09-14 18:00:21.746064+08:00,25,5,POST_EVENT_DIAGNOSTIC,CORE_0_TO_MINUS6_TIME_RANGE,OPENMETEO_ROUTE_LINEAR_INTERPOLATION_EXISTING_CONTRACT,+0.0_0005,0.0,5.0,NEAR_OBSERVER_0_10KM,4.95895068,2.42270724,0.0,18293.2919192,84.04104932,0.0,2026-09-14 18:24:35.628662+08:00,46.117402,NEAREST_EXISTING_NATIVE_SNAPSHOT_WITHIN_TOLERANCE,-5.5,,,,1.0,0.0,0.0,NATIVE_NO_CLOUD_COLUMN_AT_THRESHOLD,COARSE_LOW_CLOUD_NATIVE_NO_COLUMN_AT_THRESHOLD,OBSERVER_ENVIRONMENT_TIMELINE_ONLY_NO_PHYSICS_PROMOTION,False,False,False,False
2026-09-14 18:25:21.746064+08:00,2026-09-14 18:00:21.746064+08:00,25,5,POST_EVENT_DIAGNOSTIC,CORE_0_TO_MINUS6_TIME_RANGE,OPENMETEO_ROUTE_LINEAR_INTERPOLATION_EXISTING_CONTRACT,+0.0_0010,0.0,10.0,NEAR_OBSERVER_0_10KM,2.69082896,3.26812172,0.0,19652.6111224,82.8864638,0.0,2026-09-14 18:24:35.628662+08:00,46.117402,NEAREST_EXISTING_NATIVE_SNAPSHOT_WITHIN_TOLERANCE,-5.5,,,,1.0,0.0,0.0,NATIVE_NO_CLOUD_COLUMN_AT_THRESHOLD,COARSE_LOW_CLOUD_NATIVE_NO_COLUMN_AT_THRESHOLD,OBSERVER_ENVIRONMENT_TIMELINE_ONLY_NO_PHYSICS_PROMOTION,False,False,False,False
2026-09-14 18:25:21.746064+08:00,2026-09-14 18:00:21.746064+08:00,25,5,POST_EVENT_DIAGNOSTIC,CORE_0_TO_MINUS6_TIME_RANGE,OPENMETEO_ROUTE_LINEAR_INTERPOLATION_EXISTING_CONTRACT,+0.0_0015,0.0,15.0,PRIMARY_GT10_40KM,3.26812172,0.0,0.0,16299.1790136,88.57729276,0.0,2026-09-14 18:24:35.628662+08:00,46.117402,NEAREST_EXISTING_NATIVE_SNAPSHOT_WITHIN_TOLERANCE,-5.5,,,,1.0,0.0,0.0,NATIVE_NO_CLOUD_COLUMN_AT_THRESHOLD,COARSE_LOW_CLOUD_NATIVE_NO_COLUMN_AT_THRESHOLD,OBSERVER_ENVIRONMENT_TIMELINE_ONLY_NO_PHYSICS_PROMOTION,False,False,False,False
2026-09-14 18:25:21.746064+08:00,2026-09-14 18:00:21.746064+08:00,25,5,POST_EVENT_DIAGNOSTIC,CORE_0_TO_MINUS6_TIME_RANGE,OPENMETEO_ROUTE_LINEAR_INTERPOLATION_EXISTING_CONTRACT,+0.0_0020,0.0,20.0,PRIMARY_GT10_40KM,3.57729276,0.57729276,0.0,16062.270724,87.84541448,0.0,2026-09-14 18:24:35.628662+08:00,46.117402,NEAREST_EXISTING_NATIVE_SNAPSHOT_WITHIN_TOLERANCE,-5.5,,,,1.0,0.0,0.0,NATIVE_NO_CLOUD_COLUMN_AT_THRESHOLD,COARSE_LOW_CLOUD_NATIVE_NO_COLUMN_AT_THRESHOLD,OBSERVER_ENVIRONMENT_TIMELINE_ONLY_NO_PHYSICS_PROMOTION,False,False,False,False
2026-09-14 18:25:21.746064+08:00,2026-09-14 18:00:21.746064+08:00,25,5,POST_EVENT_DIAGNOSTIC,CORE_0_TO_MINUS6_TIME_RANGE,OPENMETEO_ROUTE_LINEAR_INTERPOLATION_EXISTING_CONTRACT,+0.0_0025,0.0,25.0,PRIMARY_GT10_40KM,3.57729276,0.57729276,0.0,16062.270724,87.84541448,0.0,2026-09-14 18:24:35.628662+08:00,46.117402,NEAREST_EXISTING_NATIVE_SNAPSHOT_WITHIN_TOLERANCE,-5.5,,,,1.0,0.0,0.0,NATIVE_NO_CLOUD_COLUMN_AT_THRESHOLD,COARSE_LOW_CLOUD_NATIVE_NO_COLUMN_AT_THRESHOLD,OBSERVER_ENVIRONMENT_TIMELINE_ONLY_NO_PHYSICS_PROMOTION,False,False,False,False
2026-09-14 18:25:21.746064+08:00,2026-09-14 18:00:21.746064+08:00,25,5,POST_EVENT_DIAGNOSTIC,CORE_0_TO_MINUS6_TIME_RANGE,OPENMETEO_ROUTE_LINEAR_INTERPOLATION_EXISTING_CONTRACT,+0.0_0030,0.0,30.0,PRIMARY_GT10_40KM,3.73187828,0.57729276,0.0,16066.1834208,88.0,0.0,2026-09-14 18:24:35.628662+08:00,46.117402,NEAREST_EXISTING_NATIVE_SNAPSHOT_WITHIN_TOLERANCE,-5.5,,,,1.0,0.0,0.0,NATIVE_NO_CLOUD_COLUMN_AT_THRESHOLD,COARSE_LOW_CLOUD_NATIVE_NO_COLUMN_AT_THRESHOLD,OBSERVER_ENVIRONMENT_TIMELINE_ONLY_NO_PHYSICS_PROMOTION,False,False,False,False
2026-09-14 18:25:21.746064+08:00,2026-09-14 18:00:21.746064+08:00,25,5,POST_EVENT_DIAGNOSTIC,CORE_0_TO_MINUS6_TIME_RANGE,OPENMETEO_ROUTE_LINEAR_INTERPOLATION_EXISTING_CONTRACT,+0.0_0035,0.0,35.0,PRIMARY_GT10_40KM,3.73187828,0.57729276,0.0,16066.1834208,88.0,0.0,2026-09-14 18:24:35.628662+08:00,46.117402,NEAREST_EXISTING_NATIVE_SNAPSHOT_WITHIN_TOLERANCE,-5.5,,,,1.0,0.0,0.0,NATIVE_NO_CLOUD_COLUMN_AT_THRESHOLD,COARSE_LOW_CLOUD_NATIVE_NO_COLUMN_AT_THRESHOLD,OBSERVER_ENVIRONMENT_TIMELINE_ONLY_NO_PHYSICS_PROMOTION,False,False,False,False
2026-09-14 18:25:21.746064+08:00,2026-09-14 18:00:21.746064+08:00,25,5,POST_EVENT_DIAGNOSTIC,CORE_0_TO_MINUS6_TIME_RANGE,OPENMETEO_ROUTE_LINEAR_INTERPOLATION_EXISTING_CONTRACT,+0.0_0040,0.0,40.0,PRIMARY_GT10_40KM,3.30917104,0.57729276,0.0,15125.1701992,87.15458552,0.0,2026-09-14 18:24:35.628662+08:00,46.117402,NEAREST_EXISTING_NATIVE_SNAPSHOT_WITHIN_TOLERANCE,-5.5,,,,1.0,0.0,0.0,NATIVE_NO_CLOUD_COLUMN_AT_THRESHOLD,COARSE_LOW_CLOUD_NATIVE_NO_COLUMN_AT_THRESHOLD,OBSERVER_ENVIRONMENT_TIMELINE_ONLY_NO_PHYSICS_PROMOTION,False,False,False,False
2026-09-14 18:25:21.746064+08:00,2026-09-14 18:00:21.746064+08:00,25,5,POST_EVENT_DIAGNOSTIC,CORE_0_TO_MINUS6_TIME_RANGE,OPENMETEO_ROUTE_LINEAR_INTERPOLATION_EXISTING_CONTRACT,+0.0_0050,0.0,50.0,EXTENDED_GT40_100KM,16.00961176,0.57729276,0.0,14599.4232944,87.57729276,0.0,2026-09-14 18:24:35.628662+08:00,46.117402,NEAREST_EXISTING_NATIVE_SNAPSHOT_WITHIN_TOLERANCE,-5.5,,,,1.0,0.0,0.0,NATIVE_NO_CLOUD_COLUMN_AT_THRESHOLD,COARSE_LOW_CLOUD_NATIVE_NO_COLUMN_AT_THRESHOLD,OBSERVER_ENVIRONMENT_TIMELINE_ONLY_NO_PHYSICS_PROMOTION,False,False,False,False
2026-09-14 18:25:21.746064+08:00,2026-09-14 18:00:21.746064+08:00,25,5,POST_EVENT_DIAGNOSTIC,CORE_0_TO_MINUS6_TIME_RANGE,OPENMETEO_ROUTE_LINEAR_INTERPOLATION_EXISTING_CONTRACT,+0.0_0060,0.0,60.0,EXTENDED_GT40_100KM,25.30917104,0.42270724,0.0,14064.1569776,87.15458552,0.0,2026-09-14 18:24:35.628662+08:00,46.117402,NEAREST_EXISTING_NATIVE_SNAPSHOT_WITHIN_TOLERANCE,-5.5,,,,1.0,0.0,0.0,NATIVE_NO_CLOUD_COLUMN_AT_THRESHOLD,COARSE_LOW_CLOUD_NATIVE_NO_COLUMN_AT_THRESHOLD,OBSERVER_ENVIRONMENT_TIMELINE_ONLY_NO_PHYSICS_PROMOTION,False,False,False,False
2026-09-14 18:25:21.746064+08:00,2026-09-14 18:00:21.746064+08:00,25,5,POST_EVENT_DIAGNOSTIC,CORE_0_TO_MINUS6_TIME_RANGE,OPENMETEO_ROUTE_LINEAR_INTERPOLATION_EXISTING_CONTRACT,+0.0_0070,0.0,70.0,EXTENDED_GT40_100KM,37.57729276,0.42270724,0.0,13601.6419728,87.15458552,0.0,2026-09-14 18:24:35.628662+08:00,46.117402,NEAREST_EXISTING_NATIVE_SNAPSHOT_WITHIN_TOLERANCE,-5.5,,,,1.0,0.0,0.0,NATIVE_NO_CLOUD_COLUMN_AT_THRESHOLD,COARSE_LOW_CLOUD_NATIVE_NO_COLUMN_AT_THRESHOLD,OBSERVER_ENVIRONMENT_TIMELINE_ONLY_NO_PHYSICS_PROMOTION,False,False,False,False
2026-09-14 18:25:21.746064+08:00,2026-09-14 18:00:21.746064+08:00,25,5,POST_EVENT_DIAGNOSTIC,CORE_0_TO_MINUS6_TIME_RANGE,OPENMETEO_ROUTE_LINEAR_INTERPOLATION_EXISTING_CONTRACT,+0.0_0080,0.0,80.0,EXTENDED_GT40_100KM,35.340608599999996,0.42270724,0.0,14149.082896,87.15458552,0.0,2026-09-14 18:24:35.628662+08:00,46.117402,NEAREST_EXISTING_NATIVE_SNAPSHOT_WITHIN_TOLERANCE,-5.5,,,,1.0,0.0,0.0,NATIVE_NO_CLOUD_COLUMN_AT_THRESHOLD,COARSE_LOW_CLOUD_NATIVE_NO_COLUMN_AT_THRESHOLD,OBSERVER_ENVIRONMENT_TIMELINE_ONLY_NO_PHYSICS_PROMOTION,False,False,False,False
2026-09-14 18:25:21.746064+08:00,2026-09-14 18:00:21.746064+08:00,25,5,POST_EVENT_DIAGNOSTIC,CORE_0_TO_MINUS6_TIME_RANGE,OPENMETEO_ROUTE_LINEAR_INTERPOLATION_EXISTING_CONTRACT,+0.0_0090,0.0,90.0,EXTENDED_GT40_100KM,40.485582359999995,0.42270724,0.0,14168.2619096,87.15458552,0.0,2026-09-14 18:24:35.628662+08:00,46.117402,NEAREST_EXISTING_NATIVE_SNAPSHOT_WITHIN_TOLERANCE,-5.5,,,,1.0,0.0,0.0,NATIVE_NO_CLOUD_COLUMN_AT_THRESHOLD,COARSE_LOW_CLOUD_NATIVE_NO_COLUMN_AT_THRESHOLD,OBSERVER_ENVIRONMENT_TIMELINE_ONLY_NO_PHYSICS_PROMOTION,False,False,False,False
2026-09-14 18:25:21.746064+08:00,2026-09-14 18:00:21.746064+08:00,25,5,POST_EVENT_DIAGNOSTIC,CORE_0_TO_MINUS6_TIME_RANGE,OPENMETEO_ROUTE_LINEAR_INTERPOLATION_EXISTING_CONTRACT,+0.0_0100,0.0,100.0,EXTENDED_GT40_100KM,33.75370408,0.0,0.0,13127.5811128,87.0,0.0,2026-09-14 18:24:35.628662+08:00,46.117402,NEAREST_EXISTING_NATIVE_SNAPSHOT_WITHIN_TOLERANCE,-5.5,,,,1.0,0.0,0.0,NATIVE_NO_CLOUD_COLUMN_AT_THRESHOLD,COARSE_LOW_CLOUD_NATIVE_NO_COLUMN_AT_THRESHOLD,OBSERVER_ENVIRONMENT_TIMELINE_ONLY_NO_PHYSICS_PROMOTION,False,False,False,False
2026-09-14 18:25:21.746064+08:00,2026-09-14 18:00:21.746064+08:00,25,5,POST_EVENT_DIAGNOSTIC,CORE_0_TO_MINUS6_TIME_RANGE,OPENMETEO_ROUTE_LINEAR_INTERPOLATION_EXISTING_CONTRACT,+5.0_0005,5.0,5.0,NEAR_OBSERVER_0_10KM,4.95895068,2.42270724,0.0,18293.2919192,84.04104932,0.0,2026-09-14 18:24:35.628662+08:00,46.117402,NEAREST_EXISTING_NATIVE_SNAPSHOT_WITHIN_TOLERANCE,-5.5,,,,1.0,0.0,0.0,NATIVE_NO_CLOUD_COLUMN_AT_THRESHOLD,COARSE_LOW_CLOUD_NATIVE_NO_COLUMN_AT_THRESHOLD,OBSERVER_ENVIRONMENT_TIMELINE_ONLY_NO_PHYSICS_PROMOTION,False,False,False,False
2026-09-14 18:25:21.746064+08:00,2026-09-14 18:00:21.746064+08:00,25,5,POST_EVENT_DIAGNOSTIC,CORE_0_TO_MINUS6_TIME_RANGE,OPENMETEO_ROUTE_LINEAR_INTERPOLATION_EXISTING_CONTRACT,+5.0_0010,5.0,10.0,NEAR_OBSERVER_0_10KM,4.95895068,2.42270724,0.0,18293.2919192,84.04104932,0.0,2026-09-14 18:24:35.628662+08:00,46.117402,NEAREST_EXISTING_NATIVE_SNAPSHOT_WITHIN_TOLERANCE,-5.5,,,,1.0,0.0,0.0,NATIVE_NO_CLOUD_COLUMN_AT_THRESHOLD,COARSE_LOW_CLOUD_NATIVE_NO_COLUMN_AT_THRESHOLD,OBSERVER_ENVIRONMENT_TIMELINE_ONLY_NO_PHYSICS_PROMOTION,False,False,False,False
2026-09-14 18:25:21.746064+08:00,2026-09-14 18:00:21.746064+08:00,25,5,POST_EVENT_DIAGNOSTIC,CORE_0_TO_MINUS6_TIME_RANGE,OPENMETEO_ROUTE_LINEAR_INTERPOLATION_EXISTING_CONTRACT,+5.0_0015,5.0,15.0,PRIMARY_GT10_40KM,3.26812172,0.0,0.0,16299.1790136,88.57729276,0.0,2026-09-14 18:24:35.628662+08:00,46.117402,NEAREST_EXISTING_NATIVE_SNAPSHOT_WITHIN_TOLERANCE,-5.5,,,,1.0,0.0,0.0,NATIVE_NO_CLOUD_COLUMN_AT_THRESHOLD,COARSE_LOW_CLOUD_NATIVE_NO_COLUMN_AT_THRESHOLD,OBSERVER_ENVIRONMENT_TIMELINE_ONLY_NO_PHYSICS_PROMOTION,False,False,False,False
2026-09-14 18:25:21.746064+08:00,2026-09-14 18:00:21.746064+08:00,25,5,POST_EVENT_DIAGNOSTIC,CORE_0_TO_MINUS6_TIME_RANGE,OPENMETEO_ROUTE_LINEAR_INTERPOLATION_EXISTING_CONTRACT,+5.0_0020,5.0,20.0,PRIMARY_GT10_40KM,3.57729276,0.57729276,0.0,16062.270724,87.84541448,0.0,2026-09-14 18:24:35.628662+08:00,46.117402,NEAREST_EXISTING_NATIVE_SNAPSHOT_WITHIN_TOLERANCE,-5.5,,,,1.0,0.0,0.0,NATIVE_NO_CLOUD_COLUMN_AT_THRESHOLD,COARSE_LOW_CLOUD_NATIVE_NO_COLUMN_AT_THRESHOLD,OBSERVER_ENVIRONMENT_TIMELINE_ONLY_NO_PHYSICS_PROMOTION,False,False,False,False
2026-09-14 18:25:21.746064+08:00,2026-09-14 18:00:21.746064+08:00,25,5,POST_EVENT_DIAGNOSTIC,CORE_0_TO_MINUS6_TIME_RANGE,OPENMETEO_ROUTE_LINEAR_INTERPOLATION_EXISTING_CONTRACT,+5.0_0025,5.0,25.0,PRIMARY_GT10_40KM,3.57729276,0.57729276,0.0,16062.270724,87.84541448,0.0,2026-09-14 18:24:35.628662+08:00,46.117402,NEAREST_EXISTING_NATIVE_SNAPSHOT_WITHIN_TOLERANCE,-5.5,,,,1.0,0.0,0.0,NATIVE_NO_CLOUD_COLUMN_AT_THRESHOLD,COARSE_LOW_CLOUD_NATIVE_NO_COLUMN_AT_THRESHOLD,OBSERVER_ENVIRONMENT_TIMELINE_ONLY_NO_PHYSICS_PROMOTION,False,False,False,False
2026-09-14 18:25:21.746064+08:00,2026-09-14 18:00:21.746064+08:00,25,5,POST_EVENT_DIAGNOSTIC,CORE_0_TO_MINUS6_TIME_RANGE,OPENMETEO_ROUTE_LINEAR_INTERPOLATION_EXISTING_CONTRACT,+5.0_0030,5.0,30.0,PRIMARY_GT10_40KM,3.73187828,0.57729276,0.0,16066.1834208,88.0,0.0,2026-09-14 18:24:35.628662+08:00,46.117402,NEAREST_EXISTING_NATIVE_SNAPSHOT_WITHIN_TOLERANCE,-5.5,,,,1.0,0.0,0.0,NATIVE_NO_CLOUD_COLUMN_AT_THRESHOLD,COARSE_LOW_CLOUD_NATIVE_NO_COLUMN_AT_THRESHOLD,OBSERVER_ENVIRONMENT_TIMELINE_ONLY_NO_PHYSICS_PROMOTION,False,False,False,False
2026-09-14 18:25:21.746064+08:00,2026-09-14 18:00:21.746064+08:00,25,5,POST_EVENT_DIAGNOSTIC,CORE_0_TO_MINUS6_TIME_RANGE,OPENMETEO_ROUTE_LINEAR_INTERPOLATION_EXISTING_CONTRACT,+5.0_0035,5.0,35.0,PRIMARY_GT10_40KM,3.73187828,0.57729276,0.0,16066.1834208,88.0,0.0,2026-09-14 18:24:35.628662+08:00,46.117402,NEAREST_EXISTING_NATIVE_SNAPSHOT_WITHIN_TOLERANCE,-5.5,,,,1.0,0.0,0.0,NATIVE_NO_CLOUD_COLUMN_AT_THRESHOLD,COARSE_LOW_CLOUD_NATIVE_NO_COLUMN_AT_THRESHOLD,OBSERVER_ENVIRONMENT_TIMELINE_ONLY_NO_PHYSICS_PROMOTION,False,False,False,False
2026-09-14 18:25:21.746064+08:00,2026-09-14 18:00:21.746064+08:00,25,5,POST_EVENT_DIAGNOSTIC,CORE_0_TO_MINUS6_TIME_RANGE,OPENMETEO_ROUTE_LINEAR_INTERPOLATION_EXISTING_CONTRACT,+5.0_0040,5.0,40.0,PRIMARY_GT10_40KM,3.30917104,0.57729276,0.0,15125.1701992,87.15458552,0.0,2026-09-14 18:24:35.628662+08:00,46.117402,NEAREST_EXISTING_NATIVE_SNAPSHOT_WITHIN_TOLERANCE,-5.5,,,,1.0,0.0,0.0,NATIVE_NO_CLOUD_COLUMN_AT_THRESHOLD,COARSE_LOW_CLOUD_NATIVE_NO_COLUMN_AT_THRESHOLD,OBSERVER_ENVIRONMENT_TIMELINE_ONLY_NO_PHYSICS_PROMOTION,False,False,False,False
2026-09-14 18:25:21.746064+08:00,2026-09-14 18:00:21.746064+08:00,25,5,POST_EVENT_DIAGNOSTIC,CORE_0_TO_MINUS6_TIME_RANGE,OPENMETEO_ROUTE_LINEAR_INTERPOLATION_EXISTING_CONTRACT,+5.0_0050,5.0,50.0,EXTENDED_GT40_100KM,20.277733480000002,0.57729276,0.0,13952.8554032,87.0,0.0,2026-09-14 18:24:35.628662+08:00,46.117402,NEAREST_EXISTING_NATIVE_SNAPSHOT_WITHIN_TOLERANCE,-5.5,,,,1.0,0.0,0.0,NATIVE_NO_CLOUD_COLUMN_AT_THRESHOLD,COARSE_LOW_CLOUD_NATIVE_NO_COLUMN_AT_THRESHOLD,OBSERVER_ENVIRONMENT_TIMELINE_ONLY_NO_PHYSICS_PROMOTION,False,False,False,False
2026-09-14 18:25:21.746064+08:00,2026-09-14 18:00:21.746064+08:00,25,5,POST_EVENT_DIAGNOSTIC,CORE_0_TO_MINUS6_TIME_RANGE,OPENMETEO_ROUTE_LINEAR_INTERPOLATION_EXISTING_CONTRACT,+5.0_0060,5.0,60.0,EXTENDED_GT40_100KM,41.92751312,0.57729276,0.0,12707.4409232,86.15458552,0.0,2026-09-14 18:24:35.628662+08:00,46.117402,NEAREST_EXISTING_NATIVE_SNAPSHOT_WITHIN_TOLERANCE,-5.5,,,,1.0,0.0,0.0,NATIVE_NO_CLOUD_COLUMN_AT_THRESHOLD,COARSE_LOW_CLOUD_NATIVE_NO_COLUMN_AT_THRESHOLD,OBSERVER_ENVIRONMENT_TIMELINE_ONLY_NO_PHYSICS_PROMOTION,False,False,False,False
2026-09-14 18:25:21.746064+08:00,2026-09-14 18:00:21.746064+08:00,25,5,POST_EVENT_DIAGNOSTIC,CORE_0_TO_MINUS6_TIME_RANGE,OPENMETEO_ROUTE_LINEAR_INTERPOLATION_EXISTING_CONTRACT,+5.0_0070,5.0,70.0,EXTENDED_GT40_100KM,52.50480588,1.0,0.0,12685.7469048,87.15458552,0.0,2026-09-14 18:24:35.628662+08:00,46.117402,NEAREST_EXISTING_NATIVE_SNAPSHOT_WITHIN_TOLERANCE,-5.5,,,,1.0,0.0,0.0,NATIVE_NO_CLOUD_COLUMN_AT_THRESHOLD,COARSE_LOW_CLOUD_NATIVE_NO_COLUMN_AT_THRESHOLD,OBSERVER_ENVIRONMENT_TIMELINE_ONLY_NO_PHYSICS_PROMOTION,False,False,False,False
2026-09-14 18:25:21.746064+08:00,2026-09-14 18:00:21.746064+08:00,25,5,POST_EVENT_DIAGNOSTIC,CORE_0_TO_MINUS6_TIME_RANGE,OPENMETEO_ROUTE_LINEAR_INTERPOLATION_EXISTING_CONTRACT,+5.0_0080,5.0,80.0,EXTENDED_GT40_100KM,42.268121719999996,0.42270724,0.0,13866.6199368,87.15458552,0.0,2026-09-14 18:24:35.628662+08:00,46.117402,NEAREST_EXISTING_NATIVE_SNAPSHOT_WITHIN_TOLERANCE,-5.5,,,,1.0,0.0,0.0,NATIVE_NO_CLOUD_COLUMN_AT_THRESHOLD,COARSE_LOW_CLOUD_NATIVE_NO_COLUMN_AT_THRESHOLD,OBSERVER_ENVIRONMENT_TIMELINE_ONLY_NO_PHYSICS_PROMOTION,False,False,False,False
2026-09-14 18:25:21.746064+08:00,2026-09-14 18:00:21.746064+08:00,25,5,POST_EVENT_DIAGNOSTIC,CORE_0_TO_MINUS6_TIME_RANGE,OPENMETEO_ROUTE_LINEAR_INTERPOLATION_EXISTING_CONTRACT,+5.0_0090,5.0,90.0,EXTENDED_GT40_100KM,52.07248688,0.42270724,0.0,12847.3888776,86.73187828,0.0,2026-09-14 18:24:35.628662+08:00,46.117402,NEAREST_EXISTING_NATIVE_SNAPSHOT_WITHIN_TOLERANCE,-5.5,,,,1.0,0.0,0.0,NATIVE_NO_CLOUD_COLUMN_AT_THRESHOLD,COARSE_LOW_CLOUD_NATIVE_NO_COLUMN_AT_THRESHOLD,OBSERVER_ENVIRONMENT_TIMELINE_ONLY_NO_PHYSICS_PROMOTION,False,False,False,False
2026-09-14 18:25:21.746064+08:00,2026-09-14 18:00:21.746064+08:00,25,5,POST_EVENT_DIAGNOSTIC,CORE_0_TO_MINUS6_TIME_RANGE,OPENMETEO_ROUTE_LINEAR_INTERPOLATION_EXISTING_CONTRACT,+5.0_0100,5.0,100.0,EXTENDED_GT40_100KM,43.14497376,0.42270724,0.0,12891.1093392,87.15458552,0.0,2026-09-14 18:24:35.628662+08:00,46.117402,NEAREST_EXISTING_NATIVE_SNAPSHOT_WITHIN_TOLERANCE,-5.5,,,,1.0,0.0,0.0,NATIVE_NO_CLOUD_COLUMN_AT_THRESHOLD,COARSE_LOW_CLOUD_NATIVE_NO_COLUMN_AT_THRESHOLD,OBSERVER_ENVIRONMENT_TIMELINE_ONLY_NO_PHYSICS_PROMOTION,False,False,False,False
2026-09-14 18:30:21.746064+08:00,2026-09-14 18:00:21.746064+08:00,30,5,POST_EVENT_DIAGNOSTIC,POST_MINUS6_DIAGNOSTIC_ONLY,OPENMETEO_ROUTE_LINEAR_INTERPOLATION_EXISTING_CONTRACT,-5.0_0000,-5.0,0.0,NEAR_OBSERVER_0_10KM,5.542284013333333,2.5060405733333333,0.0,18591.625252533333,83.45771598666667,0.0,,213.619424,NO_NATIVE_SAMPLE_WITHIN_TIME_TOLERANCE,,,,,,,,NATIVE_TIME_SAMPLE_UNAVAILABLE_FOR_TIMELINE,COARSE_LOW_CLOUD_NATIVE_TIME_UNMATCHED,OBSERVER_ENVIRONMENT_TIMELINE_ONLY_NO_PHYSICS_PROMOTION,False,False,False,False
2026-09-14 18:30:21.746064+08:00,2026-09-14 18:00:21.746064+08:00,30,5,POST_EVENT_DIAGNOSTIC,POST_MINUS6_DIAGNOSTIC_ONLY,OPENMETEO_ROUTE_LINEAR_INTERPOLATION_EXISTING_CONTRACT,+0.0_0000,0.0,0.0,NEAR_OBSERVER_0_10KM,5.542284013333333,2.5060405733333333,0.0,18591.625252533333,83.45771598666667,0.0,,213.619424,NO_NATIVE_SAMPLE_WITHIN_TIME_TOLERANCE,,,,,,,,NATIVE_TIME_SAMPLE_UNAVAILABLE_FOR_TIMELINE,COARSE_LOW_CLOUD_NATIVE_TIME_UNMATCHED,OBSERVER_ENVIRONMENT_TIMELINE_ONLY_NO_PHYSICS_PROMOTION,False,False,False,False
2026-09-14 18:30:21.746064+08:00,2026-09-14 18:00:21.746064+08:00,30,5,POST_EVENT_DIAGNOSTIC,POST_MINUS6_DIAGNOSTIC_ONLY,OPENMETEO_ROUTE_LINEAR_INTERPOLATION_EXISTING_CONTRACT,+5.0_0000,5.0,0.0,NEAR_OBSERVER_0_10KM,5.542284013333333,2.5060405733333333,0.0,18591.625252533333,83.45771598666667,0.0,,213.619424,NO_NATIVE_SAMPLE_WITHIN_TIME_TOLERANCE,,,,,,,,NATIVE_TIME_SAMPLE_UNAVAILABLE_FOR_TIMELINE,COARSE_LOW_CLOUD_NATIVE_TIME_UNMATCHED,OBSERVER_ENVIRONMENT_TIMELINE_ONLY_NO_PHYSICS_PROMOTION,False,False,False,False
2026-09-14 18:30:21.746064+08:00,2026-09-14 18:00:21.746064+08:00,30,5,POST_EVENT_DIAGNOSTIC,POST_MINUS6_DIAGNOSTIC_ONLY,OPENMETEO_ROUTE_LINEAR_INTERPOLATION_EXISTING_CONTRACT,-5.0_0005,-5.0,5.0,NEAR_OBSERVER_0_10KM,5.542284013333333,2.5060405733333333,0.0,18591.625252533333,83.45771598666667,0.0,,213.619424,NO_NATIVE_SAMPLE_WITHIN_TIME_TOLERANCE,,,,,,,,NATIVE_TIME_SAMPLE_UNAVAILABLE_FOR_TIMELINE,COARSE_LOW_CLOUD_NATIVE_TIME_UNMATCHED,OBSERVER_ENVIRONMENT_TIMELINE_ONLY_NO_PHYSICS_PROMOTION,False,False,False,False
2026-09-14 18:30:21.746064+08:00,2026-09-14 18:00:21.746064+08:00,30,5,POST_EVENT_DIAGNOSTIC,POST_MINUS6_DIAGNOSTIC_ONLY,OPENMETEO_ROUTE_LINEAR_INTERPOLATION_EXISTING_CONTRACT,-5.0_0010,-5.0,10.0,NEAR_OBSERVER_0_10KM,3.024162293333333,3.51812172,0.0,19757.6111224,82.46979713333333,0.0,,213.619424,NO_NATIVE_SAMPLE_WITHIN_TIME_TOLERANCE,,,,,,,,NATIVE_TIME_SAMPLE_UNAVAILABLE_FOR_TIMELINE,COARSE_LOW_CLOUD_NATIVE_TIME_UNMATCHED,OBSERVER_ENVIRONMENT_TIMELINE_ONLY_NO_PHYSICS_PROMOTION,False,False,False,False
2026-09-14 18:30:21.746064+08:00,2026-09-14 18:00:21.746064+08:00,30,5,POST_EVENT_DIAGNOSTIC,POST_MINUS6_DIAGNOSTIC_ONLY,OPENMETEO_ROUTE_LINEAR_INTERPOLATION_EXISTING_CONTRACT,-5.0_0015,-5.0,15.0,PRIMARY_GT10_40KM,3.024162293333333,3.51812172,0.0,19757.6111224,82.46979713333333,0.0,,213.619424,NO_NATIVE_SAMPLE_WITHIN_TIME_TOLERANCE,,,,,,,,NATIVE_TIME_SAMPLE_UNAVAILABLE_FOR_TIMELINE,COARSE_LOW_CLOUD_NATIVE_TIME_UNMATCHED,OBSERVER_ENVIRONMENT_TIMELINE_ONLY_NO_PHYSICS_PROMOTION,False,False,False,False
2026-09-14 18:30:21.746064+08:00,2026-09-14 18:00:21.746064+08:00,30,5,POST_EVENT_DIAGNOSTIC,POST_MINUS6_DIAGNOSTIC_ONLY,OPENMETEO_ROUTE_LINEAR_INTERPOLATION_EXISTING_CONTRACT,-5.0_0020,-5.0,20.0,PRIMARY_GT10_40KM,2.0,0.5060405733333333,0.0,16340.966491733334,89.49395942666666,0.0,,213.619424,NO_NATIVE_SAMPLE_WITHIN_TIME_TOLERANCE,,,,,,,,NATIVE_TIME_SAMPLE_UNAVAILABLE_FOR_TIMELINE,COARSE_LOW_CLOUD_NATIVE_TIME_UNMATCHED,OBSERVER_ENVIRONMENT_TIMELINE_ONLY_NO_PHYSICS_PROMOTION,False,False,False,False
2026-09-14 18:30:21.746064+08:00,2026-09-14 18:00:21.746064+08:00,30,5,POST_EVENT_DIAGNOSTIC,POST_MINUS6_DIAGNOSTIC_ONLY,OPENMETEO_ROUTE_LINEAR_INTERPOLATION_EXISTING_CONTRACT,-5.0_0025,-5.0,25.0,PRIMARY_GT10_40KM,2.975837706666667,0.4939594266666667,0.0,16130.3624344,88.50604057333334,0.0,,213.619424,NO_NATIVE_SAMPLE_WITHIN_TIME_TOLERANCE,,,,,,,,NATIVE_TIME_SAMPLE_UNAVAILABLE_FOR_TIMELINE,COARSE_LOW_CLOUD_NATIVE_TIME_UNMATCHED,OBSERVER_ENVIRONMENT_TIMELINE_ONLY_NO_PHYSICS_PROMOTION,False,False,False,False
2026-09-14 18:30:21.746064+08:00,2026-09-14 18:00:21.746064+08:00,30,5,POST_EVENT_DIAGNOSTIC,POST_MINUS6_DIAGNOSTIC_ONLY,OPENMETEO_ROUTE_LINEAR_INTERPOLATION_EXISTING_CONTRACT,-5.0_0030,-5.0,30.0,PRIMARY_GT10_40KM,2.975837706666667,0.4939594266666667,0.0,16130.3624344,88.50604057333334,0.0,,213.619424,NO_NATIVE_SAMPLE_WITHIN_TIME_TOLERANCE,,,,,,,,NATIVE_TIME_SAMPLE_UNAVAILABLE_FOR_TIMELINE,COARSE_LOW_CLOUD_NATIVE_TIME_UNMATCHED,OBSERVER_ENVIRONMENT_TIMELINE_ONLY_NO_PHYSICS_PROMOTION,False,False,False,False
2026-09-14 18:30:21.746064+08:00,2026-09-14 18:00:21.746064+08:00,30,5,POST_EVENT_DIAGNOSTIC,POST_MINUS6_DIAGNOSTIC_ONLY,OPENMETEO_ROUTE_LINEAR_INTERPOLATION_EXISTING_CONTRACT,-5.0_0035,-5.0,35.0,PRIMARY_GT10_40KM,6.44563484,0.4939594266666667,0.0,15991.570549066666,87.49395942666666,0.0,,213.619424,NO_NATIVE_SAMPLE_WITHIN_TIME_TOLERANCE,,,,,,,,NATIVE_TIME_SAMPLE_UNAVAILABLE_FOR_TIMELINE,COARSE_LOW_CLOUD_NATIVE_TIME_UNMATCHED,OBSERVER_ENVIRONMENT_TIMELINE_ONLY_NO_PHYSICS_PROMOTION,False,False,False,False
2026-09-14 18:30:21.746064+08:00,2026-09-14 18:00:21.746064+08:00,30,5,POST_EVENT_DIAGNOSTIC,POST_MINUS6_DIAGNOSTIC_ONLY,OPENMETEO_ROUTE_LINEAR_INTERPOLATION_EXISTING_CONTRACT,-5.0_0040,-5.0,40.0,PRIMARY_GT10_40KM,6.44563484,0.4939594266666667,0.0,15991.570549066666,87.49395942666666,0.0,,213.619424,NO_NATIVE_SAMPLE_WITHIN_TIME_TOLERANCE,,,,,,,,NATIVE_TIME_SAMPLE_UNAVAILABLE_FOR_TIMELINE,COARSE_LOW_CLOUD_NATIVE_TIME_UNMATCHED,OBSERVER_ENVIRONMENT_TIMELINE_ONLY_NO_PHYSICS_PROMOTION,False,False,False,False
2026-09-14 18:30:21.746064+08:00,2026-09-14 18:00:21.746064+08:00,30,5,POST_EVENT_DIAGNOSTIC,POST_MINUS6_DIAGNOSTIC_ONLY,OPENMETEO_ROUTE_LINEAR_INTERPOLATION_EXISTING_CONTRACT,-5.0_0050,-5.0,50.0,EXTENDED_GT40_100KM,6.457715986666667,0.4939594266666667,0.0,16365.101433333333,87.48187828,0.0,,213.619424,NO_NATIVE_SAMPLE_WITHIN_TIME_TOLERANCE,,,,,,,,NATIVE_TIME_SAMPLE_UNAVAILABLE_FOR_TIMELINE,COARSE_LOW_CLOUD_NATIVE_TIME_UNMATCHED,OBSERVER_ENVIRONMENT_TIMELINE_ONLY_NO_PHYSICS_PROMOTION,False,False,False,False
2026-09-14 18:30:21.746064+08:00,2026-09-14 18:00:21.746064+08:00,30,5,POST_EVENT_DIAGNOSTIC,POST_MINUS6_DIAGNOSTIC_ONLY,OPENMETEO_ROUTE_LINEAR_INTERPOLATION_EXISTING_CONTRACT,-5.0_0060,-5.0,60.0,EXTENDED_GT40_100KM,7.939594266666667,0.0,0.0,15074.953270133334,87.98791885333333,0.0,,213.619424,NO_NATIVE_SAMPLE_WITHIN_TIME_TOLERANCE,,,,,,,,NATIVE_TIME_SAMPLE_UNAVAILABLE_FOR_TIMELINE,COARSE_LOW_CLOUD_NATIVE_TIME_UNMATCHED,OBSERVER_ENVIRONMENT_TIMELINE_ONLY_NO_PHYSICS_PROMOTION,False,False,False,False
2026-09-14 18:30:21.746064+08:00,2026-09-14 18:00:21.746064+08:00,30,5,POST_EVENT_DIAGNOSTIC,POST_MINUS6_DIAGNOSTIC_ONLY,OPENMETEO_ROUTE_LINEAR_INTERPOLATION_EXISTING_CONTRACT,-5.0_0070,-5.0,70.0,EXTENDED_GT40_100KM,15.915431973333334,0.5060405733333333,0.0,14157.583770666666,87.49395942666666,0.0,,213.619424,NO_NATIVE_SAMPLE_WITHIN_TIME_TOLERANCE,,,,,,,,NATIVE_TIME_SAMPLE_UNAVAILABLE_FOR_TIMELINE,COARSE_LOW_CLOUD_NATIVE_TIME_UNMATCHED,OBSERVER_ENVIRONMENT_TIMELINE_ONLY_NO_PHYSICS_PROMOTION,False,False,False,False
2026-09-14 18:30:21.746064+08:00,2026-09-14 18:00:21.746064+08:00,30,5,POST_EVENT_DIAGNOSTIC,POST_MINUS6_DIAGNOSTIC_ONLY,OPENMETEO_ROUTE_LINEAR_INTERPOLATION_EXISTING_CONTRACT,-5.0_0080,-5.0,80.0,EXTENDED_GT40_100KM,36.590608599999996,0.5060405733333333,0.0,14182.416229333334,86.98791885333333,0.0,,213.619424,NO_NATIVE_SAMPLE_WITHIN_TIME_TOLERANCE,,,,,,,,NATIVE_TIME_SAMPLE_UNAVAILABLE_FOR_TIMELINE,COARSE_LOW_CLOUD_NATIVE_TIME_UNMATCHED,OBSERVER_ENVIRONMENT_TIMELINE_ONLY_NO_PHYSICS_PROMOTION,False,False,False,False
2026-09-14 18:30:21.746064+08:00,2026-09-14 18:00:21.746064+08:00,30,5,POST_EVENT_DIAGNOSTIC,POST_MINUS6_DIAGNOSTIC_ONLY,OPENMETEO_ROUTE_LINEAR_INTERPOLATION_EXISTING_CONTRACT,-5.0_0090,-5.0,90.0,EXTENDED_GT40_100KM,37.157054906666666,0.0,0.0,13461.180762933334,86.49395942666666,0.0,,213.619424,NO_NATIVE_SAMPLE_WITHIN_TIME_TOLERANCE,,,,,,,,NATIVE_TIME_SAMPLE_UNAVAILABLE_FOR_TIMELINE,COARSE_LOW_CLOUD_NATIVE_TIME_UNMATCHED,OBSERVER_ENVIRONMENT_TIMELINE_ONLY_NO_PHYSICS_PROMOTION,False,False,False,False
2026-09-14 18:30:21.746064+08:00,2026-09-14 18:00:21.746064+08:00,30,5,POST_EVENT_DIAGNOSTIC,POST_MINUS6_DIAGNOSTIC_ONLY,OPENMETEO_ROUTE_LINEAR_INTERPOLATION_EXISTING_CONTRACT,-5.0_0100,-5.0,100.0,EXTENDED_GT40_100KM,38.56644630666666,0.0,0.0,12865.046729866666,86.50604057333334,0.0,,213.619424,NO_NATIVE_SAMPLE_WITHIN_TIME_TOLERANCE,,,,,,,,NATIVE_TIME_SAMPLE_UNAVAILABLE_FOR_TIMELINE,COARSE_LOW_CLOUD_NATIVE_TIME_UNMATCHED,OBSERVER_ENVIRONMENT_TIMELINE_ONLY_NO_PHYSICS_PROMOTION,False,False,False,False
2026-09-14 18:30:21.746064+08:00,2026-09-14 18:00:21.746064+08:00,30,5,POST_EVENT_DIAGNOSTIC,POST_MINUS6_DIAGNOSTIC_ONLY,OPENMETEO_ROUTE_LINEAR_INTERPOLATION_EXISTING_CONTRACT,+0.0_0005,0.0,5.0,NEAR_OBSERVER_0_10KM,5.542284013333333,2.5060405733333333,0.0,18591.625252533333,83.45771598666667,0.0,,213.619424,NO_NATIVE_SAMPLE_WITHIN_TIME_TOLERANCE,,,,,,,,NATIVE_TIME_SAMPLE_UNAVAILABLE_FOR_TIMELINE,COARSE_LOW_CLOUD_NATIVE_TIME_UNMATCHED,OBSERVER_ENVIRONMENT_TIMELINE_ONLY_NO_PHYSICS_PROMOTION,False,False,False,False
2026-09-14 18:30:21.746064+08:00,2026-09-14 18:00:21.746064+08:00,30,5,POST_EVENT_DIAGNOSTIC,POST_MINUS6_DIAGNOSTIC_ONLY,OPENMETEO_ROUTE_LINEAR_INTERPOLATION_EXISTING_CONTRACT,+0.0_0010,0.0,10.0,NEAR_OBSERVER_0_10KM,3.024162293333333,3.51812172,0.0,19757.6111224,82.46979713333333,0.0,,213.619424,NO_NATIVE_SAMPLE_WITHIN_TIME_TOLERANCE,,,,,,,,NATIVE_TIME_SAMPLE_UNAVAILABLE_FOR_TIMELINE,COARSE_LOW_CLOUD_NATIVE_TIME_UNMATCHED,OBSERVER_ENVIRONMENT_TIMELINE_ONLY_NO_PHYSICS_PROMOTION,False,False,False,False
2026-09-14 18:30:21.746064+08:00,2026-09-14 18:00:21.746064+08:00,30,5,POST_EVENT_DIAGNOSTIC,POST_MINUS6_DIAGNOSTIC_ONLY,OPENMETEO_ROUTE_LINEAR_INTERPOLATION_EXISTING_CONTRACT,+0.0_0015,0.0,15.0,PRIMARY_GT10_40KM,3.51812172,0.0,0.0,16310.845680266666,88.49395942666666,0.0,,213.619424,NO_NATIVE_SAMPLE_WITHIN_TIME_TOLERANCE,,,,,,,,NATIVE_TIME_SAMPLE_UNAVAILABLE_FOR_TIMELINE,COARSE_LOW_CLOUD_NATIVE_TIME_UNMATCHED,OBSERVER_ENVIRONMENT_TIMELINE_ONLY_NO_PHYSICS_PROMOTION,False,False,False,False
2026-09-14 18:30:21.746064+08:00,2026-09-14 18:00:21.746064+08:00,30,5,POST_EVENT_DIAGNOSTIC,POST_MINUS6_DIAGNOSTIC_ONLY,OPENMETEO_ROUTE_LINEAR_INTERPOLATION_EXISTING_CONTRACT,+0.0_0020,0.0,20.0,PRIMARY_GT10_40KM,3.4939594266666667,0.4939594266666667,0.0,16070.604057333334,88.01208114666667,0.0,,213.619424,NO_NATIVE_SAMPLE_WITHIN_TIME_TOLERANCE,,,,,,,,NATIVE_TIME_SAMPLE_UNAVAILABLE_FOR_TIMELINE,COARSE_LOW_CLOUD_NATIVE_TIME_UNMATCHED,OBSERVER_ENVIRONMENT_TIMELINE_ONLY_NO_PHYSICS_PROMOTION,False,False,False,False
2026-09-14 18:30:21.746064+08:00,2026-09-14 18:00:21.746064+08:00,30,5,POST_EVENT_DIAGNOSTIC,POST_MINUS6_DIAGNOSTIC_ONLY,OPENMETEO_ROUTE_LINEAR_INTERPOLATION_EXISTING_CONTRACT,+0.0_0025,0.0,25.0,PRIMARY_GT10_40KM,3.4939594266666667,0.4939594266666667,0.0,16070.604057333334,88.01208114666667,0.0,,213.619424,NO_NATIVE_SAMPLE_WITHIN_TIME_TOLERANCE,,,,,,,,NATIVE_TIME_SAMPLE_UNAVAILABLE_FOR_TIMELINE,COARSE_LOW_CLOUD_NATIVE_TIME_UNMATCHED,OBSERVER_ENVIRONMENT_TIMELINE_ONLY_NO_PHYSICS_PROMOTION,False,False,False,False
2026-09-14 18:30:21.746064+08:00,2026-09-14 18:00:21.746064+08:00,30,5,POST_EVENT_DIAGNOSTIC,POST_MINUS6_DIAGNOSTIC_ONLY,OPENMETEO_ROUTE_LINEAR_INTERPOLATION_EXISTING_CONTRACT,+0.0_0030,0.0,30.0,PRIMARY_GT10_40KM,3.48187828,0.4939594266666667,0.0,16059.516754133334,88.0,0.0,,213.619424,NO_NATIVE_SAMPLE_WITHIN_TIME_TOLERANCE,,,,,,,,NATIVE_TIME_SAMPLE_UNAVAILABLE_FOR_TIMELINE,COARSE_LOW_CLOUD_NATIVE_TIME_UNMATCHED,OBSERVER_ENVIRONMENT_TIMELINE_ONLY_NO_PHYSICS_PROMOTION,False,False,False,False
2026-09-14 18:30:21.746064+08:00,2026-09-14 18:00:21.746064+08:00,30,5,POST_EVENT_DIAGNOSTIC,POST_MINUS6_DIAGNOSTIC_ONLY,OPENMETEO_ROUTE_LINEAR_INTERPOLATION_EXISTING_CONTRACT,+0.0_0035,0.0,35.0,PRIMARY_GT10_40KM,3.48187828,0.4939594266666667,0.0,16059.516754133334,88.0,0.0,,213.619424,NO_NATIVE_SAMPLE_WITHIN_TIME_TOLERANCE,,,,,,,,NATIVE_TIME_SAMPLE_UNAVAILABLE_FOR_TIMELINE,COARSE_LOW_CLOUD_NATIVE_TIME_UNMATCHED,OBSERVER_ENVIRONMENT_TIMELINE_ONLY_NO_PHYSICS_PROMOTION,False,False,False,False
2026-09-14 18:30:21.746064+08:00,2026-09-14 18:00:21.746064+08:00,30,5,POST_EVENT_DIAGNOSTIC,POST_MINUS6_DIAGNOSTIC_ONLY,OPENMETEO_ROUTE_LINEAR_INTERPOLATION_EXISTING_CONTRACT,+0.0_0040,0.0,40.0,PRIMARY_GT10_40KM,2.975837706666667,0.4939594266666667,0.0,15173.503532533334,86.98791885333333,0.0,,213.619424,NO_NATIVE_SAMPLE_WITHIN_TIME_TOLERANCE,,,,,,,,NATIVE_TIME_SAMPLE_UNAVAILABLE_FOR_TIMELINE,COARSE_LOW_CLOUD_NATIVE_TIME_UNMATCHED,OBSERVER_ENVIRONMENT_TIMELINE_ONLY_NO_PHYSICS_PROMOTION,False,False,False,False
2026-09-14 18:30:21.746064+08:00,2026-09-14 18:00:21.746064+08:00,30,5,POST_EVENT_DIAGNOSTIC,POST_MINUS6_DIAGNOSTIC_ONLY,OPENMETEO_ROUTE_LINEAR_INTERPOLATION_EXISTING_CONTRACT,+0.0_0050,0.0,50.0,EXTENDED_GT40_100KM,13.842945093333334,0.4939594266666667,0.0,14729.4232944,87.49395942666666,0.0,,213.619424,NO_NATIVE_SAMPLE_WITHIN_TIME_TOLERANCE,,,,,,,,NATIVE_TIME_SAMPLE_UNAVAILABLE_FOR_TIMELINE,COARSE_LOW_CLOUD_NATIVE_TIME_UNMATCHED,OBSERVER_ENVIRONMENT_TIMELINE_ONLY_NO_PHYSICS_PROMOTION,False,False,False,False
2026-09-14 18:30:21.746064+08:00,2026-09-14 18:00:21.746064+08:00,30,5,POST_EVENT_DIAGNOSTIC,POST_MINUS6_DIAGNOSTIC_ONLY,OPENMETEO_ROUTE_LINEAR_INTERPOLATION_EXISTING_CONTRACT,+0.0_0060,0.0,60.0,EXTENDED_GT40_100KM,24.975837706666667,0.5060405733333333,0.0,14167.490310933334,86.98791885333333,0.0,,213.619424,NO_NATIVE_SAMPLE_WITHIN_TIME_TOLERANCE,,,,,,,,NATIVE_TIME_SAMPLE_UNAVAILABLE_FOR_TIMELINE,COARSE_LOW_CLOUD_NATIVE_TIME_UNMATCHED,OBSERVER_ENVIRONMENT_TIMELINE_ONLY_NO_PHYSICS_PROMOTION,False,False,False,False
2026-09-14 18:30:21.746064+08:00,2026-09-14 18:00:21.746064+08:00,30,5,POST_EVENT_DIAGNOSTIC,POST_MINUS6_DIAGNOSTIC_ONLY,OPENMETEO_ROUTE_LINEAR_INTERPOLATION_EXISTING_CONTRACT,+0.0_0070,0.0,70.0,EXTENDED_GT40_100KM,37.49395942666666,0.5060405733333333,0.0,13578.308639466666,86.98791885333333,0.0,,213.619424,NO_NATIVE_SAMPLE_WITHIN_TIME_TOLERANCE,,,,,,,,NATIVE_TIME_SAMPLE_UNAVAILABLE_FOR_TIMELINE,COARSE_LOW_CLOUD_NATIVE_TIME_UNMATCHED,OBSERVER_ENVIRONMENT_TIMELINE_ONLY_NO_PHYSICS_PROMOTION,False,False,False,False
2026-09-14 18:30:21.746064+08:00,2026-09-14 18:00:21.746064+08:00,30,5,POST_EVENT_DIAGNOSTIC,POST_MINUS6_DIAGNOSTIC_ONLY,OPENMETEO_ROUTE_LINEAR_INTERPOLATION_EXISTING_CONTRACT,+0.0_0080,0.0,80.0,EXTENDED_GT40_100KM,36.590608599999996,0.5060405733333333,0.0,14182.416229333334,86.98791885333333,0.0,,213.619424,NO_NATIVE_SAMPLE_WITHIN_TIME_TOLERANCE,,,,,,,,NATIVE_TIME_SAMPLE_UNAVAILABLE_FOR_TIMELINE,COARSE_LOW_CLOUD_NATIVE_TIME_UNMATCHED,OBSERVER_ENVIRONMENT_TIMELINE_ONLY_NO_PHYSICS_PROMOTION,False,False,False,False
2026-09-14 18:30:21.746064+08:00,2026-09-14 18:00:21.746064+08:00,30,5,POST_EVENT_DIAGNOSTIC,POST_MINUS6_DIAGNOSTIC_ONLY,OPENMETEO_ROUTE_LINEAR_INTERPOLATION_EXISTING_CONTRACT,+0.0_0090,0.0,90.0,EXTENDED_GT40_100KM,43.735582359999995,0.5060405733333333,0.0,14213.2619096,86.98791885333333,0.0,,213.619424,NO_NATIVE_SAMPLE_WITHIN_TIME_TOLERANCE,,,,,,,,NATIVE_TIME_SAMPLE_UNAVAILABLE_FOR_TIMELINE,COARSE_LOW_CLOUD_NATIVE_TIME_UNMATCHED,OBSERVER_ENVIRONMENT_TIMELINE_ONLY_NO_PHYSICS_PROMOTION,False,False,False,False
2026-09-14 18:30:21.746064+08:00,2026-09-14 18:00:21.746064+08:00,30,5,POST_EVENT_DIAGNOSTIC,POST_MINUS6_DIAGNOSTIC_ONLY,OPENMETEO_ROUTE_LINEAR_INTERPOLATION_EXISTING_CONTRACT,+0.0_0100,0.0,100.0,EXTENDED_GT40_100KM,37.25370408,0.0,0.0,12979.247779466667,87.0,0.0,,213.619424,NO_NATIVE_SAMPLE_WITHIN_TIME_TOLERANCE,,,,,,,,NATIVE_TIME_SAMPLE_UNAVAILABLE_FOR_TIMELINE,COARSE_LOW_CLOUD_NATIVE_TIME_UNMATCHED,OBSERVER_ENVIRONMENT_TIMELINE_ONLY_NO_PHYSICS_PROMOTION,False,False,False,False
2026-09-14 18:30:21.746064+08:00,2026-09-14 18:00:21.746064+08:00,30,5,POST_EVENT_DIAGNOSTIC,POST_MINUS6_DIAGNOSTIC_ONLY,OPENMETEO_ROUTE_LINEAR_INTERPOLATION_EXISTING_CONTRACT,+5.0_0005,5.0,5.0,NEAR_OBSERVER_0_10KM,5.542284013333333,2.5060405733333333,0.0,18591.625252533333,83.45771598666667,0.0,,213.619424,NO_NATIVE_SAMPLE_WITHIN_TIME_TOLERANCE,,,,,,,,NATIVE_TIME_SAMPLE_UNAVAILABLE_FOR_TIMELINE,COARSE_LOW_CLOUD_NATIVE_TIME_UNMATCHED,OBSERVER_ENVIRONMENT_TIMELINE_ONLY_NO_PHYSICS_PROMOTION,False,False,False,False
2026-09-14 18:30:21.746064+08:00,2026-09-14 18:00:21.746064+08:00,30,5,POST_EVENT_DIAGNOSTIC,POST_MINUS6_DIAGNOSTIC_ONLY,OPENMETEO_ROUTE_LINEAR_INTERPOLATION_EXISTING_CONTRACT,+5.0_0010,5.0,10.0,NEAR_OBSERVER_0_10KM,5.542284013333333,2.5060405733333333,0.0,18591.625252533333,83.45771598666667,0.0,,213.619424,NO_NATIVE_SAMPLE_WITHIN_TIME_TOLERANCE,,,,,,,,NATIVE_TIME_SAMPLE_UNAVAILABLE_FOR_TIMELINE,COARSE_LOW_CLOUD_NATIVE_TIME_UNMATCHED,OBSERVER_ENVIRONMENT_TIMELINE_ONLY_NO_PHYSICS_PROMOTION,False,False,False,False
2026-09-14 18:30:21.746064+08:00,2026-09-14 18:00:21.746064+08:00,30,5,POST_EVENT_DIAGNOSTIC,POST_MINUS6_DIAGNOSTIC_ONLY,OPENMETEO_ROUTE_LINEAR_INTERPOLATION_EXISTING_CONTRACT,+5.0_0015,5.0,15.0,PRIMARY_GT10_40KM,3.51812172,0.0,0.0,16310.845680266666,88.49395942666666,0.0,,213.619424,NO_NATIVE_SAMPLE_WITHIN_TIME_TOLERANCE,,,,,,,,NATIVE_TIME_SAMPLE_UNAVAILABLE_FOR_TIMELINE,COARSE_LOW_CLOUD_NATIVE_TIME_UNMATCHED,OBSERVER_ENVIRONMENT_TIMELINE_ONLY_NO_PHYSICS_PROMOTION,False,False,False,False
2026-09-14 18:30:21.746064+08:00,2026-09-14 18:00:21.746064+08:00,30,5,POST_EVENT_DIAGNOSTIC,POST_MINUS6_DIAGNOSTIC_ONLY,OPENMETEO_ROUTE_LINEAR_INTERPOLATION_EXISTING_CONTRACT,+5.0_0020,5.0,20.0,PRIMARY_GT10_40KM,3.4939594266666667,0.4939594266666667,0.0,16070.604057333334,88.01208114666667,0.0,,213.619424,NO_NATIVE_SAMPLE_WITHIN_TIME_TOLERANCE,,,,,,,,NATIVE_TIME_SAMPLE_UNAVAILABLE_FOR_TIMELINE,COARSE_LOW_CLOUD_NATIVE_TIME_UNMATCHED,OBSERVER_ENVIRONMENT_TIMELINE_ONLY_NO_PHYSICS_PROMOTION,False,False,False,False
2026-09-14 18:30:21.746064+08:00,2026-09-14 18:00:21.746064+08:00,30,5,POST_EVENT_DIAGNOSTIC,POST_MINUS6_DIAGNOSTIC_ONLY,OPENMETEO_ROUTE_LINEAR_INTERPOLATION_EXISTING_CONTRACT,+5.0_0025,5.0,25.0,PRIMARY_GT10_40KM,3.4939594266666667,0.4939594266666667,0.0,16070.604057333334,88.01208114666667,0.0,,213.619424,NO_NATIVE_SAMPLE_WITHIN_TIME_TOLERANCE,,,,,,,,NATIVE_TIME_SAMPLE_UNAVAILABLE_FOR_TIMELINE,COARSE_LOW_CLOUD_NATIVE_TIME_UNMATCHED,OBSERVER_ENVIRONMENT_TIMELINE_ONLY_NO_PHYSICS_PROMOTION,False,False,False,False
2026-09-14 18:30:21.746064+08:00,2026-09-14 18:00:21.746064+08:00,30,5,POST_EVENT_DIAGNOSTIC,POST_MINUS6_DIAGNOSTIC_ONLY,OPENMETEO_ROUTE_LINEAR_INTERPOLATION_EXISTING_CONTRACT,+5.0_0030,5.0,30.0,PRIMARY_GT10_40KM,3.48187828,0.4939594266666667,0.0,16059.516754133334,88.0,0.0,,213.619424,NO_NATIVE_SAMPLE_WITHIN_TIME_TOLERANCE,,,,,,,,NATIVE_TIME_SAMPLE_UNAVAILABLE_FOR_TIMELINE,COARSE_LOW_CLOUD_NATIVE_TIME_UNMATCHED,OBSERVER_ENVIRONMENT_TIMELINE_ONLY_NO_PHYSICS_PROMOTION,False,False,False,False
2026-09-14 18:30:21.746064+08:00,2026-09-14 18:00:21.746064+08:00,30,5,POST_EVENT_DIAGNOSTIC,POST_MINUS6_DIAGNOSTIC_ONLY,OPENMETEO_ROUTE_LINEAR_INTERPOLATION_EXISTING_CONTRACT,+5.0_0035,5.0,35.0,PRIMARY_GT10_40KM,3.48187828,0.4939594266666667,0.0,16059.516754133334,88.0,0.0,,213.619424,NO_NATIVE_SAMPLE_WITHIN_TIME_TOLERANCE,,,,,,,,NATIVE_TIME_SAMPLE_UNAVAILABLE_FOR_TIMELINE,COARSE_LOW_CLOUD_NATIVE_TIME_UNMATCHED,OBSERVER_ENVIRONMENT_TIMELINE_ONLY_NO_PHYSICS_PROMOTION,False,False,False,False
2026-09-14 18:30:21.746064+08:00,2026-09-14 18:00:21.746064+08:00,30,5,POST_EVENT_DIAGNOSTIC,POST_MINUS6_DIAGNOSTIC_ONLY,OPENMETEO_ROUTE_LINEAR_INTERPOLATION_EXISTING_CONTRACT,+5.0_0040,5.0,40.0,PRIMARY_GT10_40KM,2.975837706666667,0.4939594266666667,0.0,15173.503532533334,86.98791885333333,0.0,,213.619424,NO_NATIVE_SAMPLE_WITHIN_TIME_TOLERANCE,,,,,,,,NATIVE_TIME_SAMPLE_UNAVAILABLE_FOR_TIMELINE,COARSE_LOW_CLOUD_NATIVE_TIME_UNMATCHED,OBSERVER_ENVIRONMENT_TIMELINE_ONLY_NO_PHYSICS_PROMOTION,False,False,False,False
2026-09-14 18:30:21.746064+08:00,2026-09-14 18:00:21.746064+08:00,30,5,POST_EVENT_DIAGNOSTIC,POST_MINUS6_DIAGNOSTIC_ONLY,OPENMETEO_ROUTE_LINEAR_INTERPOLATION_EXISTING_CONTRACT,+5.0_0050,5.0,50.0,EXTENDED_GT40_100KM,18.361066813333334,0.4939594266666667,0.0,14176.188736533333,87.0,0.0,,213.619424,NO_NATIVE_SAMPLE_WITHIN_TIME_TOLERANCE,,,,,,,,NATIVE_TIME_SAMPLE_UNAVAILABLE_FOR_TIMELINE,COARSE_LOW_CLOUD_NATIVE_TIME_UNMATCHED,OBSERVER_ENVIRONMENT_TIMELINE_ONLY_NO_PHYSICS_PROMOTION,False,False,False,False
2026-09-14 18:30:21.746064+08:00,2026-09-14 18:00:21.746064+08:00,30,5,POST_EVENT_DIAGNOSTIC,POST_MINUS6_DIAGNOSTIC_ONLY,OPENMETEO_ROUTE_LINEAR_INTERPOLATION_EXISTING_CONTRACT,+5.0_0060,5.0,60.0,EXTENDED_GT40_100KM,40.92751312,0.4939594266666667,0.0,12764.107589866666,85.98791885333333,0.0,,213.619424,NO_NATIVE_SAMPLE_WITHIN_TIME_TOLERANCE,,,,,,,,NATIVE_TIME_SAMPLE_UNAVAILABLE_FOR_TIMELINE,COARSE_LOW_CLOUD_NATIVE_TIME_UNMATCHED,OBSERVER_ENVIRONMENT_TIMELINE_ONLY_NO_PHYSICS_PROMOTION,False,False,False,False
2026-09-14 18:30:21.746064+08:00,2026-09-14 18:00:21.746064+08:00,30,5,POST_EVENT_DIAGNOSTIC,POST_MINUS6_DIAGNOSTIC_ONLY,OPENMETEO_ROUTE_LINEAR_INTERPOLATION_EXISTING_CONTRACT,+5.0_0070,5.0,70.0,EXTENDED_GT40_100KM,51.421472546666664,1.0,0.0,12604.080238133334,86.98791885333333,0.0,,213.619424,NO_NATIVE_SAMPLE_WITHIN_TIME_TOLERANCE,,,,,,,,NATIVE_TIME_SAMPLE_UNAVAILABLE_FOR_TIMELINE,COARSE_LOW_CLOUD_NATIVE_TIME_UNMATCHED,OBSERVER_ENVIRONMENT_TIMELINE_ONLY_NO_PHYSICS_PROMOTION,False,False,False,False
2026-09-14 18:30:21.746064+08:00,2026-09-14 18:00:21.746064+08:00,30,5,POST_EVENT_DIAGNOSTIC,POST_MINUS6_DIAGNOSTIC_ONLY,OPENMETEO_ROUTE_LINEAR_INTERPOLATION_EXISTING_CONTRACT,+5.0_0080,5.0,80.0,EXTENDED_GT40_100KM,42.518121719999996,0.5060405733333333,0.0,13934.953270133334,86.98791885333333,0.0,,213.619424,NO_NATIVE_SAMPLE_WITHIN_TIME_TOLERANCE,,,,,,,,NATIVE_TIME_SAMPLE_UNAVAILABLE_FOR_TIMELINE,COARSE_LOW_CLOUD_NATIVE_TIME_UNMATCHED,OBSERVER_ENVIRONMENT_TIMELINE_ONLY_NO_PHYSICS_PROMOTION,False,False,False,False
2026-09-14 18:30:21.746064+08:00,2026-09-14 18:00:21.746064+08:00,30,5,POST_EVENT_DIAGNOSTIC,POST_MINUS6_DIAGNOSTIC_ONLY,OPENMETEO_ROUTE_LINEAR_INTERPOLATION_EXISTING_CONTRACT,+5.0_0090,5.0,90.0,EXTENDED_GT40_100KM,53.07248688,0.5060405733333333,0.0,12742.3888776,86.48187828,0.0,,213.619424,NO_NATIVE_SAMPLE_WITHIN_TIME_TOLERANCE,,,,,,,,NATIVE_TIME_SAMPLE_UNAVAILABLE_FOR_TIMELINE,COARSE_LOW_CLOUD_NATIVE_TIME_UNMATCHED,OBSERVER_ENVIRONMENT_TIMELINE_ONLY_NO_PHYSICS_PROMOTION,False,False,False,False
2026-09-14 18:30:21.746064+08:00,2026-09-14 18:00:21.746064+08:00,30,5,POST_EVENT_DIAGNOSTIC,POST_MINUS6_DIAGNOSTIC_ONLY,OPENMETEO_ROUTE_LINEAR_INTERPOLATION_EXISTING_CONTRACT,+5.0_0100,5.0,100.0,EXTENDED_GT40_100KM,45.14497376,0.5060405733333333,0.0,12814.442672533334,86.98791885333333,0.0,,213.619424,NO_NATIVE_SAMPLE_WITHIN_TIME_TOLERANCE,,,,,,,,NATIVE_TIME_SAMPLE_UNAVAILABLE_FOR_TIMELINE,COARSE_LOW_CLOUD_NATIVE_TIME_UNMATCHED,OBSERVER_ENVIRONMENT_TIMELINE_ONLY_NO_PHYSICS_PROMOTION,False,False,False,False
